source_row,selection_id,View,Channel,begin_time,end_time,low_freq,high_freq,stable_id,source_stem,audio_duration_s,syllable_duration_s,frequency_box_valid,source_file
1,1,Spectrogram 1,1,1.809972491,2.179845951,0.0,13155.5,b2b93b21f98c0065a71c,guanyinya_2023-06-14-birdnet-13_09_41_01,21.133145833333334,0.36987346,True,audio/analysis_clips/guanyinya_2023-06-14-birdnet-13_09_41_01.wav
2,2,Spectrogram 1,1,0.107241417,0.210105634,394.7,10392.8,8d4381f35fb3ab24298b,guanyinya_2023-06-14-birdnet-13_09_41_01,21.133145833333334,0.102864217,True,audio/analysis_clips/guanyinya_2023-06-14-birdnet-13_09_41_01.wav
3,3,Spectrogram 1,1,0.418022667,0.564658891,723.6,14668.4,69cdba8e7158aa30a56a,guanyinya_2023-06-14-birdnet-13_09_41_01,21.133145833333334,0.1466362239999999,True,audio/analysis_clips/guanyinya_2023-06-14-birdnet-13_09_41_01.wav
4,4,Spectrogram 1,1,0.768198724,0.901703345,789.3,14405.2,af7ebcb06f76c1ced87f,guanyinya_2023-06-14-birdnet-13_09_41_01,21.133145833333334,0.133504621,True,audio/analysis_clips/guanyinya_2023-06-14-birdnet-13_09_41_01.wav
5,5,Spectrogram 1,1,1.122751981,1.273765405,0.0,13944.8,cce56bc072e57ab30020,guanyinya_2023-06-14-birdnet-13_09_41_01,21.133145833333334,0.151013424,True,audio/analysis_clips/guanyinya_2023-06-14-birdnet-13_09_41_01.wav
6,6,Spectrogram 1,1,1.451042033,1.580169454,1776.0,13352.8,56ffb2cbb9e4644c06f9,guanyinya_2023-06-14-birdnet-13_09_41_01,21.133145833333334,0.1291274209999999,True,audio/analysis_clips/guanyinya_2023-06-14-birdnet-13_09_41_01.wav
7,7,Spectrogram 1,1,2.398705986,2.530022007,1184.0,13352.8,b40c3a7ff14a3ac1f4c2,guanyinya_2023-06-14-birdnet-13_09_41_01,21.133145833333334,0.1313160209999999,True,audio/analysis_clips/guanyinya_2023-06-14-birdnet-13_09_41_01.wav
8,8,Spectrogram 1,1,2.762013644,2.873632262,263.1,13418.6,642b2c47bd5de14db0f9,guanyinya_2023-06-14-birdnet-13_09_41_01,21.133145833333334,0.111618618,True,audio/analysis_clips/guanyinya_2023-06-14-birdnet-13_09_41_01.wav
9,9,Spectrogram 1,1,3.055286092,3.182224912,723.6,12695.0,9091d04e3c9344727d0d,guanyinya_2023-06-14-birdnet-13_09_41_01,21.133145833333334,0.1269388200000003,True,audio/analysis_clips/guanyinya_2023-06-14-birdnet-13_09_41_01.wav
10,10,Spectrogram 1,1,3.451422755,3.569607174,1118.2,12234.6,cb933da6e765afed67fa,guanyinya_2023-06-14-birdnet-13_09_41_01,21.133145833333334,0.1181844190000003,True,audio/analysis_clips/guanyinya_2023-06-14-birdnet-13_09_41_01.wav
11,11,Spectrogram 1,1,3.79284441,3.959178037,592.0,9340.4,d4b59b8995fbe16feddd,guanyinya_2023-06-14-birdnet-13_09_41_01,21.133145833333334,0.1663336270000002,True,audio/analysis_clips/guanyinya_2023-06-14-birdnet-13_09_41_01.wav
12,12,Spectrogram 1,1,4.175849472,4.302788292,2302.2,10590.2,fa0b82ce9cc9567efab8,guanyinya_2023-06-14-birdnet-13_09_41_01,21.133145833333334,0.1269388199999994,True,audio/analysis_clips/guanyinya_2023-06-14-birdnet-13_09_41_01.wav
13,13,Spectrogram 1,1,4.521648327,4.66390735,1184.0,11379.5,0f1114ac5b89e98deb3a,guanyinya_2023-06-14-birdnet-13_09_41_01,21.133145833333334,0.1422590229999993,True,audio/analysis_clips/guanyinya_2023-06-14-birdnet-13_09_41_01.wav
14,14,Spectrogram 1,1,4.852126981,5.016272007,263.1,12760.8,d836026785538c9056b0,guanyinya_2023-06-14-birdnet-13_09_41_01,21.133145833333334,0.1641450260000008,True,audio/analysis_clips/guanyinya_2023-06-14-birdnet-13_09_41_01.wav
15,15,Spectrogram 1,1,5.151965233,5.283281254,1118.2,14207.9,e60ff50c26535c196c09,guanyinya_2023-06-14-birdnet-13_09_41_01,21.133145833333334,0.1313160209999999,True,audio/analysis_clips/guanyinya_2023-06-14-birdnet-13_09_41_01.wav
16,16,Spectrogram 1,1,5.528404493,5.690360919,460.4,13615.9,633fcfb8b5acde606906,guanyinya_2023-06-14-birdnet-13_09_41_01,21.133145833333334,0.1619564259999997,True,audio/analysis_clips/guanyinya_2023-06-14-birdnet-13_09_41_01.wav
17,17,Spectrogram 1,1,5.869826148,6.029593974,723.6,13747.5,ae1c56a1fe70cba7e64a,guanyinya_2023-06-14-birdnet-13_09_41_01,21.133145833333334,0.1597678260000004,True,audio/analysis_clips/guanyinya_2023-06-14-birdnet-13_09_41_01.wav
18,18,Spectrogram 1,1,6.653345074,6.832810303,592.0,14339.5,d277f77634cc4bde89ed,guanyinya_2023-06-14-birdnet-13_09_41_01,21.133145833333334,0.1794652289999998,True,audio/analysis_clips/guanyinya_2023-06-14-birdnet-13_09_41_01.wav
19,19,Spectrogram 1,1,6.134646791,6.427919238,197.3,15326.1,5a1356dc24248c5a02ea,guanyinya_2023-06-14-birdnet-13_09_41_01,21.133145833333334,0.2932724470000005,True,audio/analysis_clips/guanyinya_2023-06-14-birdnet-13_09_41_01.wav
20,20,Spectrogram 1,1,6.953183322,7.099819546,592.0,14339.5,57e0055f394ce67fd9ee,guanyinya_2023-06-14-birdnet-13_09_41_01,21.133145833333334,0.1466362239999998,True,audio/analysis_clips/guanyinya_2023-06-14-birdnet-13_09_41_01.wav
21,21,Spectrogram 1,1,7.294604977,7.463127204,197.3,14536.8,c28ce14a7fade0b433d9,guanyinya_2023-06-14-birdnet-13_09_41_01,21.133145833333334,0.1685222270000004,True,audio/analysis_clips/guanyinya_2023-06-14-birdnet-13_09_41_01.wav
22,22,Spectrogram 1,1,7.660101236,7.887715673,394.7,15457.7,5919fc6ae8d7d9c59c4b,guanyinya_2023-06-14-birdnet-13_09_41_01,21.133145833333334,0.2276144369999997,True,audio/analysis_clips/guanyinya_2023-06-14-birdnet-13_09_41_01.wav
23,23,Spectrogram 1,1,8.067180902,8.226948727,986.7,14799.9,8df7a309b94522fd3fdc,guanyinya_2023-06-14-birdnet-13_09_41_01,21.133145833333334,0.1597678249999994,True,audio/analysis_clips/guanyinya_2023-06-14-birdnet-13_09_41_01.wav
24,24,Spectrogram 1,1,8.426111359,8.599010787,197.3,13747.5,9a496cc630e2e3dc0463,guanyinya_2023-06-14-birdnet-13_09_41_01,21.133145833333334,0.1728994279999991,True,audio/analysis_clips/guanyinya_2023-06-14-birdnet-13_09_41_01.wav
25,25,Spectrogram 1,1,8.682177601,8.828813824,1184.0,14865.7,164823186e3d362c60ed,guanyinya_2023-06-14-birdnet-13_09_41_01,21.133145833333334,0.1466362229999998,True,audio/analysis_clips/guanyinya_2023-06-14-birdnet-13_09_41_01.wav
26,26,Spectrogram 1,1,8.938243842,9.087068666,131.6,15391.9,e2ad645e20c26de30fb8,guanyinya_2023-06-14-birdnet-13_09_41_01,21.133145833333334,0.148824824,True,audio/analysis_clips/guanyinya_2023-06-14-birdnet-13_09_41_01.wav
27,27,Spectrogram 1,1,9.253402284,9.548863331,0.0,13813.2,ce1bff82b2370388fc61,guanyinya_2023-06-14-birdnet-13_09_41_01,21.133145833333334,0.2954610469999998,True,audio/analysis_clips/guanyinya_2023-06-14-birdnet-13_09_41_01.wav
28,28,Spectrogram 1,1,9.677990752,9.846512979,657.8,15128.8,ac75574947efa4dabf98,guanyinya_2023-06-14-birdnet-13_09_41_01,21.133145833333334,0.1685222270000004,True,audio/analysis_clips/guanyinya_2023-06-14-birdnet-13_09_41_01.wav
29,29,Spectrogram 1,1,10.150728428,10.341136659,394.7,12760.8,33052d47bf5314feacf4,guanyinya_2023-06-14-birdnet-13_09_41_01,21.133145833333334,0.1904082309999992,True,audio/analysis_clips/guanyinya_2023-06-14-birdnet-13_09_41_01.wav
30,30,Spectrogram 1,1,10.41117187,10.651917909,526.2,14734.1,ef508962f70af02c504e,guanyinya_2023-06-14-birdnet-13_09_41_01,21.133145833333334,0.2407460389999993,True,audio/analysis_clips/guanyinya_2023-06-14-birdnet-13_09_41_01.wav
31,31,Spectrogram 1,1,10.956133645,11.120278671,0.0,15786.6,37d2b533a8e02209711a,guanyinya_2023-06-14-birdnet-13_09_41_01,21.133145833333334,0.1641450259999999,True,audio/analysis_clips/guanyinya_2023-06-14-birdnet-13_09_41_01.wav
32,32,Spectrogram 1,1,11.231897289,11.409173917,1644.4,14931.5,5e6777e141678f73ad1c,guanyinya_2023-06-14-birdnet-13_09_41_01,21.133145833333334,0.1772766279999995,True,audio/analysis_clips/guanyinya_2023-06-14-birdnet-13_09_41_01.wav
33,33,Spectrogram 1,1,11.61052515,11.991341611,0.0,14536.8,62dad7f52b9724eb155f,guanyinya_2023-06-14-birdnet-13_09_41_01,21.133145833333334,0.3808164609999984,True,audio/analysis_clips/guanyinya_2023-06-14-birdnet-13_09_41_01.wav
34,34,Spectrogram 1,1,12.214578847,12.391855476,328.9,13615.9,7aa3f9fc7ca953fa441d,guanyinya_2023-06-14-birdnet-13_09_41_01,21.133145833333334,0.1772766289999996,True,audio/analysis_clips/guanyinya_2023-06-14-birdnet-13_09_41_01.wav
35,36,Spectrogram 1,1,12.485965291,12.619469912,1184.0,14799.9,9a07d4d35dd1f2fba003,guanyinya_2023-06-14-birdnet-13_09_41_01,21.133145833333334,0.1335046210000001,True,audio/analysis_clips/guanyinya_2023-06-14-birdnet-13_09_41_01.wav
36,37,Spectrogram 1,1,12.79018074,12.936816963,197.3,14207.9,e4b338094f7d38766ce1,guanyinya_2023-06-14-birdnet-13_09_41_01,21.133145833333334,0.1466362229999998,True,audio/analysis_clips/guanyinya_2023-06-14-birdnet-13_09_41_01.wav
37,38,Spectrogram 1,1,13.085641787,13.459892447,263.1,13287.0,fe5bd1ac1027531d0adb,guanyinya_2023-06-14-birdnet-13_09_41_01,21.133145833333334,0.3742506599999995,True,audio/analysis_clips/guanyinya_2023-06-14-birdnet-13_09_41_01.wav
38,39,Spectrogram 1,1,13.564945268,13.860406315,0.0,13615.9,5522ec56242dca55d258,guanyinya_2023-06-14-birdnet-13_09_41_01,21.133145833333334,0.2954610469999998,True,audio/analysis_clips/guanyinya_2023-06-14-birdnet-13_09_41_01.wav
39,40,Spectrogram 1,1,14.160244564,14.344086993,0.0,13681.7,babbeee5f7ac3d8a08b1,guanyinya_2023-06-14-birdnet-13_09_41_01,21.133145833333334,0.1838424290000002,True,audio/analysis_clips/guanyinya_2023-06-14-birdnet-13_09_41_01.wav
40,41,Spectrogram 1,1,14.429442407,14.576078631,394.7,15589.2,c9dcd7c8d5a8b47461c2,guanyinya_2023-06-14-birdnet-13_09_41_01,21.133145833333334,0.1466362239999998,True,audio/analysis_clips/guanyinya_2023-06-14-birdnet-13_09_41_01.wav
41,42,Spectrogram 1,1,14.803693067,15.053193246,460.4,13681.7,61f3748c65db92fabd80,guanyinya_2023-06-14-birdnet-13_09_41_01,21.133145833333334,0.249500179,True,audio/analysis_clips/guanyinya_2023-06-14-birdnet-13_09_41_01.wav
42,43,Spectrogram 1,1,15.094776653,15.458084312,0.0,14734.1,f08da90aaf9cfca7b4eb,guanyinya_2023-06-14-birdnet-13_09_41_01,21.133145833333334,0.3633076590000001,True,audio/analysis_clips/guanyinya_2023-06-14-birdnet-13_09_41_01.wav
43,45,Spectrogram 1,1,15.57408013,15.722904954,65.8,14536.8,40994e547a57ce6150db,guanyinya_2023-06-14-birdnet-13_09_41_01,21.133145833333334,0.148824824,True,audio/analysis_clips/guanyinya_2023-06-14-birdnet-13_09_41_01.wav
44,46,Spectrogram 1,1,15.867352577,16.221906502,920.9,14799.9,52f15073bb8a5a6a4563,guanyinya_2023-06-14-birdnet-13_09_41_01,21.133145833333334,0.3545539249999994,True,audio/analysis_clips/guanyinya_2023-06-14-birdnet-13_09_41_01.wav
45,47,Spectrogram 1,1,16.309449848,16.482349276,526.2,13484.4,5a0e8ad64a9eee514a4b,guanyinya_2023-06-14-birdnet-13_09_41_01,21.133145833333334,0.1728994280000009,True,audio/analysis_clips/guanyinya_2023-06-14-birdnet-13_09_41_01.wav
46,48,Spectrogram 1,1,16.539252885,16.834713933,0.0,13944.8,314c7e5753bb373c1a7e,guanyinya_2023-06-14-birdnet-13_09_41_01,21.133145833333334,0.2954610479999999,True,audio/analysis_clips/guanyinya_2023-06-14-birdnet-13_09_41_01.wav
47,49,Spectrogram 1,1,16.959464153,17.335903414,0.0,15326.1,6dfdff285c39a0b6420a,guanyinya_2023-06-14-birdnet-13_09_41_01,21.133145833333334,0.3764392610000016,True,audio/analysis_clips/guanyinya_2023-06-14-birdnet-13_09_41_01.wav
48,50,Spectrogram 1,1,17.462842234,17.594158255,460.4,15589.2,ac46a74b614c7e76032b,guanyinya_2023-06-14-birdnet-13_09_41_01,21.133145833333334,0.1313160209999999,True,audio/analysis_clips/guanyinya_2023-06-14-birdnet-13_09_41_01.wav
49,51,Spectrogram 1,1,17.804263889,17.985917718,197.3,13944.8,3a02c83dd9be193a96ab,guanyinya_2023-06-14-birdnet-13_09_41_01,21.133145833333334,0.1816538289999982,True,audio/analysis_clips/guanyinya_2023-06-14-birdnet-13_09_41_01.wav
50,52,Spectrogram 1,1,18.073461724,18.377677173,0.0,14142.1,728fb247c9c9af27d4c3,guanyinya_2023-06-14-birdnet-13_09_41_01,21.133145833333334,0.3042154489999973,True,audio/analysis_clips/guanyinya_2023-06-14-birdnet-13_09_41_01.wav
51,53,Spectrogram 1,1,18.502427393,18.837283923,592.0,15523.5,0262a7a830ae0e4a9614,guanyinya_2023-06-14-birdnet-13_09_41_01,21.133145833333334,0.3348565299999997,True,audio/analysis_clips/guanyinya_2023-06-14-birdnet-13_09_41_01.wav
52,56,Spectrogram 1,1,18.918262136,19.264060992,0.0,14799.9,3c5a8e209ce7f2bb4224,guanyinya_2023-06-14-birdnet-13_09_41_01,21.133145833333334,0.3457988560000018,True,audio/analysis_clips/guanyinya_2023-06-14-birdnet-13_09_41_01.wav
53,57,Spectrogram 1,1,19.423828817,19.583596643,0.0,13747.5,e52429ee9173fc0bbe3a,guanyinya_2023-06-14-birdnet-13_09_41_01,21.133145833333334,0.1597678259999995,True,audio/analysis_clips/guanyinya_2023-06-14-birdnet-13_09_41_01.wav
54,58,Spectrogram 1,1,19.66676346,19.97973331,0.0,13287.0,99536ca94517f4b424ee,guanyinya_2023-06-14-birdnet-13_09_41_01,21.133145833333334,0.3129698500000017,True,audio/analysis_clips/guanyinya_2023-06-14-birdnet-13_09_41_01.wav
55,59,Spectrogram 1,1,20.069465925,20.22485655,460.4,15523.5,7e1c7d41612e32c1e906,guanyinya_2023-06-14-birdnet-13_09_41_01,21.133145833333334,0.155390624999999,True,audio/analysis_clips/guanyinya_2023-06-14-birdnet-13_09_41_01.wav
56,60,Spectrogram 1,1,20.421830582,20.59691861,0.0,14142.1,598af041c4367ad6311d,guanyinya_2023-06-14-birdnet-13_09_41_01,21.133145833333334,0.1750880280000011,True,audio/analysis_clips/guanyinya_2023-06-14-birdnet-13_09_41_01.wav
57,61,Spectrogram 1,1,20.767629437,20.933963064,0.0,13418.6,699734cbf623aafab34a,guanyinya_2023-06-14-birdnet-13_09_41_01,21.133145833333334,0.1663336270000002,True,audio/analysis_clips/guanyinya_2023-06-14-birdnet-13_09_41_01.wav
1,1,Spectrogram 1,1,0.045306894,0.230019617,328.9,13418.6,aa19f66296174421a90d,guanyinya_2023-06-14-birdnet-13_10_11_01,11.898,0.184712723,True,audio/analysis_clips/guanyinya_2023-06-14-birdnet-13_10_11_01.wav
2,2,Spectrogram 1,1,0.360712581,0.653464821,263.1,14471.0,b12d130607c7152d0426,guanyinya_2023-06-14-birdnet-13_10_11_01,11.898,0.29275224,True,audio/analysis_clips/guanyinya_2023-06-14-birdnet-13_10_11_01.wav
3,3,Spectrogram 1,1,0.789385504,0.944474488,920.9,14997.2,69ebaef1347396cf5ca4,guanyinya_2023-06-14-birdnet-13_10_11_01,11.898,0.155088984,True,audio/analysis_clips/guanyinya_2023-06-14-birdnet-13_10_11_01.wav
4,4,Spectrogram 1,1,1.153583231,1.320870225,657.8,13155.5,30edad1f12b39b7e3ba6,guanyinya_2023-06-14-birdnet-13_10_11_01,11.898,0.1672869939999999,True,audio/analysis_clips/guanyinya_2023-06-14-birdnet-13_10_11_01.wav
5,5,Spectrogram 1,1,1.409741441,1.636275912,460.4,15128.8,cc327ac22f5f67c9c68a,guanyinya_2023-06-14-birdnet-13_10_11_01,11.898,0.2265344710000001,True,audio/analysis_clips/guanyinya_2023-06-14-birdnet-13_10_11_01.wav
6,6,Spectrogram 1,1,1.850173302,2.142733468,0.0,14142.1,d4245fc4e37463055e9d,guanyinya_2023-06-14-birdnet-13_10_11_01,11.898,0.2925601659999999,True,audio/analysis_clips/guanyinya_2023-06-14-birdnet-13_10_11_01.wav
7,7,Spectrogram 1,1,2.289109588,2.458139155,855.1,12958.1,1b1b3b3866c07db5a9e4,guanyinya_2023-06-14-birdnet-13_10_11_01,11.898,0.1690295669999999,True,audio/analysis_clips/guanyinya_2023-06-14-birdnet-13_10_11_01.wav
8,8,Spectrogram 1,1,2.628911295,2.770059696,1512.9,14997.2,a63b52900944ae4ca195,guanyinya_2023-06-14-birdnet-13_10_11_01,11.898,0.1411484010000001,True,audio/analysis_clips/guanyinya_2023-06-14-birdnet-13_10_11_01.wav
9,9,Spectrogram 1,1,2.956514992,3.311999854,0.0,15063.0,7ef22d48e818a243e164,guanyinya_2023-06-14-birdnet-13_10_11_01,11.898,0.3554848620000004,True,audio/analysis_clips/guanyinya_2023-06-14-birdnet-13_10_11_01.wav
10,10,Spectrogram 1,1,3.388302564,3.715906261,394.7,14010.6,71e4d6fb30b7cb03574b,guanyinya_2023-06-14-birdnet-13_10_11_01,11.898,0.3276036970000002,True,audio/analysis_clips/guanyinya_2023-06-14-birdnet-13_10_11_01.wav
11,11,Spectrogram 1,1,3.888420974,4.071391124,657.8,13418.6,27e221f709d7f13eba7a,guanyinya_2023-06-14-birdnet-13_10_11_01,11.898,0.1829701499999996,True,audio/analysis_clips/guanyinya_2023-06-14-birdnet-13_10_11_01.wav
12,12,Spectrogram 1,1,4.229965254,4.350202781,1973.3,15128.8,06c3173ee95a2d2090db,guanyinya_2023-06-14-birdnet-13_10_11_01,11.898,0.1202375270000004,True,audio/analysis_clips/guanyinya_2023-06-14-birdnet-13_10_11_01.wav
13,13,Spectrogram 1,1,4.673250886,5.056616914,460.4,14602.6,aae1c597acd98d6ccb03,guanyinya_2023-06-14-birdnet-13_10_11_01,11.898,0.3833660280000002,True,audio/analysis_clips/guanyinya_2023-06-14-birdnet-13_10_11_01.wav
14,14,Spectrogram 1,1,5.162913858,5.45043838,65.8,14142.1,6349482b37a2bf4d0434,guanyinya_2023-06-14-birdnet-13_10_11_01,11.898,0.287524522,True,audio/analysis_clips/guanyinya_2023-06-14-birdnet-13_10_11_01.wav
15,15,Spectrogram 1,1,5.619467947,5.785012368,131.6,13352.8,f4813635a95fdd0223d8,guanyinya_2023-06-14-birdnet-13_10_11_01,11.898,0.1655444209999999,True,audio/analysis_clips/guanyinya_2023-06-14-birdnet-13_10_11_01.wav
16,16,Spectrogram 1,1,5.927903342,6.063824025,592.0,14997.2,c5cc8158006e87d1fd6f,guanyinya_2023-06-14-birdnet-13_10_11_01,11.898,0.1359206830000001,True,audio/analysis_clips/guanyinya_2023-06-14-birdnet-13_10_11_01.wav
17,17,Spectrogram 1,1,6.191031844,6.489011802,0.0,13747.5,eb3c69fe7964773526e0,guanyinya_2023-06-14-birdnet-13_10_11_01,11.898,0.297979958,True,audio/analysis_clips/guanyinya_2023-06-14-birdnet-13_10_11_01.wav
18,18,Spectrogram 1,1,6.597051319,6.956021328,0.0,14536.8,f45b1b66618d42a8dec3,guanyinya_2023-06-14-birdnet-13_10_11_01,11.898,0.3589700090000001,True,audio/analysis_clips/guanyinya_2023-06-14-birdnet-13_10_11_01.wav
19,19,Spectrogram 1,1,7.159902352,7.337644783,526.2,14142.1,9cdbfc996d1d6a1e62e0,guanyinya_2023-06-14-birdnet-13_10_11_01,11.898,0.1777424310000004,True,audio/analysis_clips/guanyinya_2023-06-14-birdnet-13_10_11_01.wav
20,20,Spectrogram 1,1,7.508416923,7.658278189,1381.3,15326.1,9652d893ad9e81601b30,guanyinya_2023-06-14-birdnet-13_10_11_01,11.898,0.1498612659999993,True,audio/analysis_clips/guanyinya_2023-06-14-birdnet-13_10_11_01.wav
21,21,Spectrogram 1,1,7.820337464,8.121802569,0.0,14668.4,af19d0e67ef263629a7d,guanyinya_2023-06-14-birdnet-13_10_11_01,11.898,0.3014651050000001,True,audio/analysis_clips/guanyinya_2023-06-14-birdnet-13_10_11_01.wav
22,22,Spectrogram 1,1,8.26976377,8.444021056,723.6,13352.8,43052c06a75fd31af750,guanyinya_2023-06-14-birdnet-13_10_11_01,11.898,0.1742572859999995,True,audio/analysis_clips/guanyinya_2023-06-14-birdnet-13_10_11_01.wav
23,23,Spectrogram 1,1,8.536377417,8.846521173,65.8,16378.6,09f1f1456e7e16b786ad,guanyinya_2023-06-14-birdnet-13_10_11_01,11.898,0.3101437559999986,True,audio/analysis_clips/guanyinya_2023-06-14-birdnet-13_10_11_01.wav
24,24,Spectrogram 1,1,8.942396893,9.285683746,65.8,15918.1,811c618f6f1431653cf8,guanyinya_2023-06-14-birdnet-13_10_11_01,11.898,0.3432868530000004,True,audio/analysis_clips/guanyinya_2023-06-14-birdnet-13_10_11_01.wav
25,25,Spectrogram 1,1,9.405921273,9.705643804,0.0,14339.5,e04b965a02c6d7f9cfd1,guanyinya_2023-06-14-birdnet-13_10_11_01,11.898,0.2997225309999987,True,audio/analysis_clips/guanyinya_2023-06-14-birdnet-13_10_11_01.wav
26,26,Spectrogram 1,1,9.912804217,10.107972377,657.8,13352.8,d2704770387ff60d992d,guanyinya_2023-06-14-birdnet-13_10_11_01,11.898,0.1951681599999997,True,audio/analysis_clips/guanyinya_2023-06-14-birdnet-13_10_11_01.wav
27,27,Spectrogram 1,1,10.188130728,10.501793842,0.0,14865.7,a2f75d055a783dabc0fd,guanyinya_2023-06-14-birdnet-13_10_11_01,11.898,0.3136631139999988,True,audio/analysis_clips/guanyinya_2023-06-14-birdnet-13_10_11_01.wav
28,28,Spectrogram 1,1,10.635204254,10.990689117,0.0,15128.8,b73730ca7d6f1c7e839a,guanyinya_2023-06-14-birdnet-13_10_11_01,11.898,0.3554848630000009,True,audio/analysis_clips/guanyinya_2023-06-14-birdnet-13_10_11_01.wav
29,29,Spectrogram 1,1,11.243362181,11.436787768,328.9,13418.6,e0940b66c1619a14e3fd,guanyinya_2023-06-14-birdnet-13_10_11_01,11.898,0.1934255870000001,True,audio/analysis_clips/guanyinya_2023-06-14-birdnet-13_10_11_01.wav
30,30,Spectrogram 1,1,11.562253014,11.719084571,1381.3,15128.8,22e2c1be06425da8e014,guanyinya_2023-06-14-birdnet-13_10_11_01,11.898,0.1568315570000003,True,audio/analysis_clips/guanyinya_2023-06-14-birdnet-13_10_11_01.wav
1,1,Spectrogram 1,1,0.233083011,0.397985277,131.6,14010.6,0b1f93caf43ec37fe3ad,guanyinya_2023-06-14-birdnet-13_10_11_02,10.826208333333334,0.164902266,True,audio/analysis_clips/guanyinya_2023-06-14-birdnet-13_10_11_02.wav
2,2,Spectrogram 1,1,0.735717804,0.878421688,789.3,14602.6,cad64dc2e571d58da83d,guanyinya_2023-06-14-birdnet-13_10_11_02,10.826208333333334,0.142703884,True,audio/analysis_clips/guanyinya_2023-06-14-birdnet-13_10_11_02.wav
3,3,Spectrogram 1,1,1.048080751,1.363614895,0.0,13155.5,b907a3582cf8033eb86b,guanyinya_2023-06-14-birdnet-13_10_11_02,10.826208333333334,0.3155341439999999,True,audio/analysis_clips/guanyinya_2023-06-14-birdnet-13_10_11_02.wav
4,4,Spectrogram 1,1,1.560229135,1.75208658,197.3,13550.1,9324e636d595cc91cf0f,guanyinya_2023-06-14-birdnet-13_10_11_02,10.826208333333334,0.1918574450000001,True,audio/analysis_clips/guanyinya_2023-06-14-birdnet-13_10_11_02.wav
5,5,Spectrogram 1,1,1.936016031,2.047007941,1184.0,14931.5,eb80276255e963d601a7,guanyinya_2023-06-14-birdnet-13_10_11_02,10.826208333333334,0.1109919099999998,True,audio/analysis_clips/guanyinya_2023-06-14-birdnet-13_10_11_02.wav
6,6,Spectrogram 1,1,2.343514901,2.484633186,328.9,14273.7,46eeb878798b47412382,guanyinya_2023-06-14-birdnet-13_10_11_02,10.826208333333334,0.1411182850000001,True,audio/analysis_clips/guanyinya_2023-06-14-birdnet-13_10_11_02.wav
7,7,Spectrogram 1,1,2.768455356,2.942871215,197.3,13879.0,63690f71f5b7c795f386,guanyinya_2023-06-14-birdnet-13_10_11_02,10.826208333333334,0.1744158589999997,True,audio/analysis_clips/guanyinya_2023-06-14-birdnet-13_10_11_02.wav
8,8,Spectrogram 1,1,3.045935131,3.336099696,394.7,13813.2,3e4e2d915dd7d40b2a0c,guanyinya_2023-06-14-birdnet-13_10_11_02,10.826208333333334,0.290164565,True,audio/analysis_clips/guanyinya_2023-06-14-birdnet-13_10_11_02.wav
9,9,Spectrogram 1,1,3.481974778,3.608822675,1644.4,14273.7,e62130f67ed9625250f7,guanyinya_2023-06-14-birdnet-13_10_11_02,10.826208333333334,0.1268478969999997,True,audio/analysis_clips/guanyinya_2023-06-14-birdnet-13_10_11_02.wav
10,10,Spectrogram 1,1,3.819707305,3.976681578,131.6,12695.0,5c5a773caef55b83edf5,guanyinya_2023-06-14-birdnet-13_10_11_02,10.826208333333334,0.1569742729999999,True,audio/analysis_clips/guanyinya_2023-06-14-birdnet-13_10_11_02.wav
11,11,Spectrogram 1,1,4.216106984,4.363567664,657.8,14734.1,72781d6124b572c813ac,guanyinya_2023-06-14-birdnet-13_10_11_02,10.826208333333334,0.14746068,True,audio/analysis_clips/guanyinya_2023-06-14-birdnet-13_10_11_02.wav
12,12,Spectrogram 1,1,4.696543395,4.855103266,394.7,13221.3,03d370ec84a73dd9b446,guanyinya_2023-06-14-birdnet-13_10_11_02,10.826208333333334,0.1585598710000004,True,audio/analysis_clips/guanyinya_2023-06-14-birdnet-13_10_11_02.wav
13,13,Spectrogram 1,1,5.026347927,5.167466213,789.3,15391.9,5fdb5cde70757cf9ef79,guanyinya_2023-06-14-birdnet-13_10_11_02,10.826208333333334,0.1411182860000002,True,audio/analysis_clips/guanyinya_2023-06-14-birdnet-13_10_11_02.wav
14,14,Spectrogram 1,1,5.352981263,5.641560229,394.7,12695.0,a3573ebf5986cb8044e8,guanyinya_2023-06-14-birdnet-13_10_11_02,10.826208333333334,0.2885789660000002,True,audio/analysis_clips/guanyinya_2023-06-14-birdnet-13_10_11_02.wav
15,15,Spectrogram 1,1,5.88732803,6.049059098,657.8,13023.9,3b9a18a0626f9d0d99f2,guanyinya_2023-06-14-birdnet-13_10_11_02,10.826208333333334,0.1617310679999999,True,audio/analysis_clips/guanyinya_2023-06-14-birdnet-13_10_11_02.wav
16,16,Spectrogram 1,1,6.291655702,6.416918,920.9,15457.7,248a68c7842f7c2e7393,guanyinya_2023-06-14-birdnet-13_10_11_02,10.826208333333334,0.125262298,True,audio/analysis_clips/guanyinya_2023-06-14-birdnet-13_10_11_02.wav
17,17,Spectrogram 1,1,6.852957648,7.014688717,855.1,13287.0,9e0f73ffc8179b6e0731,guanyinya_2023-06-14-birdnet-13_10_11_02,10.826208333333334,0.161731069,True,audio/analysis_clips/guanyinya_2023-06-14-birdnet-13_10_11_02.wav
18,18,Spectrogram 1,1,7.143122213,7.436457975,460.4,12826.6,168960401590572ee300,guanyinya_2023-06-14-birdnet-13_10_11_02,10.826208333333334,0.2933357619999999,True,audio/analysis_clips/guanyinya_2023-06-14-birdnet-13_10_11_02.wav
19,20,Spectrogram 1,1,7.572819464,7.707595355,1249.8,14931.5,bed4c33159fa3f22ffd5,guanyinya_2023-06-14-birdnet-13_10_11_02,10.826208333333334,0.1347758909999994,True,audio/analysis_clips/guanyinya_2023-06-14-birdnet-13_10_11_02.wav
20,21,Spectrogram 1,1,7.997616596,8.160933264,723.6,12300.4,44b42650cee4aa603dbf,guanyinya_2023-06-14-birdnet-13_10_11_02,10.826208333333334,0.1633166680000002,True,audio/analysis_clips/guanyinya_2023-06-14-birdnet-13_10_11_02.wav
21,22,Spectrogram 1,1,8.341691517,8.482809803,1118.2,14602.6,d308e30d0b950f876e8c,guanyinya_2023-06-14-birdnet-13_10_11_02,10.826208333333334,0.1411182860000011,True,audio/analysis_clips/guanyinya_2023-06-14-birdnet-13_10_11_02.wav
22,23,Spectrogram 1,1,8.752361585,8.925191845,526.2,13287.0,6c46e49609de230ed674,guanyinya_2023-06-14-birdnet-13_10_11_02,10.826208333333334,0.1728302600000013,True,audio/analysis_clips/guanyinya_2023-06-14-birdnet-13_10_11_02.wav
23,24,Spectrogram 1,1,9.020327767,9.304149937,263.1,13221.3,884d4b3f6c054b381a07,guanyinya_2023-06-14-birdnet-13_10_11_02,10.826208333333334,0.2838221700000005,True,audio/analysis_clips/guanyinya_2023-06-14-birdnet-13_10_11_02.wav
24,26,Spectrogram 1,1,9.462709809,9.608584891,1052.4,15194.6,26227b3f1fea9c02bffd,guanyinya_2023-06-14-birdnet-13_10_11_02,10.826208333333334,0.1458750819999998,True,audio/analysis_clips/guanyinya_2023-06-14-birdnet-13_10_11_02.wav
25,27,Spectrogram 1,1,9.74494638,9.90509185,592.0,12892.4,2b38011ff593162a2ad0,guanyinya_2023-06-14-birdnet-13_10_11_02,10.826208333333334,0.1601454699999998,True,audio/analysis_clips/guanyinya_2023-06-14-birdnet-13_10_11_02.wav
26,28,Spectrogram 1,1,9.978029385,10.272950746,65.8,12234.6,990bd2e659d6f162923f,guanyinya_2023-06-14-birdnet-13_10_11_02,10.826208333333334,0.2949213610000001,True,audio/analysis_clips/guanyinya_2023-06-14-birdnet-13_10_11_02.wav
27,29,Spectrogram 1,1,10.429925019,10.661422432,1578.7,14602.6,e5002b0293c9c7261c5e,guanyinya_2023-06-14-birdnet-13_10_11_02,10.826208333333334,0.2314974129999996,True,audio/analysis_clips/guanyinya_2023-06-14-birdnet-13_10_11_02.wav
1,1,Spectrogram 1,1,0.11209003,0.278473669,0.0,13860.5,4b42abb85b9c622dd597,guanyinya_2023-06-14-birdnet-14_24_42_01,4.227916666666666,0.1663836389999999,True,audio/analysis_clips/guanyinya_2023-06-14-birdnet-14_24_42_01.wav
2,2,Spectrogram 1,1,0.490393883,0.681297216,0.0,16372.1,fcfaae93793f4eeb7777,guanyinya_2023-06-14-birdnet-14_24_42_01,4.227916666666666,0.190903333,True,audio/analysis_clips/guanyinya_2023-06-14-birdnet-14_24_42_01.wav
3,3,Spectrogram 1,1,0.942256818,1.050844035,372.1,15069.8,1f10e73054f9f56255ea,guanyinya_2023-06-14-birdnet-14_24_42_01,4.227916666666666,0.1085872169999998,True,audio/analysis_clips/guanyinya_2023-06-14-birdnet-14_24_42_01.wav
4,4,Spectrogram 1,1,1.229487521,1.371351465,186.0,15814.0,988eb01e899946c68087,guanyinya_2023-06-14-birdnet-14_24_42_01,4.227916666666666,0.141863944,True,audio/analysis_clips/guanyinya_2023-06-14-birdnet-14_24_42_01.wav
5,5,Spectrogram 1,1,1.465927429,1.863496755,0.0,15627.9,72447fc53a191d89e3db,guanyinya_2023-06-14-birdnet-14_24_42_01,4.227916666666666,0.3975693259999999,True,audio/analysis_clips/guanyinya_2023-06-14-birdnet-14_24_42_01.wav
6,6,Spectrogram 1,1,2.054300009,2.280231477,0.0,16837.2,5f40acf1450f7a3e7884,guanyinya_2023-06-14-birdnet-14_24_42_01,4.227916666666666,0.2259314680000002,True,audio/analysis_clips/guanyinya_2023-06-14-birdnet-14_24_42_01.wav
7,7,Spectrogram 1,1,2.485146063,2.651529702,744.2,13953.5,069c01b52d23acd8aff1,guanyinya_2023-06-14-birdnet-14_24_42_01,4.227916666666666,0.1663836389999997,True,audio/analysis_clips/guanyinya_2023-06-14-birdnet-14_24_42_01.wav
8,8,Spectrogram 1,1,2.746105665,3.00005964,186.0,19627.9,9f0119fab2461c9f1888,guanyinya_2023-06-14-birdnet-14_24_42_01,4.227916666666666,0.2539539749999999,True,audio/analysis_clips/guanyinya_2023-06-14-birdnet-14_24_42_01.wav
9,9,Spectrogram 1,1,3.196217194,3.602543554,651.2,16186.0,0a0a1ee4d6903ca4dd08,guanyinya_2023-06-14-birdnet-14_24_42_01,4.227916666666666,0.40632636,True,audio/analysis_clips/guanyinya_2023-06-14-birdnet-14_24_42_01.wav
10,10,Spectrogram 1,1,3.765424379,3.991355847,0.0,14790.7,e99429287276fa263dfa,guanyinya_2023-06-14-birdnet-14_24_42_01,4.227916666666666,0.2259314679999997,True,audio/analysis_clips/guanyinya_2023-06-14-birdnet-14_24_42_01.wav
1,1,Spectrogram 1,1,0.162299268,0.578948135,424.8,17415.9,c789f8a87e6d2a534ee2,guanyinya_2023-06-14-birdnet-14_25_12_01,16.539583333333333,0.416648867,True,audio/analysis_clips/guanyinya_2023-06-14-birdnet-14_25_12_01.wav
2,2,Spectrogram 1,1,0.666153712,0.903546671,531.0,17946.9,5416d71805e56c07929d,guanyinya_2023-06-14-birdnet-14_25_12_01,16.539583333333333,0.237392959,True,audio/analysis_clips/guanyinya_2023-06-14-birdnet-14_25_12_01.wav
3,3,Spectrogram 1,1,1.036777413,1.189387173,1061.9,17203.5,14acdce698eefd59130b,guanyinya_2023-06-14-birdnet-14_25_12_01,16.539583333333333,0.15260976,True,audio/analysis_clips/guanyinya_2023-06-14-birdnet-14_25_12_01.wav
4,4,Spectrogram 1,1,1.354108818,1.543054234,1274.3,16141.6,cf5b29ef9993a62993d0,guanyinya_2023-06-14-birdnet-14_25_12_01,16.539583333333333,0.1889454159999999,True,audio/analysis_clips/guanyinya_2023-06-14-birdnet-14_25_12_01.wav
5,5,Spectrogram 1,1,1.656905959,1.891876541,1168.1,15185.8,8d3de8e9a9da36c5881f,guanyinya_2023-06-14-birdnet-14_25_12_01,16.539583333333333,0.2349705820000001,True,audio/analysis_clips/guanyinya_2023-06-14-birdnet-14_25_12_01.wav
6,6,Spectrogram 1,1,2.100200975,2.28187926,637.2,14442.5,e4566ed3a4894d9255e3,guanyinya_2023-06-14-birdnet-14_25_12_01,16.539583333333333,0.1816782850000002,True,audio/analysis_clips/guanyinya_2023-06-14-birdnet-14_25_12_01.wav
7,7,Spectrogram 1,1,2.482936562,2.717907144,955.8,15716.8,08b386b0bdceaa1b7bd2,guanyinya_2023-06-14-birdnet-14_25_12_01,16.539583333333333,0.2349705820000003,True,audio/analysis_clips/guanyinya_2023-06-14-birdnet-14_25_12_01.wav
8,8,Spectrogram 1,1,2.95772248,3.115176994,1061.9,14548.7,23207f84f1c106f57914,guanyinya_2023-06-14-birdnet-14_25_12_01,16.539583333333333,0.1574545139999998,True,audio/analysis_clips/guanyinya_2023-06-14-birdnet-14_25_12_01.wav
9,9,Spectrogram 1,1,3.282321016,3.510024467,1168.1,15292.0,b16bf63adbc1d70ec5d1,guanyinya_2023-06-14-birdnet-14_25_12_01,16.539583333333333,0.227703451,True,audio/analysis_clips/guanyinya_2023-06-14-birdnet-14_25_12_01.wav
10,10,Spectrogram 1,1,3.73530554,4.139842522,849.6,15185.8,7b0c1ee6567ff5e45b8a,guanyinya_2023-06-14-birdnet-14_25_12_01,16.539583333333333,0.4045369820000002,True,audio/analysis_clips/guanyinya_2023-06-14-birdnet-14_25_12_01.wav
11,11,Spectrogram 1,1,4.350589332,4.47897532,849.6,14123.9,922ef4d382a73875352a,guanyinya_2023-06-14-birdnet-14_25_12_01,16.539583333333333,0.1283859879999997,True,audio/analysis_clips/guanyinya_2023-06-14-birdnet-14_25_12_01.wav
12,12,Spectrogram 1,1,4.699411639,4.861710907,2017.7,15610.6,48130c942041da27f0db,guanyinya_2023-06-14-birdnet-14_25_12_01,16.539583333333333,0.1622992679999999,True,audio/analysis_clips/guanyinya_2023-06-14-birdnet-14_25_12_01.wav
13,13,Spectrogram 1,1,5.108793375,5.353453466,1168.1,16247.8,8afb0eb7e88de193a07d,guanyinya_2023-06-14-birdnet-14_25_12_01,16.539583333333333,0.244660091,True,audio/analysis_clips/guanyinya_2023-06-14-birdnet-14_25_12_01.wav
14,14,Spectrogram 1,1,5.520597488,5.68774151,1168.1,14548.7,5db617ff09f5310b1dd7,guanyinya_2023-06-14-birdnet-14_25_12_01,16.539583333333333,0.1671440220000004,True,audio/analysis_clips/guanyinya_2023-06-14-birdnet-14_25_12_01.wav
15,15,Spectrogram 1,1,5.908177831,6.114079887,531.0,15716.8,f6cb6830309db152e37c,guanyinya_2023-06-14-birdnet-14_25_12_01,16.539583333333333,0.2059020560000002,True,audio/analysis_clips/guanyinya_2023-06-14-birdnet-14_25_12_01.wav
16,16,Spectrogram 1,1,6.33936096,6.54284064,1168.1,11681.4,afcab82e2f4c5daf08a6,guanyinya_2023-06-14-birdnet-14_25_12_01,16.539583333333333,0.20347968,True,audio/analysis_clips/guanyinya_2023-06-14-birdnet-14_25_12_01.wav
17,17,Spectrogram 1,1,6.659114742,6.799612616,849.6,14336.3,75145393ed48a8e9d5a5,guanyinya_2023-06-14-birdnet-14_25_12_01,16.539583333333333,0.1404978740000002,True,audio/analysis_clips/guanyinya_2023-06-14-birdnet-14_25_12_01.wav
18,18,Spectrogram 1,1,6.97402377,7.175081072,1380.5,15185.8,09d459e760a7458e4512,guanyinya_2023-06-14-birdnet-14_25_12_01,16.539583333333333,0.2010573020000006,True,audio/analysis_clips/guanyinya_2023-06-14-birdnet-14_25_12_01.wav
19,19,Spectrogram 1,1,7.654711744,7.923595606,1274.3,14336.3,9c1843fb169030eaae21,guanyinya_2023-06-14-birdnet-14_25_12_01,16.539583333333333,0.268883862,True,audio/analysis_clips/guanyinya_2023-06-14-birdnet-14_25_12_01.wav
20,20,Spectrogram 1,1,8.0301802,8.228815125,1380.5,14654.9,439d93c11601a1e4b69e,guanyinya_2023-06-14-birdnet-14_25_12_01,16.539583333333333,0.1986349250000003,True,audio/analysis_clips/guanyinya_2023-06-14-birdnet-14_25_12_01.wav
21,21,Spectrogram 1,1,8.337822096,8.558258415,955.8,15292.0,e31a8ee89f51f2b60422,guanyinya_2023-06-14-birdnet-14_25_12_01,16.539583333333333,0.2204363189999991,True,audio/analysis_clips/guanyinya_2023-06-14-birdnet-14_25_12_01.wav
22,22,Spectrogram 1,1,8.77384998,9.074224744,1274.3,14654.9,15ce38c2ff352374acb3,guanyinya_2023-06-14-birdnet-14_25_12_01,16.539583333333333,0.3003747640000007,True,audio/analysis_clips/guanyinya_2023-06-14-birdnet-14_25_12_01.wav
23,23,Spectrogram 1,1,9.280126801,9.478761726,849.6,14123.9,a9bf36ad55a0471c13d5,guanyinya_2023-06-14-birdnet-14_25_12_01,16.539583333333333,0.1986349250000003,True,audio/analysis_clips/guanyinya_2023-06-14-birdnet-14_25_12_01.wav
24,24,Spectrogram 1,1,9.558700171,9.820316902,955.8,15929.2,b6822cad6f07e3e45ecd,guanyinya_2023-06-14-birdnet-14_25_12_01,16.539583333333333,0.2616167310000001,True,audio/analysis_clips/guanyinya_2023-06-14-birdnet-14_25_12_01.wav
25,25,Spectrogram 1,1,9.93174625,10.379886021,849.6,14867.3,962640010cc0faffb8a2,guanyinya_2023-06-14-birdnet-14_25_12_01,16.539583333333333,0.448139771000001,True,audio/analysis_clips/guanyinya_2023-06-14-birdnet-14_25_12_01.wav
26,26,Spectrogram 1,1,10.413799301,10.689950294,212.4,14761.1,6c129102873d24815e79,guanyinya_2023-06-14-birdnet-14_25_12_01,16.539583333333333,0.2761509930000017,True,audio/analysis_clips/guanyinya_2023-06-14-birdnet-14_25_12_01.wav
27,27,Spectrogram 1,1,10.706906934,10.920076122,0.0,15716.8,e4ad8a8e2e5fb5be064e,guanyinya_2023-06-14-birdnet-14_25_12_01,16.539583333333333,0.2131691880000001,True,audio/analysis_clips/guanyinya_2023-06-14-birdnet-14_25_12_01.wav
28,28,Spectrogram 1,1,11.172003344,11.331880235,849.6,14123.9,b63239e236e8c37bdff8,guanyinya_2023-06-14-birdnet-14_25_12_01,16.539583333333333,0.1598768909999997,True,audio/analysis_clips/guanyinya_2023-06-14-birdnet-14_25_12_01.wav
29,29,Spectrogram 1,1,11.491757125,11.726727707,849.6,15292.0,04ae50f4144552ac532a,guanyinya_2023-06-14-birdnet-14_25_12_01,16.539583333333333,0.2349705820000007,True,audio/analysis_clips/guanyinya_2023-06-14-birdnet-14_25_12_01.wav
30,30,Spectrogram 1,1,11.864803204,12.279029694,1061.9,14867.3,d54834d81be8e19aebbf,guanyinya_2023-06-14-birdnet-14_25_12_01,16.539583333333333,0.4142264900000008,True,audio/analysis_clips/guanyinya_2023-06-14-birdnet-14_25_12_01.wav
31,31,Spectrogram 1,1,12.530528152,12.7267407,424.8,13061.9,014820469b76f2f0e178,guanyinya_2023-06-14-birdnet-14_25_12_01,16.539583333333333,0.1962125480000001,True,audio/analysis_clips/guanyinya_2023-06-14-birdnet-14_25_12_01.wav
32,32,Spectrogram 1,1,12.82848054,13.03922735,955.8,15292.0,0fed257749deb1d4322d,guanyinya_2023-06-14-birdnet-14_25_12_01,16.539583333333333,0.2107468100000016,True,audio/analysis_clips/guanyinya_2023-06-14-birdnet-14_25_12_01.wav
33,33,Spectrogram 1,1,13.240284652,13.644821634,531.0,14654.9,1d05e6f88c1fe9548341,guanyinya_2023-06-14-birdnet-14_25_12_01,16.539583333333333,0.4045369819999997,True,audio/analysis_clips/guanyinya_2023-06-14-birdnet-14_25_12_01.wav
34,34,Spectrogram 1,1,13.729604833,14.029979598,1168.1,15398.2,a563f2cb28018b666361,guanyinya_2023-06-14-birdnet-14_25_12_01,16.539583333333333,0.3003747650000008,True,audio/analysis_clips/guanyinya_2023-06-14-birdnet-14_25_12_01.wav
35,35,Spectrogram 1,1,14.417559939,14.637996258,637.2,14973.5,d8a5d1ccd494e701e5bd,guanyinya_2023-06-14-birdnet-14_25_12_01,16.539583333333333,0.2204363189999991,True,audio/analysis_clips/guanyinya_2023-06-14-birdnet-14_25_12_01.wav
36,36,Spectrogram 1,1,14.846320692,15.260547182,637.2,14654.9,052f3e2ff49dee5a28b0,guanyinya_2023-06-14-birdnet-14_25_12_01,16.539583333333333,0.414226489999999,True,audio/analysis_clips/guanyinya_2023-06-14-birdnet-14_25_12_01.wav
37,37,Spectrogram 1,1,15.335640873,15.575456209,955.8,14973.5,1717d5e143a0ea1c3cd0,guanyinya_2023-06-14-birdnet-14_25_12_01,16.539583333333333,0.2398153360000012,True,audio/analysis_clips/guanyinya_2023-06-14-birdnet-14_25_12_01.wav
38,38,Spectrogram 1,1,15.730488346,15.919433762,531.0,12849.6,5175899c88d0147819b0,guanyinya_2023-06-14-birdnet-14_25_12_01,16.539583333333333,0.188945416000001,True,audio/analysis_clips/guanyinya_2023-06-14-birdnet-14_25_12_01.wav
39,39,Spectrogram 1,1,16.086577784,16.263411315,1486.7,15079.6,e5fac722267d90bebdee,guanyinya_2023-06-14-birdnet-14_25_12_01,16.539583333333333,0.1768335309999997,True,audio/analysis_clips/guanyinya_2023-06-14-birdnet-14_25_12_01.wav
1,1,Spectrogram 1,1,0.064696316,0.28882284,1073.2,14926.8,df7a1d779c29c8f08786,guanyinya_2023-06-14-birdnet-14_26_42_01_01,15.776270833333331,0.224126524,True,audio/analysis_clips/guanyinya_2023-06-14-birdnet-14_26_42_01_01.wav
2,2,Spectrogram 1,1,0.459805961,0.68855365,585.4,14829.3,51e2c303c0604078b39a,guanyinya_2023-06-14-birdnet-14_26_42_01_01,15.776270833333331,0.228747689,True,audio/analysis_clips/guanyinya_2023-06-14-birdnet-14_26_42_01_01.wav
3,3,Spectrogram 1,1,0.928854252,1.072110381,292.7,15122.0,930ed3440ada90a5d884,guanyinya_2023-06-14-birdnet-14_26_42_01_01,15.776270833333331,0.1432561289999998,True,audio/analysis_clips/guanyinya_2023-06-14-birdnet-14_26_42_01_01.wav
4,4,Spectrogram 1,1,1.30085807,1.499568183,975.6,15902.4,af51c4c9c26a937e60aa,guanyinya_2023-06-14-birdnet-14_26_42_01_01,15.776270833333331,0.1987101129999999,True,audio/analysis_clips/guanyinya_2023-06-14-birdnet-14_26_42_01_01.wav
5,7,Spectrogram 1,1,1.929336569,2.206606495,682.9,16878.0,0215ea3c3c23355e0b4b,guanyinya_2023-06-14-birdnet-14_26_42_01_01,15.776270833333331,0.277269926,True,audio/analysis_clips/guanyinya_2023-06-14-birdnet-14_26_42_01_01.wav
6,8,Spectrogram 1,1,2.352173206,2.537019823,1073.2,13658.5,3bf4658ed103405c7ea9,guanyinya_2023-06-14-birdnet-14_26_42_01_01,15.776270833333331,0.1848466170000002,True,audio/analysis_clips/guanyinya_2023-06-14-birdnet-14_26_42_01_01.wav
7,9,Spectrogram 1,1,2.738650012,3.149933736,1073.2,15414.6,aec68f040e36e21d9643,guanyinya_2023-06-14-birdnet-14_26_42_01_01,15.776270833333331,0.411283724,True,audio/analysis_clips/guanyinya_2023-06-14-birdnet-14_26_42_01_01.wav
8,10,Spectrogram 1,1,3.353265015,3.5958762,1365.9,14634.1,4b2f887790b2fcfb67a0,guanyinya_2023-06-14-birdnet-14_26_42_01_01,15.776270833333331,0.2426111850000003,True,audio/analysis_clips/guanyinya_2023-06-14-birdnet-14_26_42_01_01.wav
9,11,Spectrogram 1,1,3.676746595,3.831555637,1268.3,16000.0,8c1d90e807e7427e0853,guanyinya_2023-06-14-birdnet-14_26_42_01_01,15.776270833333331,0.1548090420000001,True,audio/analysis_clips/guanyinya_2023-06-14-birdnet-14_26_42_01_01.wav
10,12,Spectrogram 1,1,3.921668363,4.152726635,1268.3,16000.0,ce6dc41471ad3ec9c714,guanyinya_2023-06-14-birdnet-14_26_42_01_01,15.776270833333331,0.2310582719999994,True,audio/analysis_clips/guanyinya_2023-06-14-birdnet-14_26_42_01_01.wav
11,13,Spectrogram 1,1,4.196627706,4.714198235,682.9,16390.2,f071c516b40c3c670af5,guanyinya_2023-06-14-birdnet-14_26_42_01_01,15.776270833333331,0.5175705289999994,True,audio/analysis_clips/guanyinya_2023-06-14-birdnet-14_26_42_01_01.wav
12,14,Spectrogram 1,1,4.788136882,4.977604665,1170.7,13853.7,e9b54fbff880828ed566,guanyinya_2023-06-14-birdnet-14_26_42_01_01,15.776270833333331,0.1894677830000004,True,audio/analysis_clips/guanyinya_2023-06-14-birdnet-14_26_42_01_01.wav
13,15,Spectrogram 1,1,5.074649139,5.314949741,487.8,16097.6,864570f2057cb1403b9a,guanyinya_2023-06-14-birdnet-14_26_42_01_01,15.776270833333331,0.2403006020000004,True,audio/analysis_clips/guanyinya_2023-06-14-birdnet-14_26_42_01_01.wav
14,16,Spectrogram 1,1,5.442031791,5.698506472,292.7,15122.0,e1d33c7372f5b1f37cce,guanyinya_2023-06-14-birdnet-14_26_42_01_01,15.776270833333331,0.2564746810000002,True,audio/analysis_clips/guanyinya_2023-06-14-birdnet-14_26_42_01_01.wav
15,17,Spectrogram 1,1,5.834830854,6.326984973,195.1,16195.1,65ebdc9a9ca35e62fbf7,guanyinya_2023-06-14-birdnet-14_26_42_01_01,15.776270833333331,0.4921541190000003,True,audio/analysis_clips/guanyinya_2023-06-14-birdnet-14_26_42_01_01.wav
16,18,Spectrogram 1,1,6.454067022,6.58808082,780.5,16487.8,a130e96721e1300e891a,guanyinya_2023-06-14-birdnet-14_26_42_01_01,15.776270833333331,0.1340137979999998,True,audio/analysis_clips/guanyinya_2023-06-14-birdnet-14_26_42_01_01.wav
17,19,Spectrogram 1,1,6.694367625,6.93697881,975.6,16487.8,e9a7a164a97fb1dddff2,guanyinya_2023-06-14-birdnet-14_26_42_01_01,15.776270833333331,0.2426111850000003,True,audio/analysis_clips/guanyinya_2023-06-14-birdnet-14_26_42_01_01.wav
18,20,Spectrogram 1,1,7.31129321,7.519245655,1170.7,13073.2,6bf1bc0aa2ec1357f55d,guanyinya_2023-06-14-birdnet-14_26_42_01_01,15.776270833333331,0.2079524450000001,True,audio/analysis_clips/guanyinya_2023-06-14-birdnet-14_26_42_01_01.wav
19,21,Spectrogram 1,1,7.611696436,7.900519276,1365.9,15122.0,db21734d54fe18f37c8b,guanyinya_2023-06-14-birdnet-14_26_42_01_01,15.776270833333331,0.2888228399999999,True,audio/analysis_clips/guanyinya_2023-06-14-birdnet-14_26_42_01_01.wav
20,22,Spectrogram 1,1,7.962905009,8.242485518,1170.7,15707.3,3b107d91f800c0fa7535,guanyinya_2023-06-14-birdnet-14_26_42_01_01,15.776270833333331,0.2795805090000005,True,audio/analysis_clips/guanyinya_2023-06-14-birdnet-14_26_42_01_01.wav
21,23,Spectrogram 1,1,8.667632738,9.113575202,1170.7,15512.2,ca3a7f3f01f1ca888a73,guanyinya_2023-06-14-birdnet-14_26_42_01_01,15.776270833333331,0.4459424639999998,True,audio/analysis_clips/guanyinya_2023-06-14-birdnet-14_26_42_01_01.wav
22,24,Spectrogram 1,1,9.14592336,9.464783775,975.6,15024.4,e107b5b0b619444ebc61,guanyinya_2023-06-14-birdnet-14_26_42_01_01,15.776270833333331,0.3188604150000014,True,audio/analysis_clips/guanyinya_2023-06-14-birdnet-14_26_42_01_01.wav
23,25,Spectrogram 1,1,9.587244659,9.785954773,1073.2,14829.3,b4ee3f32f499a9305720,guanyinya_2023-06-14-birdnet-14_26_42_01_01,15.776270833333331,0.1987101140000007,True,audio/analysis_clips/guanyinya_2023-06-14-birdnet-14_26_42_01_01.wav
24,26,Spectrogram 1,1,9.885309829,10.174132669,1073.2,15902.4,23ffe436d3ef9cab093e,guanyinya_2023-06-14-birdnet-14_26_42_01_01,15.776270833333331,0.2888228399999999,True,audio/analysis_clips/guanyinya_2023-06-14-birdnet-14_26_42_01_01.wav
25,27,Spectrogram 1,1,10.289661805,10.546136486,1170.7,15219.5,0f2f4b67e548fd16d12f,guanyinya_2023-06-14-birdnet-14_26_42_01_01,15.776270833333331,0.2564746810000002,True,audio/analysis_clips/guanyinya_2023-06-14-birdnet-14_26_42_01_01.wav
26,28,Spectrogram 1,1,10.698634946,11.126092748,780.5,16097.6,de24f767e1f44c27bc26,guanyinya_2023-06-14-birdnet-14_26_42_01_01,15.776270833333331,0.4274578019999993,True,audio/analysis_clips/guanyinya_2023-06-14-birdnet-14_26_42_01_01.wav
27,29,Spectrogram 1,1,11.273970044,11.548929387,780.5,16878.0,179984fc31245633c127,guanyinya_2023-06-14-birdnet-14_26_42_01_01,15.776270833333331,0.274959342999999,True,audio/analysis_clips/guanyinya_2023-06-14-birdnet-14_26_42_01_01.wav
28,30,Spectrogram 1,1,11.676011436,12.096537491,682.9,16975.6,94b973b80c25c0e66306,guanyinya_2023-06-14-birdnet-14_26_42_01_01,15.776270833333331,0.4205260549999998,True,audio/analysis_clips/guanyinya_2023-06-14-birdnet-14_26_42_01_01.wav
29,31,Spectrogram 1,1,12.228240706,12.489336553,1170.7,16487.8,1ec058069b75b09e61c6,guanyinya_2023-06-14-birdnet-14_26_42_01_01,15.776270833333331,0.261095847,True,audio/analysis_clips/guanyinya_2023-06-14-birdnet-14_26_42_01_01.wav
30,32,Spectrogram 1,1,12.658009091,12.949142513,1561.0,15902.4,5bfef252baccb5cdaab3,guanyinya_2023-06-14-birdnet-14_26_42_01_01,15.776270833333331,0.2911334219999997,True,audio/analysis_clips/guanyinya_2023-06-14-birdnet-14_26_42_01_01.wav
31,33,Spectrogram 1,1,13.425122553,13.607658588,1658.5,16487.8,58eacb2e10a5f44f6168,guanyinya_2023-06-14-birdnet-14_26_42_01_01,15.776270833333331,0.182536035,True,audio/analysis_clips/guanyinya_2023-06-14-birdnet-14_26_42_01_01.wav
32,34,Spectrogram 1,1,13.760157047,13.998147067,1365.9,16487.8,9273a2f9b75dceca428d,guanyinya_2023-06-14-birdnet-14_26_42_01_01,15.776270833333331,0.2379900199999998,True,audio/analysis_clips/guanyinya_2023-06-14-birdnet-14_26_42_01_01.wav
33,35,Spectrogram 1,1,14.178372519,14.59658799,1268.3,15512.2,14feb574a54816ddedd7,guanyinya_2023-06-14-birdnet-14_26_42_01_01,15.776270833333331,0.4182154709999999,True,audio/analysis_clips/guanyinya_2023-06-14-birdnet-14_26_42_01_01.wav
34,36,Spectrogram 1,1,14.728291205,14.975523556,1073.2,16195.1,edd86887f015bb7c9d8b,guanyinya_2023-06-14-birdnet-14_26_42_01_01,15.776270833333331,0.2472323510000009,True,audio/analysis_clips/guanyinya_2023-06-14-birdnet-14_26_42_01_01.wav
35,37,Spectrogram 1,1,15.164991339,15.372943783,1561.0,13951.2,60ff9c93eab9dcddf6ac,guanyinya_2023-06-14-birdnet-14_26_42_01_01,15.776270833333331,0.207952444,True,audio/analysis_clips/guanyinya_2023-06-14-birdnet-14_26_42_01_01.wav
36,38,Spectrogram 1,1,15.458435344,15.687183033,1268.3,15414.6,937e01d909acbbdf0ff0,guanyinya_2023-06-14-birdnet-14_26_42_01_01,15.776270833333331,0.2287476890000004,True,audio/analysis_clips/guanyinya_2023-06-14-birdnet-14_26_42_01_01.wav
37,40,Spectrogram 1,1,13.006634228,13.263108909,1073.2,15707.3,e38c9c6778587096db99,guanyinya_2023-06-14-birdnet-14_26_42_01_01,15.776270833333331,0.2564746810000002,True,audio/analysis_clips/guanyinya_2023-06-14-birdnet-14_26_42_01_01.wav
1,1,Spectrogram 1,1,0.216833994,0.422490977,279.1,10232.6,aee756c8403c5b624a5f,guanyinya_2023-06-14-birdnet-14_47_42_01,10.792541666666668,0.205656983,True,audio/analysis_clips/guanyinya_2023-06-14-birdnet-14_47_42_01.wav
2,2,Spectrogram 1,1,0.496259243,0.639324971,1209.3,12930.2,877de1b346e804b95f62,guanyinya_2023-06-14-birdnet-14_47_42_01,10.792541666666668,0.1430657279999999,True,audio/analysis_clips/guanyinya_2023-06-14-birdnet-14_47_42_01.wav
3,3,Spectrogram 1,1,0.869571376,1.021578712,0.0,11720.9,d9aab9f9cc91b0d578ce,guanyinya_2023-06-14-birdnet-14_47_42_01,10.792541666666668,0.1520073359999999,True,audio/analysis_clips/guanyinya_2023-06-14-birdnet-14_47_42_01.wav
4,4,Spectrogram 1,1,1.184763058,1.345712001,651.2,12093.0,fa805b4afc44775da45e,guanyinya_2023-06-14-birdnet-14_47_42_01,10.792541666666668,0.1609489430000001,True,audio/analysis_clips/guanyinya_2023-06-14-birdnet-14_47_42_01.wav
5,5,Spectrogram 1,1,2.315876467,2.485767019,0.0,12651.2,5d6716f6e0774e410634,guanyinya_2023-06-14-birdnet-14_47_42_01,10.792541666666668,0.169890552,True,audio/analysis_clips/guanyinya_2023-06-14-birdnet-14_47_42_01.wav
6,6,Spectrogram 1,1,1.87103147,2.063276042,0.0,13767.4,8a5dab3088404f128ca7,guanyinya_2023-06-14-birdnet-14_47_42_01,10.792541666666668,0.1922445720000001,True,audio/analysis_clips/guanyinya_2023-06-14-birdnet-14_47_42_01.wav
7,7,Spectrogram 1,1,2.762956866,3.223449677,279.1,10511.6,715186066c05507e32dc,guanyinya_2023-06-14-birdnet-14_47_42_01,10.792541666666668,0.4604928109999999,True,audio/analysis_clips/guanyinya_2023-06-14-birdnet-14_47_42_01.wav
8,8,Spectrogram 1,1,3.395575631,3.529699751,1023.3,10511.6,7914016b175161d0e237,guanyinya_2023-06-14-birdnet-14_47_42_01,10.792541666666668,0.13412412,True,audio/analysis_clips/guanyinya_2023-06-14-birdnet-14_47_42_01.wav
9,9,Spectrogram 1,1,3.735356734,3.992427964,186.0,9488.4,f393001799cd6aa78ce7,guanyinya_2023-06-14-birdnet-14_47_42_01,10.792541666666668,0.2570712300000002,True,audio/analysis_clips/guanyinya_2023-06-14-birdnet-14_47_42_01.wav
10,10,Spectrogram 1,1,4.057254621,4.307619645,0.0,13209.3,b062e143308bc52fa3d0,guanyinya_2023-06-14-birdnet-14_47_42_01,10.792541666666668,0.2503650239999997,True,audio/analysis_clips/guanyinya_2023-06-14-birdnet-14_47_42_01.wav
11,11,Spectrogram 1,1,4.455156177,4.651871552,0.0,14976.7,408eb518e4b142f407c3,guanyinya_2023-06-14-birdnet-14_47_42_01,10.792541666666668,0.1967153750000001,True,audio/analysis_clips/guanyinya_2023-06-14-birdnet-14_47_42_01.wav
12,12,Spectrogram 1,1,4.81058509,5.076597928,0.0,14604.7,830b7049c8020b79f449,guanyinya_2023-06-14-birdnet-14_47_42_01,10.792541666666668,0.266012838,True,audio/analysis_clips/guanyinya_2023-06-14-birdnet-14_47_42_01.wav
13,13,Spectrogram 1,1,5.174955615,5.326962951,0.0,14790.7,0a3f1e5a4b623b1dcfe4,guanyinya_2023-06-14-birdnet-14_47_42_01,10.792541666666668,0.1520073359999996,True,audio/analysis_clips/guanyinya_2023-06-14-birdnet-14_47_42_01.wav
14,14,Spectrogram 1,1,5.487911895,5.910402872,0.0,13116.3,937534967f794c8b7b0e,guanyinya_2023-06-14-birdnet-14_47_42_01,10.792541666666668,0.4224909769999998,True,audio/analysis_clips/guanyinya_2023-06-14-birdnet-14_47_42_01.wav
15,15,Spectrogram 1,1,6.116059855,6.277008799,0.0,12279.1,b42917446d8abeba2574,guanyinya_2023-06-14-birdnet-14_47_42_01,10.792541666666668,0.1609489440000002,True,audio/analysis_clips/guanyinya_2023-06-14-birdnet-14_47_42_01.wav
16,16,Spectrogram 1,1,6.388778899,6.661497942,0.0,14883.7,bb913b273e6bd6e65f3f,guanyinya_2023-06-14-birdnet-14_47_42_01,10.792541666666668,0.2727190429999995,True,audio/analysis_clips/guanyinya_2023-06-14-birdnet-14_47_42_01.wav
17,17,Spectrogram 1,1,7.144344773,7.314235325,279.1,10697.7,40e455123ac0b0eb664e,guanyinya_2023-06-14-birdnet-14_47_42_01,10.792541666666668,0.169890552,True,audio/analysis_clips/guanyinya_2023-06-14-birdnet-14_47_42_01.wav
18,18,Spectrogram 1,1,7.428240827,7.63389781,558.1,14232.6,bad78a16690a3282126c,guanyinya_2023-06-14-birdnet-14_47_42_01,10.792541666666668,0.2056569829999999,True,audio/analysis_clips/guanyinya_2023-06-14-birdnet-14_47_42_01.wav
19,19,Spectrogram 1,1,8.047447179,8.293341399,465.1,14418.6,92ba7994a0d6b64d575f,guanyinya_2023-06-14-birdnet-14_47_42_01,10.792541666666668,0.2458942199999985,True,audio/analysis_clips/guanyinya_2023-06-14-birdnet-14_47_42_01.wav
20,20,Spectrogram 1,1,8.49676298,8.713596974,930.2,10139.5,6d11723e82cddd2e9b79,guanyinya_2023-06-14-birdnet-14_47_42_01,10.792541666666668,0.2168339939999999,True,audio/analysis_clips/guanyinya_2023-06-14-birdnet-14_47_42_01.wav
21,21,Spectrogram 1,1,8.80971926,9.272447473,1209.3,14976.7,58d68bd0a75b09fba59c,guanyinya_2023-06-14-birdnet-14_47_42_01,10.792541666666668,0.4627282130000001,True,audio/analysis_clips/guanyinya_2023-06-14-birdnet-14_47_42_01.wav
22,22,Spectrogram 1,1,9.399865383,9.641288798,0.0,13953.5,f78c6be5a90b1b6d80ea,guanyinya_2023-06-14-birdnet-14_47_42_01,10.792541666666668,0.2414234149999998,True,audio/analysis_clips/guanyinya_2023-06-14-birdnet-14_47_42_01.wav
23,23,Spectrogram 1,1,9.797766938,10.005659323,0.0,14418.6,1542e1aa72760669bced,guanyinya_2023-06-14-birdnet-14_47_42_01,10.792541666666668,0.2078923849999991,True,audio/analysis_clips/guanyinya_2023-06-14-birdnet-14_47_42_01.wav
24,24,Spectrogram 1,1,10.135312639,10.233670327,0.0,13953.5,8fd476eebed8ade3a4ad,guanyinya_2023-06-14-birdnet-14_47_42_01,10.792541666666668,0.0983576880000001,True,audio/analysis_clips/guanyinya_2023-06-14-birdnet-14_47_42_01.wav
25,25,Spectrogram 1,1,10.513095576,10.669573716,558.1,14883.7,1c4bf5eda8e815634736,guanyinya_2023-06-14-birdnet-14_47_42_01,10.792541666666668,0.1564781400000008,True,audio/analysis_clips/guanyinya_2023-06-14-birdnet-14_47_42_01.wav
1,1,Spectrogram 1,1,0.474528662,1.058901922,651.2,11534.9,2f6b49b6c60377c781ef,guanyinya_2023-07-08-birdnet-15_06_34,30.0,0.58437326,True,audio/analysis_clips/guanyinya_2023-07-08-birdnet-15_06_34.wav
2,2,Spectrogram 1,1,5.439504477,5.922820707,744.2,12372.1,5edb36167769557395cb,guanyinya_2023-07-08-birdnet-15_06_34,30.0,0.4833162299999998,True,audio/analysis_clips/guanyinya_2023-07-08-birdnet-15_06_34.wav
3,3,Spectrogram 1,1,7.29807507,7.856085626,558.1,12930.2,3e3d7b1ee571abda0c63,guanyinya_2023-07-08-birdnet-15_06_34,30.0,0.5580105559999993,True,audio/analysis_clips/guanyinya_2023-07-08-birdnet-15_06_34.wav
4,4,Spectrogram 1,1,8.893018628,9.538904863,930.2,12558.1,70d8b42719ec6c0b53fe,guanyinya_2023-07-08-birdnet-15_06_34,30.0,0.6458862350000008,True,audio/analysis_clips/guanyinya_2023-07-08-birdnet-15_06_34.wav
5,5,Spectrogram 1,1,11.533682759,12.069724396,372.1,12744.2,cef01e047ca8dc2155f8,guanyinya_2023-07-08-birdnet-15_06_34,30.0,0.5360416370000003,True,audio/analysis_clips/guanyinya_2023-07-08-birdnet-15_06_34.wav
6,6,Spectrogram 1,1,14.161165536,14.771901499,1116.3,12837.2,ced10098eb660a57d4b8,guanyinya_2023-07-08-birdnet-15_06_34,30.0,0.6107359629999998,True,audio/analysis_clips/guanyinya_2023-07-08-birdnet-15_06_34.wav
7,7,Spectrogram 1,1,16.010948561,16.51623371,1581.4,12558.1,64ec6dced5abd2d14092,guanyinya_2023-07-08-birdnet-15_06_34,30.0,0.5052851490000023,True,audio/analysis_clips/guanyinya_2023-07-08-birdnet-15_06_34.wav
8,8,Spectrogram 1,1,17.983757535,18.484648901,1023.3,11348.8,f908e3c7012b1b9dd9e0,guanyinya_2023-07-08-birdnet-15_06_34,30.0,0.5008913660000012,True,audio/analysis_clips/guanyinya_2023-07-08-birdnet-15_06_34.wav
9,10,Spectrogram 1,1,0.096663246,0.386652984,744.2,10697.7,68ff0bab4c9df3b07e0b,guanyinya_2023-07-08-birdnet-15_06_34,30.0,0.289989738,True,audio/analysis_clips/guanyinya_2023-07-08-birdnet-15_06_34.wav
10,11,Spectrogram 1,1,1.116021112,1.278591117,1023.3,13395.3,c21377c6f558cb65432e,guanyinya_2023-07-08-birdnet-15_06_34,30.0,0.1625700049999998,True,audio/analysis_clips/guanyinya_2023-07-08-birdnet-15_06_34.wav
11,12,Spectrogram 1,1,1.564187071,1.770694915,930.2,10511.6,aa5e46e01012432255a9,guanyinya_2023-07-08-birdnet-15_06_34,30.0,0.2065078439999998,True,audio/analysis_clips/guanyinya_2023-07-08-birdnet-15_06_34.wav
12,13,Spectrogram 1,1,3.449120367,4.143338225,837.2,10883.7,48cee763d78c7e49e265,guanyinya_2023-07-08-birdnet-15_06_34,30.0,0.694217858,True,audio/analysis_clips/guanyinya_2023-07-08-birdnet-15_06_34.wav
13,14,Spectrogram 1,1,2.649451696,2.891109811,651.2,13488.4,d3850badeed1a4a21dcf,guanyinya_2023-07-08-birdnet-15_06_34,30.0,0.2416581150000003,True,audio/analysis_clips/guanyinya_2023-07-08-birdnet-15_06_34.wav
14,15,Spectrogram 1,1,3.080042519,3.383213609,930.2,13116.3,e301cbf0d1a0aa76b551,guanyinya_2023-07-08-birdnet-15_06_34,30.0,0.3031710899999997,True,audio/analysis_clips/guanyinya_2023-07-08-birdnet-15_06_34.wav
15,16,Spectrogram 1,1,4.200457415,4.82437473,465.1,13488.4,8ba7f6f72445857b64ac,guanyinya_2023-07-08-birdnet-15_06_34,30.0,0.6239173149999999,True,audio/analysis_clips/guanyinya_2023-07-08-birdnet-15_06_34.wav
16,18,Spectrogram 1,1,4.867655205,5.425665762,930.2,10976.7,63836f51b6035b792f26,guanyinya_2023-07-08-birdnet-15_06_34,30.0,0.5580105570000002,True,audio/analysis_clips/guanyinya_2023-07-08-birdnet-15_06_34.wav
17,19,Spectrogram 1,1,6.0979147,6.387904437,1488.4,14790.7,7c855a33b8c4966e1a94,guanyinya_2023-07-08-birdnet-15_06_34,30.0,0.2899897370000008,True,audio/analysis_clips/guanyinya_2023-07-08-birdnet-15_06_34.wav
18,20,Spectrogram 1,1,7.921335021,8.092692593,837.2,14511.6,3e05cc0f245064aa2ce8,guanyinya_2023-07-08-birdnet-15_06_34,30.0,0.1713575720000006,True,audio/analysis_clips/guanyinya_2023-07-08-birdnet-15_06_34.wav
19,21,Spectrogram 1,1,8.264050166,8.562827471,1023.3,13302.3,5382e85150a5eb378ecd,guanyinya_2023-07-08-birdnet-15_06_34,30.0,0.2987773049999997,True,audio/analysis_clips/guanyinya_2023-07-08-birdnet-15_06_34.wav
20,23,Spectrogram 1,1,11.111222138,11.453937282,1116.3,13209.3,1cfa560857380d08c730,guanyinya_2023-07-08-birdnet-15_06_34,30.0,0.3427151439999996,True,audio/analysis_clips/guanyinya_2023-07-08-birdnet-15_06_34.wav
21,24,Spectrogram 1,1,6.849096631,7.204993128,1023.3,14325.6,da9104e3e8d98b71791c,guanyinya_2023-07-08-birdnet-15_06_34,30.0,0.3558964969999998,True,audio/analysis_clips/guanyinya_2023-07-08-birdnet-15_06_34.wav
22,25,Spectrogram 1,1,13.109685016,13.689664492,372.1,15348.8,196b36e4c8ce7f255cde,guanyinya_2023-07-08-birdnet-15_06_34,30.0,0.5799794760000001,True,audio/analysis_clips/guanyinya_2023-07-08-birdnet-15_06_34.wav
23,28,Spectrogram 1,1,15.390335378,15.961527286,1023.3,12465.1,58bd94e5945db5d61914,guanyinya_2023-07-08-birdnet-15_06_34,30.0,0.5711919080000012,True,audio/analysis_clips/guanyinya_2023-07-08-birdnet-15_06_34.wav
24,29,Spectrogram 1,1,17.321438865,17.857480502,1023.3,11814.0,aba40da34ae246d3cb5d,guanyinya_2023-07-08-birdnet-15_06_34,30.0,0.5360416370000003,True,audio/analysis_clips/guanyinya_2023-07-08-birdnet-15_06_34.wav
25,32,Spectrogram 1,1,20.170703721,20.491449946,1116.3,13023.3,597c15288c776c997aff,guanyinya_2023-07-08-birdnet-15_06_34,30.0,0.3207462250000006,True,audio/analysis_clips/guanyinya_2023-07-08-birdnet-15_06_34.wav
26,33,Spectrogram 1,1,19.239221533,19.867532632,372.1,11069.8,1f60a62df2d1de1c510d,guanyinya_2023-07-08-birdnet-15_06_34,30.0,0.6283110990000011,True,audio/analysis_clips/guanyinya_2023-07-08-birdnet-15_06_34.wav
1,1,Spectrogram 1,1,7.025431066,7.520373372,945.8,14541.9,89c9ed4b603e64308e69,guanyinya_2023-07-08-birdnet-15_07_04_01,15.645291666666669,0.4949423059999995,True,audio/analysis_clips/guanyinya_2023-07-08-birdnet-15_07_04_01.wav
2,2,Spectrogram 1,1,8.134468456,8.766894736,709.4,14069.0,1058d8f703d1fa0d73df,guanyinya_2023-07-08-birdnet-15_07_04_01,15.645291666666669,0.6324262799999989,True,audio/analysis_clips/guanyinya_2023-07-08-birdnet-15_07_04_01.wav
3,4,Spectrogram 1,1,9.600964177,10.279218449,709.4,12768.5,de9a480180005aa0509f,guanyinya_2023-07-08-birdnet-15_07_04_01,15.645291666666669,0.6782542720000002,True,audio/analysis_clips/guanyinya_2023-07-08-birdnet-15_07_04_01.wav
4,5,Spectrogram 1,1,11.112670888,11.914660736,591.1,13004.9,99ef3f293f1b9d40eaef,guanyinya_2023-07-08-birdnet-15_07_04_01,15.645291666666669,0.8019898479999998,True,audio/analysis_clips/guanyinya_2023-07-08-birdnet-15_07_04_01.wav
5,6,Spectrogram 1,1,12.542504216,13.243672483,827.6,14896.6,23a1c21f2cfa6b3ef606,guanyinya_2023-07-08-birdnet-15_07_04_01,15.645291666666669,0.7011682669999999,True,audio/analysis_clips/guanyinya_2023-07-08-birdnet-15_07_04_01.wav
1,1,Spectrogram 1,1,0.309413376,0.565479619,930.2,15534.9,8cec272ab3e8653a3fdc,guanyinya_2023-07-11-birdnet-08_37_13_01,14.5698125,0.2560662429999999,True,audio/analysis_clips/guanyinya_2023-07-11-birdnet-08_37_13_01.wav
2,2,Spectrogram 1,1,0.723387135,1.049871594,372.1,12837.2,95ff7091f0de7b7f34ef,guanyinya_2023-07-11-birdnet-08_37_13_01,14.5698125,0.3264844590000001,True,audio/analysis_clips/guanyinya_2023-07-11-birdnet-08_37_13_01.wav
3,3,Spectrogram 1,1,1.214180766,1.425435416,930.2,12651.2,f1ce06cb52b771dc9162,guanyinya_2023-07-11-birdnet-08_37_13_01,14.5698125,0.2112546500000001,True,audio/analysis_clips/guanyinya_2023-07-11-birdnet-08_37_13_01.wav
4,4,Spectrogram 1,1,1.551334652,1.873551341,1023.3,12465.1,0a21801a7c7b608fa439,guanyinya_2023-07-11-birdnet-08_37_13_01,14.5698125,0.322216689,True,audio/analysis_clips/guanyinya_2023-07-11-birdnet-08_37_13_01.wav
5,5,Spectrogram 1,1,2.031458857,2.281123443,930.2,14232.6,6140eb7a193c52668e67,guanyinya_2023-07-11-birdnet-08_37_13_01,14.5698125,0.2496645859999997,True,audio/analysis_clips/guanyinya_2023-07-11-birdnet-08_37_13_01.wav
6,6,Spectrogram 1,1,2.548917659,2.986364156,837.2,15069.8,fedf9afd3c3ffe7dcb09,guanyinya_2023-07-11-birdnet-08_37_13_01,14.5698125,0.4374464970000002,True,audio/analysis_clips/guanyinya_2023-07-11-birdnet-08_37_13_01.wav
7,7,Spectrogram 1,1,3.075987341,3.385400718,651.2,12186.0,7b87f2106de0855c204c,guanyinya_2023-07-11-birdnet-08_37_13_01,14.5698125,0.3094133770000002,True,audio/analysis_clips/guanyinya_2023-07-11-birdnet-08_37_13_01.wav
8,8,Spectrogram 1,1,3.585985941,3.775901737,1023.3,12279.1,9f219875ef5afb936316,guanyinya_2023-07-11-birdnet-08_37_13_01,14.5698125,0.1899157959999997,True,audio/analysis_clips/guanyinya_2023-07-11-birdnet-08_37_13_01.wav
9,9,Spectrogram 1,1,4.409665687,4.716945178,1302.3,12837.2,4661ba23d9fddbd7aa41,guanyinya_2023-07-11-birdnet-08_37_13_01,14.5698125,0.3072794909999992,True,audio/analysis_clips/guanyinya_2023-07-11-birdnet-08_37_13_01.wav
10,10,Spectrogram 1,1,4.78949728,5.118115625,930.2,11069.8,413faf96b40acbfc307e,guanyinya_2023-07-11-birdnet-08_37_13_01,14.5698125,0.3286183449999997,True,audio/analysis_clips/guanyinya_2023-07-11-birdnet-08_37_13_01.wav
11,11,Spectrogram 1,1,6.001544163,6.212798813,1302.3,10976.7,e424f3caa91a9edef71c,guanyinya_2023-07-11-birdnet-08_37_13_01,14.5698125,0.2112546499999998,True,audio/analysis_clips/guanyinya_2023-07-11-birdnet-08_37_13_01.wav
12,12,Spectrogram 1,1,4.067807325,4.266258663,1674.4,12744.2,56e3e7782310031d2348,guanyinya_2023-07-11-birdnet-08_37_13_01,14.5698125,0.1984513379999999,True,audio/analysis_clips/guanyinya_2023-07-11-birdnet-08_37_13_01.wav
13,13,Spectrogram 1,1,6.410813444,6.581524272,1674.4,14511.6,c5e3e3e18efeaece42b4,guanyinya_2023-07-11-birdnet-08_37_13_01,14.5698125,0.1707108279999998,True,audio/analysis_clips/guanyinya_2023-07-11-birdnet-08_37_13_01.wav
14,14,Spectrogram 1,1,6.758636757,6.972025292,1767.4,12744.2,ef111a73b7859cc94bae,guanyinya_2023-07-11-birdnet-08_37_13_01,14.5698125,0.213388535,True,audio/analysis_clips/guanyinya_2023-07-11-birdnet-08_37_13_01.wav
15,15,Spectrogram 1,1,7.140602235,7.388132936,1116.3,14976.7,55b0cc6552906e056607,guanyinya_2023-07-11-birdnet-08_37_13_01,14.5698125,0.2475307009999996,True,audio/analysis_clips/guanyinya_2023-07-11-birdnet-08_37_13_01.wav
16,16,Spectrogram 1,1,7.477756121,7.906667077,1209.3,11162.8,8a456a7b655fa85150ee,guanyinya_2023-07-11-birdnet-08_37_13_01,14.5698125,0.4289109560000002,True,audio/analysis_clips/guanyinya_2023-07-11-birdnet-08_37_13_01.wav
17,17,Spectrogram 1,1,5.247845926,5.410021213,1209.3,14046.5,da9b046867b46b832656,guanyinya_2023-07-11-birdnet-08_37_13_01,14.5698125,0.1621752870000001,True,audio/analysis_clips/guanyinya_2023-07-11-birdnet-08_37_13_01.wav
18,18,Spectrogram 1,1,5.608472551,5.924287583,930.2,13023.3,a84c73b88cf459b7a722,guanyinya_2023-07-11-birdnet-08_37_13_01,14.5698125,0.3158150319999997,True,audio/analysis_clips/guanyinya_2023-07-11-birdnet-08_37_13_01.wav
19,19,Spectrogram 1,1,8.085913447,8.284364784,1023.3,15255.8,5eeacbb46b5d273efc85,guanyinya_2023-07-11-birdnet-08_37_13_01,14.5698125,0.1984513369999998,True,audio/analysis_clips/guanyinya_2023-07-11-birdnet-08_37_13_01.wav
20,20,Spectrogram 1,1,8.431602875,8.670598035,2139.5,13302.3,6431d47213c94c0a65f1,guanyinya_2023-07-11-birdnet-08_37_13_01,14.5698125,0.2389951599999999,True,audio/analysis_clips/guanyinya_2023-07-11-birdnet-08_37_13_01.wav
21,21,Spectrogram 1,1,8.849844405,9.103776762,744.2,15441.9,e7ab2c11d05ad7ac0aca,guanyinya_2023-07-11-birdnet-08_37_13_01,14.5698125,0.253932357,True,audio/analysis_clips/guanyinya_2023-07-11-birdnet-08_37_13_01.wav
22,22,Spectrogram 1,1,9.233943768,9.385449628,1395.3,8744.2,ff786ca7591b05078831,guanyinya_2023-07-11-birdnet-08_37_13_01,14.5698125,0.1515058600000003,True,audio/analysis_clips/guanyinya_2023-07-11-birdnet-08_37_13_01.wav
23,23,Spectrogram 1,1,10.426785681,10.580425426,1767.4,14232.6,76c1426a02916359d494,guanyinya_2023-07-11-birdnet-08_37_13_01,14.5698125,0.1536397449999995,True,audio/analysis_clips/guanyinya_2023-07-11-birdnet-08_37_13_01.wav
24,24,Spectrogram 1,1,11.182181096,11.41904237,1395.3,13395.3,3179a0022b3e9151ee73,guanyinya_2023-07-11-birdnet-08_37_13_01,14.5698125,0.2368612739999989,True,audio/analysis_clips/guanyinya_2023-07-11-birdnet-08_37_13_01.wav
25,25,Spectrogram 1,1,11.521468867,11.713518549,1860.5,10976.7,9bb6b027ae73b63362ef,guanyinya_2023-07-11-birdnet-08_37_13_01,14.5698125,0.1920496820000004,True,audio/analysis_clips/guanyinya_2023-07-11-birdnet-08_37_13_01.wav
26,26,Spectrogram 1,1,11.916237658,12.539332181,1023.3,14232.6,91dc6756f055ba4826fa,guanyinya_2023-07-11-birdnet-08_37_13_01,14.5698125,0.6230945230000007,True,audio/analysis_clips/guanyinya_2023-07-11-birdnet-08_37_13_01.wav
27,27,Spectrogram 1,1,12.64175868,12.867950527,1023.3,14046.5,9d5fa241d3e7b04ddbc3,guanyinya_2023-07-11-birdnet-08_37_13_01,14.5698125,0.226191846999999,True,audio/analysis_clips/guanyinya_2023-07-11-birdnet-08_37_13_01.wav
28,28,Spectrogram 1,1,13.002385304,13.324601993,651.2,11720.9,002d6bff9a4f74b6fa5d,guanyinya_2023-07-11-birdnet-08_37_13_01,14.5698125,0.3222166889999993,True,audio/analysis_clips/guanyinya_2023-07-11-birdnet-08_37_13_01.wav
29,29,Spectrogram 1,1,13.783387344,14.024516389,1488.4,12930.2,4be15d3394850e51e76f,guanyinya_2023-07-11-birdnet-08_37_13_01,14.5698125,0.2411290450000009,True,audio/analysis_clips/guanyinya_2023-07-11-birdnet-08_37_13_01.wav
30,30,Spectrogram 1,1,14.146147854,14.423965286,2418.6,9581.4,19280b13dfdae58f4c0c,guanyinya_2023-07-11-birdnet-08_37_13_01,14.5698125,0.2778174319999991,True,audio/analysis_clips/guanyinya_2023-07-11-birdnet-08_37_13_01.wav
31,31,Spectrogram 1,1,10.065503899,10.227679186,2046.5,12651.2,c92b69a032f93326e05c,guanyinya_2023-07-11-birdnet-08_37_13_01,14.5698125,0.1621752870000001,True,audio/analysis_clips/guanyinya_2023-07-11-birdnet-08_37_13_01.wav
32,32,Spectrogram 1,1,10.753757076,11.063170453,1581.4,12744.2,7f9b72677f6678f7ebe7,guanyinya_2023-07-11-birdnet-08_37_13_01,14.5698125,0.3094133770000002,True,audio/analysis_clips/guanyinya_2023-07-11-birdnet-08_37_13_01.wav
33,33,Spectrogram 1,1,13.482996444,13.743330457,930.2,11907.0,a4cdb9e389503ed92afd,guanyinya_2023-07-11-birdnet-08_37_13_01,14.5698125,0.2603340130000013,True,audio/analysis_clips/guanyinya_2023-07-11-birdnet-08_37_13_01.wav
1,1,Spectrogram 1,1,0.187071358,0.340606281,1548.4,8464.5,2b44c0c0052d01ffbb1c,guanyinya_2023-07-11-birdnet-08_38_43_01,6.068770833333334,0.153534923,True,audio/analysis_clips/guanyinya_2023-07-11-birdnet-08_38_43_01.wav
2,2,Spectrogram 1,1,0.364382471,0.500325611,3767.7,8206.5,4e59cafb45e8052fa409,guanyinya_2023-07-11-birdnet-08_38_43_01,6.068770833333334,0.1359431399999999,True,audio/analysis_clips/guanyinya_2023-07-11-birdnet-08_38_43_01.wav
3,4,Spectrogram 1,1,0.642549447,0.795459948,2139.5,8511.6,5e3ee06cd9ee7e46dbcf,guanyinya_2023-07-11-birdnet-08_38_43_01,6.068770833333334,0.1529105009999999,True,audio/analysis_clips/guanyinya_2023-07-11-birdnet-08_38_43_01.wav
4,5,Spectrogram 1,1,1.099654243,1.226537425,3302.3,9814.0,27f76578101f2a3add96,guanyinya_2023-07-11-birdnet-08_38_43_01,6.068770833333334,0.126883182,True,audio/analysis_clips/guanyinya_2023-07-11-birdnet-08_38_43_01.wav
5,6,Spectrogram 1,1,1.267205111,1.379447926,976.7,8604.7,ef8fc5d761aea253592c,guanyinya_2023-07-11-birdnet-08_38_43_01,6.068770833333334,0.1122428150000001,True,audio/analysis_clips/guanyinya_2023-07-11-birdnet-08_38_43_01.wav
6,7,Spectrogram 1,1,1.522598182,1.670628561,1907.0,9581.4,3d745b8379a7873a1e2c,guanyinya_2023-07-11-birdnet-08_38_43_01,6.068770833333334,0.1480303789999999,True,audio/analysis_clips/guanyinya_2023-07-11-birdnet-08_38_43_01.wav
7,8,Spectrogram 1,1,1.934721628,2.173155947,930.2,10279.1,e6509edab4d55dca87f9,guanyinya_2023-07-11-birdnet-08_38_43_01,6.068770833333334,0.2384343190000002,True,audio/analysis_clips/guanyinya_2023-07-11-birdnet-08_38_43_01.wav
8,10,Spectrogram 1,1,2.378121087,2.518017928,1767.4,10000.0,064ea3a87b378feecbee,guanyinya_2023-07-11-birdnet-08_38_43_01,6.068770833333334,0.1398968410000001,True,audio/analysis_clips/guanyinya_2023-07-11-birdnet-08_38_43_01.wav
9,11,Spectrogram 1,1,2.765277462,2.936081746,2558.1,10325.6,07fca206a4a26ef70af8,guanyinya_2023-07-11-birdnet-08_38_43_01,6.068770833333334,0.1708042840000003,True,audio/analysis_clips/guanyinya_2023-07-11-birdnet-08_38_43_01.wav
10,14,Spectrogram 1,1,3.17032762,3.494042404,837.2,10883.7,13fa7479106167433f0f,guanyinya_2023-07-11-birdnet-08_38_43_01,6.068770833333334,0.3237147839999998,True,audio/analysis_clips/guanyinya_2023-07-11-birdnet-08_38_43_01.wav
11,16,Spectrogram 1,1,3.611165341,3.829144141,1814.0,10744.2,a8eed6d0a96835d54ded,guanyinya_2023-07-11-birdnet-08_38_43_01,6.068770833333334,0.2179788,True,audio/analysis_clips/guanyinya_2023-07-11-birdnet-08_38_43_01.wav
12,17,Spectrogram 1,1,4.050376355,4.338303576,1069.8,10604.7,6e00f9e7ad86cb86ef9f,guanyinya_2023-07-11-birdnet-08_38_43_01,6.068770833333334,0.2879272210000003,True,audio/analysis_clips/guanyinya_2023-07-11-birdnet-08_38_43_01.wav
13,18,Spectrogram 1,1,4.515812555,4.701257206,1348.8,10186.0,4ac715f6295dd663ef72,guanyinya_2023-07-11-birdnet-08_38_43_01,6.068770833333334,0.185444651,True,audio/analysis_clips/guanyinya_2023-07-11-birdnet-08_38_43_01.wav
14,19,Spectrogram 1,1,5.26897811,5.402368122,1674.4,8279.1,b05b13d4a1daf61e1cc7,guanyinya_2023-07-11-birdnet-08_38_43_01,6.068770833333334,0.1333900120000004,True,audio/analysis_clips/guanyinya_2023-07-11-birdnet-08_38_43_01.wav
15,20,Spectrogram 1,1,5.439782393,5.573172405,3534.9,8372.1,141db169e2ababe31a99,guanyinya_2023-07-11-birdnet-08_38_43_01,6.068770833333334,0.1333900120000004,True,audio/analysis_clips/guanyinya_2023-07-11-birdnet-08_38_43_01.wav
16,21,Spectrogram 1,1,5.719576076,5.862726333,2139.5,8232.6,38a92324d1524a00ccac,guanyinya_2023-07-11-birdnet-08_38_43_01,6.068770833333334,0.1431502570000002,True,audio/analysis_clips/guanyinya_2023-07-11-birdnet-08_38_43_01.wav
1,1,Spectrogram 1,1,5.528836233,6.117232532,236.5,15133.0,51dae406eaffd31cabeb,guanyinya_2023-07-11-birdnet-08_39_13_01,8.4046875,0.5883962990000002,True,audio/analysis_clips/guanyinya_2023-07-11-birdnet-08_39_13_01.wav
2,2,Spectrogram 1,1,0.073114333,0.341200221,827.6,15605.9,28ede24209081cbe9455,guanyinya_2023-07-11-birdnet-08_39_13_01,8.4046875,0.268085888,True,audio/analysis_clips/guanyinya_2023-07-11-birdnet-08_39_13_01.wav
3,3,Spectrogram 1,1,0.463057443,0.647584093,1300.5,14069.0,24406753eee39548c6f3,guanyinya_2023-07-11-birdnet-08_39_13_01,8.4046875,0.1845266499999999,True,audio/analysis_clips/guanyinya_2023-07-11-birdnet-08_39_13_01.wav
4,4,Spectrogram 1,1,0.898261806,1.14197625,1655.2,14778.3,2f7e0947af529c243459,guanyinya_2023-07-11-birdnet-08_39_13_01,8.4046875,0.2437144439999998,True,audio/analysis_clips/guanyinya_2023-07-11-birdnet-08_39_13_01.wav
5,5,Spectrogram 1,1,1.256870202,1.629405137,1418.7,14778.3,975145b0aa3834c02b0b,guanyinya_2023-07-11-birdnet-08_39_13_01,8.4046875,0.372534935,True,audio/analysis_clips/guanyinya_2023-07-11-birdnet-08_39_13_01.wav
6,6,Spectrogram 1,1,1.806968517,2.050682961,1655.2,16078.8,7d7b733a8cfe0f97f3d1,guanyinya_2023-07-11-birdnet-08_39_13_01,8.4046875,0.243714444,True,audio/analysis_clips/guanyinya_2023-07-11-birdnet-08_39_13_01.wav
7,7,Spectrogram 1,1,2.155132008,2.492850594,827.6,14069.0,440a96fbd59094a8e9c3,guanyinya_2023-07-11-birdnet-08_39_13_01,8.4046875,0.3377185860000002,True,audio/analysis_clips/guanyinya_2023-07-11-birdnet-08_39_13_01.wav
8,8,Spectrogram 1,1,2.559001657,2.82360591,945.8,14896.6,1c0b2138971b696da3fa,guanyinya_2023-07-11-birdnet-08_39_13_01,8.4046875,0.2646042529999999,True,audio/analysis_clips/guanyinya_2023-07-11-birdnet-08_39_13_01.wav
9,9,Spectrogram 1,1,2.973316211,3.359777686,709.4,15369.5,19a4271c7a96ddb1314b,guanyinya_2023-07-11-birdnet-08_39_13_01,8.4046875,0.3864614749999999,True,audio/analysis_clips/guanyinya_2023-07-11-birdnet-08_39_13_01.wav
10,10,Spectrogram 1,1,3.446818558,3.666161558,1773.4,13950.7,5c94a225cc8091a3382a,guanyinya_2023-07-11-birdnet-08_39_13_01,8.4046875,0.2193430000000003,True,audio/analysis_clips/guanyinya_2023-07-11-birdnet-08_39_13_01.wav
11,11,Spectrogram 1,1,3.819353494,4.23625444,1655.2,12413.8,d12645e68def9f1fd86f,guanyinya_2023-07-11-birdnet-08_39_13_01,8.4046875,0.4169009459999997,True,audio/analysis_clips/guanyinya_2023-07-11-birdnet-08_39_13_01.wav
12,12,Spectrogram 1,1,4.730646597,4.97436104,945.8,15014.8,314a32b331445c6f5038,guanyinya_2023-07-11-birdnet-08_39_13_01,8.4046875,0.243714443,True,audio/analysis_clips/guanyinya_2023-07-11-birdnet-08_39_13_01.wav
13,13,Spectrogram 1,1,5.117108071,5.336451071,2719.2,12650.2,6e3aa094b3f78e0e7fe8,guanyinya_2023-07-11-birdnet-08_39_13_01,8.4046875,0.2193430000000003,True,audio/analysis_clips/guanyinya_2023-07-11-birdnet-08_39_13_01.wav
14,14,Spectrogram 1,1,6.527170209,6.732586668,1182.3,14423.6,5ae95adff392174fdf06,guanyinya_2023-07-11-birdnet-08_39_13_01,8.4046875,0.2054164589999993,True,audio/analysis_clips/guanyinya_2023-07-11-birdnet-08_39_13_01.wav
15,15,Spectrogram 1,1,6.871852065,7.139937953,1418.7,14896.6,a953074abbcece3a138f,guanyinya_2023-07-11-birdnet-08_39_13_01,8.4046875,0.2680858879999999,True,audio/analysis_clips/guanyinya_2023-07-11-birdnet-08_39_13_01.wav
16,16,Spectrogram 1,1,7.411505475,7.62736684,2246.3,12768.5,1fc376b36fc0ab264d43,guanyinya_2023-07-11-birdnet-08_39_13_01,8.4046875,0.2158613649999994,True,audio/analysis_clips/guanyinya_2023-07-11-birdnet-08_39_13_01.wav
17,17,Spectrogram 1,1,7.97553033,8.222726409,1655.2,15369.5,cbdb04a69f615352fc30,guanyinya_2023-07-11-birdnet-08_39_13_01,8.4046875,0.247196079,True,audio/analysis_clips/guanyinya_2023-07-11-birdnet-08_39_13_01.wav
1,1,Spectrogram 1,1,0.304036972,0.618380282,849.6,11734.5,712b6fcff12a63b6369e,guanyinya_2023-07-11-birdnet-08_40_13__bout_004,2.0733125,0.3143433099999999,True,audio/analysis_clips/guanyinya_2023-07-11-birdnet-08_40_13__bout_004.wav
2,2,Spectrogram 1,1,0.724879108,1.238478286,902.7,14230.1,5aa669b77a323cf97db7,guanyinya_2023-07-11-birdnet-08_40_13__bout_004,2.0733125,0.5135991780000001,True,audio/analysis_clips/guanyinya_2023-07-11-birdnet-08_40_13__bout_004.wav
3,4,Spectrogram 1,1,1.375896127,1.533926643,1380.5,10991.2,a216ce8767f3ddfc6d72,guanyinya_2023-07-11-birdnet-08_40_13__bout_004,2.0733125,0.1580305159999999,True,audio/analysis_clips/guanyinya_2023-07-11-birdnet-08_40_13__bout_004.wav
4,5,Spectrogram 1,1,1.652449531,1.779561033,955.8,10513.3,bb5400338ecc68ac876b,guanyinya_2023-07-11-birdnet-08_40_13__bout_004,2.0733125,0.127111502,True,audio/analysis_clips/guanyinya_2023-07-11-birdnet-08_40_13__bout_004.wav
5,6,Spectrogram 1,1,1.855140845,2.062985329,1274.3,10938.1,142485cbc8557724f483,guanyinya_2023-07-11-birdnet-08_40_13__bout_004,2.0733125,0.207844484,True,audio/analysis_clips/guanyinya_2023-07-11-birdnet-08_40_13__bout_004.wav
1,1,Spectrogram 1,1,0.290943662,0.548982981,955.8,12690.3,9b1c2e13f86064099bc3,guanyinya_2023-07-11-birdnet-08_40_43__bout_005_01,2.0903125,0.258039319,True,audio/analysis_clips/guanyinya_2023-07-11-birdnet-08_40_43__bout_005_01.wav
2,2,Spectrogram 1,1,0.71696831,0.949030516,584.1,13539.8,67c6da6a11cb6981ca78,guanyinya_2023-07-11-birdnet-08_40_43__bout_005_01,2.0903125,0.2320622059999999,True,audio/analysis_clips/guanyinya_2023-07-11-birdnet-08_40_43__bout_005_01.wav
3,3,Spectrogram 1,1,1.096234155,1.304051056,2017.7,10831.9,8d37918b845337fffcde,guanyinya_2023-07-11-birdnet-08_40_43__bout_005_01,2.0903125,0.2078169009999999,True,audio/analysis_clips/guanyinya_2023-07-11-birdnet-08_40_43__bout_005_01.wav
4,4,Spectrogram 1,1,1.439132042,1.724880282,955.8,9610.6,b26225b5edaa1229636a,guanyinya_2023-07-11-birdnet-08_40_43__bout_005_01,2.0903125,0.28574824,True,audio/analysis_clips/guanyinya_2023-07-11-birdnet-08_40_43__bout_005_01.wav
5,5,Spectrogram 1,1,1.875547535,2.059119131,1592.9,8973.5,2e11529cbfae7cb1f06b,guanyinya_2023-07-11-birdnet-08_40_43__bout_005_01,2.0903125,0.1835715960000001,True,audio/analysis_clips/guanyinya_2023-07-11-birdnet-08_40_43__bout_005_01.wav
1,1,Spectrogram 1,1,0.120775195,0.260620159,930.2,12372.1,f516aa515590be3b2473,guanyinya_2023-07-11-birdnet-08_41_43_01,10.8504375,0.139844964,True,audio/analysis_clips/guanyinya_2023-07-11-birdnet-08_41_43_01.wav
2,2,Spectrogram 1,1,0.343255819,0.603875977,1116.3,12837.2,e7ab94c27e917284000e,guanyinya_2023-07-11-birdnet-08_41_43_01,10.8504375,0.2606201579999999,True,audio/analysis_clips/guanyinya_2023-07-11-birdnet-08_41_43_01.wav
3,3,Spectrogram 1,1,0.804108538,1.029767456,1488.4,12465.1,1e514339b6525bcdffc0,guanyinya_2023-07-11-birdnet-08_41_43_01,10.8504375,0.225658918,True,audio/analysis_clips/guanyinya_2023-07-11-birdnet-08_41_43_01.wav
4,4,Spectrogram 1,1,1.220465133,1.512868237,1116.3,12558.1,40efbbfc873ee053b60e,guanyinya_2023-07-11-birdnet-08_41_43_01,10.8504375,0.2924031039999999,True,audio/analysis_clips/guanyinya_2023-07-11-birdnet-08_41_43_01.wav
5,5,Spectrogram 1,1,1.598682192,1.852945761,930.2,12837.2,422db3dedd74e5a76a6d,guanyinya_2023-07-11-birdnet-08_41_43_01,10.8504375,0.2542635689999999,True,audio/analysis_clips/guanyinya_2023-07-11-birdnet-08_41_43_01.wav
6,6,Spectrogram 1,1,2.250232588,2.40279073,930.2,13302.3,0765a23a0c371904a0d1,guanyinya_2023-07-11-birdnet-08_41_43_01,10.8504375,0.1525581420000001,True,audio/analysis_clips/guanyinya_2023-07-11-birdnet-08_41_43_01.wav
7,7,Spectrogram 1,1,2.434573676,2.784186084,1209.3,13116.3,c7a7760ac0128cc304ec,guanyinya_2023-07-11-birdnet-08_41_43_01,10.8504375,0.349612408,True,audio/analysis_clips/guanyinya_2023-07-11-birdnet-08_41_43_01.wav
8,8,Spectrogram 1,1,2.841395387,3.092480662,1023.3,13953.5,cd9215b9dd4376cf8fd1,guanyinya_2023-07-11-birdnet-08_41_43_01,10.8504375,0.2510852749999999,True,audio/analysis_clips/guanyinya_2023-07-11-birdnet-08_41_43_01.wav
9,9,Spectrogram 1,1,3.165581438,3.464341132,1302.3,12186.0,39c85fe89a8adb7cf48c,guanyinya_2023-07-11-birdnet-08_41_43_01,10.8504375,0.2987596940000001,True,audio/analysis_clips/guanyinya_2023-07-11-birdnet-08_41_43_01.wav
10,10,Spectrogram 1,1,3.623255863,3.785348888,1209.3,13395.3,6b7cba7d2ddc9e7595c1,guanyinya_2023-07-11-birdnet-08_41_43_01,10.8504375,0.1620930250000003,True,audio/analysis_clips/guanyinya_2023-07-11-birdnet-08_41_43_01.wav
11,11,Spectrogram 1,1,4.023720984,4.243023313,930.2,13581.4,4a520718d1c655f46d62,guanyinya_2023-07-11-birdnet-08_41_43_01,10.8504375,0.2193023290000004,True,audio/analysis_clips/guanyinya_2023-07-11-birdnet-08_41_43_01.wav
12,12,Spectrogram 1,1,4.4273644,4.621240372,1116.3,8651.2,bbf431c92e9c02054b1c,guanyinya_2023-07-11-birdnet-08_41_43_01,10.8504375,0.1938759719999998,True,audio/analysis_clips/guanyinya_2023-07-11-birdnet-08_41_43_01.wav
13,13,Spectrogram 1,1,4.646666729,5.005814021,837.2,12372.1,e77c49b3a38dbe1eb6a4,guanyinya_2023-07-11-birdnet-08_41_43_01,10.8504375,0.3591472920000003,True,audio/analysis_clips/guanyinya_2023-07-11-birdnet-08_41_43_01.wav
14,14,Spectrogram 1,1,5.075736502,5.447596972,1302.3,15255.8,37b37d3c4d74874cfc2e,guanyinya_2023-07-11-birdnet-08_41_43_01,10.8504375,0.3718604700000005,True,audio/analysis_clips/guanyinya_2023-07-11-birdnet-08_41_43_01.wav
15,15,Spectrogram 1,1,5.511162865,5.816279148,837.2,13395.3,be0d5d11400560365327,guanyinya_2023-07-11-birdnet-08_41_43_01,10.8504375,0.3051162829999994,True,audio/analysis_clips/guanyinya_2023-07-11-birdnet-08_41_43_01.wav
16,16,Spectrogram 1,1,5.943410932,6.207209386,1116.3,15069.8,54231a458211e2225dfb,guanyinya_2023-07-11-birdnet-08_41_43_01,10.8504375,0.2637984539999998,True,audio/analysis_clips/guanyinya_2023-07-11-birdnet-08_41_43_01.wav
17,17,Spectrogram 1,1,6.273953573,6.607674507,837.2,11907.0,601d32d305de90c6946f,guanyinya_2023-07-11-birdnet-08_41_43_01,10.8504375,0.3337209339999996,True,audio/analysis_clips/guanyinya_2023-07-11-birdnet-08_41_43_01.wav
18,18,Spectrogram 1,1,6.683953578,6.909612496,1488.4,14232.6,015831632a4a7cd3222c,guanyinya_2023-07-11-birdnet-08_41_43_01,10.8504375,0.2256589180000006,True,audio/analysis_clips/guanyinya_2023-07-11-birdnet-08_41_43_01.wav
19,19,Spectrogram 1,1,7.004961334,7.300542734,1209.3,12744.2,e015f793033bb6cfc596,guanyinya_2023-07-11-birdnet-08_41_43_01,10.8504375,0.2955814000000005,True,audio/analysis_clips/guanyinya_2023-07-11-birdnet-08_41_43_01.wav
20,20,Spectrogram 1,1,7.443565994,7.936201659,930.2,14790.7,1ed4fe8eb09936c99e7d,guanyinya_2023-07-11-birdnet-08_41_43_01,10.8504375,0.4926356649999999,True,audio/analysis_clips/guanyinya_2023-07-11-birdnet-08_41_43_01.wav
21,21,Spectrogram 1,1,7.993410962,8.254031121,1023.3,14511.6,57ad533faa5a85095392,guanyinya_2023-07-11-birdnet-08_41_43_01,10.8504375,0.260620159000001,True,audio/analysis_clips/guanyinya_2023-07-11-birdnet-08_41_43_01.wav
22,22,Spectrogram 1,1,8.339845075,8.695814072,1023.3,13209.3,f7d9b865dae3a01f9d9f,guanyinya_2023-07-11-birdnet-08_41_43_01,10.8504375,0.3559689969999997,True,audio/analysis_clips/guanyinya_2023-07-11-birdnet-08_41_43_01.wav
23,23,Spectrogram 1,1,8.711705545,8.991395472,1302.3,13023.3,0cc9bc4ae21b4bd2fca6,guanyinya_2023-07-11-birdnet-08_41_43_01,10.8504375,0.2796899270000015,True,audio/analysis_clips/guanyinya_2023-07-11-birdnet-08_41_43_01.wav
24,24,Spectrogram 1,1,9.096279194,9.430000129,1209.3,14139.5,47e860cf6fb0cf592f32,guanyinya_2023-07-11-birdnet-08_41_43_01,10.8504375,0.3337209350000005,True,audio/analysis_clips/guanyinya_2023-07-11-birdnet-08_41_43_01.wav
25,25,Spectrogram 1,1,9.525348967,9.770077653,1023.3,15627.9,0d118f9d866b5c5e5372,guanyinya_2023-07-11-birdnet-08_41_43_01,10.8504375,0.2447286860000002,True,audio/analysis_clips/guanyinya_2023-07-11-birdnet-08_41_43_01.wav
26,26,Spectrogram 1,1,10.148294712,10.351705567,1302.3,13302.3,3289517cb0acd5a97781,guanyinya_2023-07-11-birdnet-08_41_43_01,10.8504375,0.2034108549999995,True,audio/analysis_clips/guanyinya_2023-07-11-birdnet-08_41_43_01.wav
27,27,Spectrogram 1,1,10.586899369,10.831628055,1302.3,11814.0,9d38e965c2ad299500f2,guanyinya_2023-07-11-birdnet-08_41_43_01,10.8504375,0.2447286860000002,True,audio/analysis_clips/guanyinya_2023-07-11-birdnet-08_41_43_01.wav
1,1,Spectrogram 1,1,0.189069486,0.392370009,1168.1,11203.5,ef2274115bcfc830da1a,guanyinya_2023-07-11-birdnet-08_42_13_01,6.940520833333333,0.203300523,True,audio/analysis_clips/guanyinya_2023-07-11-birdnet-08_42_13_01.wav
2,2,Spectrogram 1,1,0.591604521,0.843697169,613.4,11790.8,1b1c5a5457f94b6d8a02,guanyinya_2023-07-11-birdnet-08_42_13_01,6.940520833333333,0.252092648,True,audio/analysis_clips/guanyinya_2023-07-11-birdnet-08_42_13_01.wav
3,3,Spectrogram 1,1,0.994139555,1.181176036,954.2,13358.4,82db22b682a2454fa425,guanyinya_2023-07-11-birdnet-08_42_13_01,6.940520833333333,0.1870364810000001,True,audio/analysis_clips/guanyinya_2023-07-11-birdnet-08_42_13_01.wav
4,4,Spectrogram 1,1,1.290958318,1.599975113,613.4,11995.3,7f72ad4eff41663ca0dc,guanyinya_2023-07-11-birdnet-08_42_13_01,6.940520833333333,0.309016795,True,audio/analysis_clips/guanyinya_2023-07-11-birdnet-08_42_13_01.wav
5,5,Spectrogram 1,1,1.695526358,1.996411132,613.4,14653.3,18431a87fe380e00d04b,guanyinya_2023-07-11-birdnet-08_42_13_01,6.940520833333333,0.300884774,True,audio/analysis_clips/guanyinya_2023-07-11-birdnet-08_42_13_01.wav
6,6,Spectrogram 1,1,2.152102142,2.513977072,749.7,12813.1,857e941269024c857ff9,guanyinya_2023-07-11-birdnet-08_42_13_01,6.940520833333333,0.3618749299999999,True,audio/analysis_clips/guanyinya_2023-07-11-birdnet-08_42_13_01.wav
7,7,Spectrogram 1,1,2.707112569,3.016129363,272.6,13017.6,553c5105e16940515550,guanyinya_2023-07-11-birdnet-08_42_13_01,6.940520833333333,0.3090167940000001,True,audio/analysis_clips/guanyinya_2023-07-11-birdnet-08_42_13_01.wav
8,8,Spectrogram 1,1,2.568868213,2.650188422,681.5,12199.7,51e86e25e5468c128f4a,guanyinya_2023-07-11-birdnet-08_42_13_01,6.940520833333333,0.0813202089999998,True,audio/analysis_clips/guanyinya_2023-07-11-birdnet-08_42_13_01.wav
9,9,Spectrogram 1,1,3.176736776,3.43492844,817.9,13085.7,8a883170ac33e741fe71,guanyinya_2023-07-11-birdnet-08_42_13_01,6.940520833333333,0.2581916640000004,True,audio/analysis_clips/guanyinya_2023-07-11-birdnet-08_42_13_01.wav
10,10,Spectrogram 1,1,3.491852586,3.806968396,954.2,11722.6,bb56352dfb369fa8fc0a,guanyinya_2023-07-11-birdnet-08_42_13_01,6.940520833333333,0.31511581,True,audio/analysis_clips/guanyinya_2023-07-11-birdnet-08_42_13_01.wav
11,11,Spectrogram 1,1,3.93708073,4.237965504,681.5,11518.2,bb78f28e74fc9954c742,guanyinya_2023-07-11-birdnet-08_42_13_01,6.940520833333333,0.300884774,True,audio/analysis_clips/guanyinya_2023-07-11-birdnet-08_42_13_01.wav
12,12,Spectrogram 1,1,4.34017653,4.573972131,613.4,13835.4,f0b129b1795996ac3289,guanyinya_2023-07-11-birdnet-08_42_13_01,6.940520833333333,0.2337956009999997,True,audio/analysis_clips/guanyinya_2023-07-11-birdnet-08_42_13_01.wav
13,13,Spectrogram 1,1,4.862658873,5.004969239,1158.6,12131.6,351dbf4bf30db41591b8,guanyinya_2023-07-11-birdnet-08_42_13_01,6.940520833333333,0.1423103660000002,True,audio/analysis_clips/guanyinya_2023-07-11-birdnet-08_42_13_01.wav
14,14,Spectrogram 1,1,5.086289448,5.395306242,749.7,11450.0,3f80e645aba87e3ccc78,guanyinya_2023-07-11-birdnet-08_42_13_01,6.940520833333333,0.3090167940000006,True,audio/analysis_clips/guanyinya_2023-07-11-birdnet-08_42_13_01.wav
15,15,Spectrogram 1,1,5.480692462,5.710422052,1294.9,12199.7,01f2fe9e84cf7d62fad1,guanyinya_2023-07-11-birdnet-08_42_13_01,6.940520833333333,0.2297295899999998,True,audio/analysis_clips/guanyinya_2023-07-11-birdnet-08_42_13_01.wav
16,16,Spectrogram 1,1,5.862897444,6.060098951,1090.5,13426.5,3101835b9fc23ba301f1,guanyinya_2023-07-11-birdnet-08_42_13_01,6.940520833333333,0.1972015069999999,True,audio/analysis_clips/guanyinya_2023-07-11-birdnet-08_42_13_01.wav
17,17,Spectrogram 1,1,6.210541338,6.432138907,2181.0,11790.8,831807dc2eabe25bfb7c,guanyinya_2023-07-11-birdnet-08_42_13_01,6.940520833333333,0.221597569,True,audio/analysis_clips/guanyinya_2023-07-11-birdnet-08_42_13_01.wav
18,18,Spectrogram 1,1,6.647980486,6.887875103,954.2,13971.7,a7f249040e79c5c733a5,guanyinya_2023-07-11-birdnet-08_42_13_01,6.940520833333333,0.239894617,True,audio/analysis_clips/guanyinya_2023-07-11-birdnet-08_42_13_01.wav
1,1,Spectrogram 1,1,0.324557762,0.793363418,131.6,8879.9,b47667208131cccfea69,guanyinya_2024-06-26-birdnet-12_35_44_01,12.43625,0.4688056559999999,True,audio/analysis_clips/guanyinya_2024-06-26-birdnet-12_35_44_01.wav
2,2,Spectrogram 1,1,0.958218155,1.300806903,855.1,9800.8,3ec5eb4e1fb77dda9101,guanyinya_2024-06-26-birdnet-12_35_44_01,12.43625,0.342588748,True,audio/analysis_clips/guanyinya_2024-06-26-birdnet-12_35_44_01.wav
3,3,Spectrogram 1,1,1.47081335,1.800522823,394.7,10327.0,6a0822998af90be50f7e,guanyinya_2024-06-26-birdnet-12_35_44_01,12.43625,0.3297094730000001,True,audio/analysis_clips/guanyinya_2024-06-26-birdnet-12_35_44_01.wav
4,4,Spectrogram 1,1,1.983408546,2.28478361,1249.8,9340.4,955b3eae47f9d8c78aff,guanyinya_2024-06-26-birdnet-12_35_44_01,12.43625,0.3013750639999999,True,audio/analysis_clips/guanyinya_2024-06-26-birdnet-12_35_44_01.wav
5,5,Spectrogram 1,1,2.398121242,2.869502753,1118.2,8156.4,5568b1e42f82feacbc41,guanyinya_2024-06-26-birdnet-12_35_44_01,12.43625,0.4713815109999997,True,audio/analysis_clips/guanyinya_2024-06-26-birdnet-12_35_44_01.wav
6,6,Spectrogram 1,1,2.966342803,3.306355697,394.7,9208.8,269fcbe93ba9e70a88d7,guanyinya_2024-06-26-birdnet-12_35_44_01,12.43625,0.340012894,True,audio/analysis_clips/guanyinya_2024-06-26-birdnet-12_35_44_01.wav
7,7,Spectrogram 1,1,3.471210433,3.790616484,394.7,9406.2,cee66b990da380eac941,guanyinya_2024-06-26-birdnet-12_35_44_01,12.43625,0.3194060510000001,True,audio/analysis_clips/guanyinya_2024-06-26-birdnet-12_35_44_01.wav
8,8,Spectrogram 1,1,3.932288523,4.153812075,526.2,9406.2,491e9f40cb9b5127e7cb,guanyinya_2024-06-26-birdnet-12_35_44_01,12.43625,0.2215235520000003,True,audio/analysis_clips/guanyinya_2024-06-26-birdnet-12_35_44_01.wav
9,9,Spectrogram 1,1,4.40109418,4.712772665,855.1,9340.4,81ccc25b6f5a6db6d15d,guanyinya_2024-06-26-birdnet-12_35_44_01,12.43625,0.3116784849999998,True,audio/analysis_clips/guanyinya_2024-06-26-birdnet-12_35_44_01.wav
10,10,Spectrogram 1,1,4.900810099,5.379919176,394.7,8682.6,b60a5cc179024226c7fa,guanyinya_2024-06-26-birdnet-12_35_44_01,12.43625,0.4791090769999995,True,audio/analysis_clips/guanyinya_2024-06-26-birdnet-12_35_44_01.wav
11,11,Spectrogram 1,1,5.452043123,5.77917674,131.6,12234.6,2697c67ef9603d20024e,guanyinya_2024-06-26-birdnet-12_35_44_01,12.43625,0.3271336169999994,True,audio/analysis_clips/guanyinya_2024-06-26-birdnet-12_35_44_01.wav
12,12,Spectrogram 1,1,5.927517211,6.179951025,526.2,10458.6,f3b8ae304cc787d7d16f,guanyinya_2024-06-26-birdnet-12_35_44_01,12.43625,0.2524338140000006,True,audio/analysis_clips/guanyinya_2024-06-26-birdnet-12_35_44_01.wav
13,13,Spectrogram 1,1,6.434960696,6.875431944,328.9,9866.6,a799d5b7d0022a2bc6fc,guanyinya_2024-06-26-birdnet-12_35_44_01,12.43625,0.4404712479999997,True,audio/analysis_clips/guanyinya_2024-06-26-birdnet-12_35_44_01.wav
14,14,Spectrogram 1,1,6.983617865,7.23605168,263.1,10063.9,791de4d33e899028ef32,guanyinya_2024-06-26-birdnet-12_35_44_01,12.43625,0.2524338149999998,True,audio/analysis_clips/guanyinya_2024-06-26-birdnet-12_35_44_01.wav
15,15,Spectrogram 1,1,7.449847666,7.776981283,0.0,10392.8,b83e55eee107b6e27826,guanyinya_2024-06-26-birdnet-12_35_44_01,12.43625,0.3271336169999994,True,audio/analysis_clips/guanyinya_2024-06-26-birdnet-12_35_44_01.wav
16,16,Spectrogram 1,1,8.024263387,8.45185536,0.0,9669.3,083487df00b1ef189171,guanyinya_2024-06-26-birdnet-12_35_44_01,12.43625,0.4275919730000002,True,audio/analysis_clips/guanyinya_2024-06-26-birdnet-12_35_44_01.wav
17,17,Spectrogram 1,1,8.670803056,9.018543515,526.2,11774.2,2fbcc678cb278896a360,guanyinya_2024-06-26-birdnet-12_35_44_01,12.43625,0.3477404589999988,True,audio/analysis_clips/guanyinya_2024-06-26-birdnet-12_35_44_01.wav
18,18,Spectrogram 1,1,9.229763633,9.580079948,0.0,9800.8,43b394440ff860405d8d,guanyinya_2024-06-26-birdnet-12_35_44_01,12.43625,0.3503163150000006,True,audio/analysis_clips/guanyinya_2024-06-26-birdnet-12_35_44_01.wav
19,19,Spectrogram 1,1,9.783572513,10.226619617,65.8,9800.8,18ba405f6216a47246e8,guanyinya_2024-06-26-birdnet-12_35_44_01,12.43625,0.4430471040000014,True,audio/analysis_clips/guanyinya_2024-06-26-birdnet-12_35_44_01.wav
20,20,Spectrogram 1,1,10.293591853,10.522842971,592.0,9800.8,dc767422527ebb322b71,guanyinya_2024-06-26-birdnet-12_35_44_01,12.43625,0.2292511179999987,True,audio/analysis_clips/guanyinya_2024-06-26-birdnet-12_35_44_01.wav
21,21,Spectrogram 1,1,10.777852641,11.104986258,0.0,10392.8,15f696ff9599adf11613,guanyinya_2024-06-26-birdnet-12_35_44_01,12.43625,0.3271336169999994,True,audio/analysis_clips/guanyinya_2024-06-26-birdnet-12_35_44_01.wav
22,22,Spectrogram 1,1,11.23289612,11.717156908,460.4,9866.6,6e7a378294dd869c4bb8,guanyinya_2024-06-26-birdnet-12_35_44_01,12.43625,0.4842607880000003,True,audio/analysis_clips/guanyinya_2024-06-26-birdnet-12_35_44_01.wav
23,23,Spectrogram 1,1,11.876859934,12.270965788,394.7,9866.6,fb85fda0f472739a2174,guanyinya_2024-06-26-birdnet-12_35_44_01,12.43625,0.3941058539999993,True,audio/analysis_clips/guanyinya_2024-06-26-birdnet-12_35_44_01.wav
1,1,Spectrogram 1,1,1.057375958,1.486790648,0.0,10919.0,34a0a8e5dac1159c7a6b,liangzhuang_2023-05-25-birdnet-17_23_30_01,11.146333333333333,0.42941469,True,audio/analysis_clips/liangzhuang_2023-05-25-birdnet-17_23_30_01.wav
2,2,Spectrogram 1,1,0.263189649,0.595639732,197.3,9800.8,6bf3e365f2542e6d2fd5,liangzhuang_2023-05-25-birdnet-17_23_30_01,11.146333333333333,0.3324500829999999,True,audio/analysis_clips/liangzhuang_2023-05-25-birdnet-17_23_30_01.wav
3,5,Spectrogram 1,1,0.683369615,0.921163771,460.4,10195.5,bc62b88448febbd755e9,liangzhuang_2023-05-25-birdnet-17_23_30_01,11.146333333333333,0.2377941559999999,True,audio/analysis_clips/liangzhuang_2023-05-25-birdnet-17_23_30_01.wav
4,6,Spectrogram 1,1,1.569903169,1.886192484,131.6,9669.3,ec575f17bb9b7e3082f9,liangzhuang_2023-05-25-birdnet-17_23_30_01,11.146333333333333,0.3162893149999999,True,audio/analysis_clips/liangzhuang_2023-05-25-birdnet-17_23_30_01.wav
5,7,Spectrogram 1,1,1.978539729,2.220951248,131.6,9471.9,9d3073e865473c0791d5,liangzhuang_2023-05-25-birdnet-17_23_30_01,11.146333333333333,0.242411519,True,audio/analysis_clips/liangzhuang_2023-05-25-birdnet-17_23_30_01.wav
6,8,Spectrogram 1,1,2.391930484,2.488895092,723.6,8814.2,98e41029b2f943c5066c,liangzhuang_2023-05-25-birdnet-17_23_30_01,11.146333333333333,0.0969646079999999,True,audio/analysis_clips/liangzhuang_2023-05-25-birdnet-17_23_30_01.wav
7,9,Spectrogram 1,1,3.024509114,3.262303271,460.4,9932.4,659367a3883ca92952f3,liangzhuang_2023-05-25-birdnet-17_23_30_01,11.146333333333333,0.2377941569999997,True,audio/analysis_clips/liangzhuang_2023-05-25-birdnet-17_23_30_01.wav
8,10,Spectrogram 1,1,3.410058863,3.774830482,197.3,11511.0,83453dbe1a0d530da9df,liangzhuang_2023-05-25-birdnet-17_23_30_01,11.146333333333333,0.3647716189999999,True,audio/analysis_clips/liangzhuang_2023-05-25-birdnet-17_23_30_01.wav
9,11,Spectrogram 1,1,3.802534655,4.130649839,65.8,10129.7,9ca6f2c3a658dece2c98,liangzhuang_2023-05-25-birdnet-17_23_30_01,11.146333333333333,0.328115184,True,audio/analysis_clips/liangzhuang_2023-05-25-birdnet-17_23_30_01.wav
10,12,Spectrogram 1,1,4.236566708,4.472052183,460.4,9603.5,4c5ba728b136029f6558,liangzhuang_2023-05-25-birdnet-17_23_30_01,11.146333333333333,0.2354854749999999,True,audio/analysis_clips/liangzhuang_2023-05-25-birdnet-17_23_30_01.wav
11,13,Spectrogram 1,1,4.885306106,5.206212783,592.0,9603.5,19d0ec8c39c7f10c8479,liangzhuang_2023-05-25-birdnet-17_23_30_01,11.146333333333333,0.320906677,True,audio/analysis_clips/liangzhuang_2023-05-25-birdnet-17_23_30_01.wav
12,14,Spectrogram 1,1,5.333190245,5.725666037,65.8,10655.9,cfecaa9acce76f6ad4ce,liangzhuang_2023-05-25-birdnet-17_23_30_01,11.146333333333333,0.3924757919999999,True,audio/analysis_clips/liangzhuang_2023-05-25-birdnet-17_23_30_01.wav
13,15,Spectrogram 1,1,5.762604931,6.074276884,460.4,10063.9,a662afddc086adebfd36,liangzhuang_2023-05-25-birdnet-17_23_30_01,11.146333333333333,0.3116719529999994,True,audio/analysis_clips/liangzhuang_2023-05-25-birdnet-17_23_30_01.wav
14,16,Spectrogram 1,1,6.15572161,6.529727953,131.6,11445.3,1652f0e81b908c3cde0e,liangzhuang_2023-05-25-birdnet-17_23_30_01,11.146333333333333,0.3740063430000004,True,audio/analysis_clips/liangzhuang_2023-05-25-birdnet-17_23_30_01.wav
15,17,Spectrogram 1,1,6.746743979,6.942981876,1578.7,10327.0,c14445d25fbc9f93ddfd,liangzhuang_2023-05-25-birdnet-17_23_30_01,11.146333333333333,0.1962378970000005,True,audio/analysis_clips/liangzhuang_2023-05-25-birdnet-17_23_30_01.wav
16,18,Spectrogram 1,1,7.446014904,7.699969828,723.6,10458.6,7178761fb46c0ac6093b,liangzhuang_2023-05-25-birdnet-17_23_30_01,11.146333333333333,0.2539549240000003,True,audio/analysis_clips/liangzhuang_2023-05-25-birdnet-17_23_30_01.wav
17,19,Spectrogram 1,1,7.838490696,8.237892532,197.3,11182.2,38f83013a66a49b90942,liangzhuang_2023-05-25-birdnet-17_23_30_01,11.146333333333333,0.399401836,True,audio/analysis_clips/liangzhuang_2023-05-25-birdnet-17_23_30_01.wav
18,20,Spectrogram 1,1,8.251744619,8.563416571,592.0,11050.6,e188df4440d8c9b6c3fa,liangzhuang_2023-05-25-birdnet-17_23_30_01,11.146333333333333,0.3116719519999993,True,audio/analysis_clips/liangzhuang_2023-05-25-birdnet-17_23_30_01.wav
19,21,Spectrogram 1,1,8.68346799,8.981287856,460.4,10392.8,26de515baa9d562b070f,liangzhuang_2023-05-25-birdnet-17_23_30_01,11.146333333333333,0.2978198659999993,True,audio/analysis_clips/liangzhuang_2023-05-25-birdnet-17_23_30_01.wav
20,22,Spectrogram 1,1,9.112882681,9.228316737,65.8,10195.5,ea100759e308b04084fc,liangzhuang_2023-05-25-birdnet-17_23_30_01,11.146333333333333,0.1154340559999997,True,audio/analysis_clips/liangzhuang_2023-05-25-birdnet-17_23_30_01.wav
21,23,Spectrogram 1,1,9.454567488,9.630027254,1776.0,10655.9,52f520f8c99189c28470,liangzhuang_2023-05-25-birdnet-17_23_30_01,11.146333333333333,0.1754597659999994,True,audio/analysis_clips/liangzhuang_2023-05-25-birdnet-17_23_30_01.wav
22,24,Spectrogram 1,1,9.918612395,10.096380842,1447.1,9208.8,8693c04ab90daaa71195,liangzhuang_2023-05-25-birdnet-17_23_30_01,11.146333333333333,0.177768447,True,audio/analysis_clips/liangzhuang_2023-05-25-birdnet-17_23_30_01.wav
23,25,Spectrogram 1,1,10.195654131,10.502708721,723.6,10721.7,5b078b33d6748ac490c2,liangzhuang_2023-05-25-birdnet-17_23_30_01,11.146333333333333,0.3070545899999999,True,audio/analysis_clips/liangzhuang_2023-05-25-birdnet-17_23_30_01.wav
24,26,Spectrogram 1,1,10.544264982,10.823615399,197.3,12037.3,68b9abc94960b10c60f4,liangzhuang_2023-05-25-birdnet-17_23_30_01,11.146333333333333,0.2793504169999998,True,audio/analysis_clips/liangzhuang_2023-05-25-birdnet-17_23_30_01.wav
1,1,Spectrogram 1,1,1.679005256,2.041557753,930.2,13395.3,ea815e7c1b8e0aa9d7aa,liangzhuang_2023-05-25-birdnet-17_24_00_01_01,8.497125,0.3625524970000002,True,audio/analysis_clips/liangzhuang_2023-05-25-birdnet-17_24_00_01_01.wav
2,2,Spectrogram 1,1,5.308847952,5.631883458,837.2,11627.9,8fc58bb3c75571ea86f7,liangzhuang_2023-05-25-birdnet-17_24_00_01_01,8.497125,0.3230355060000001,True,audio/analysis_clips/liangzhuang_2023-05-25-birdnet-17_24_00_01_01.wav
3,3,Spectrogram 1,1,6.726580805,7.145452137,930.2,11162.8,9e0f0edb67c6781248ef,liangzhuang_2023-05-25-birdnet-17_24_00_01_01,8.497125,0.4188713320000001,True,audio/analysis_clips/liangzhuang_2023-05-25-birdnet-17_24_00_01_01.wav
4,4,Spectrogram 1,1,0.278074246,0.661746306,837.2,13209.3,0cf6387117920f96bf5c,liangzhuang_2023-05-25-birdnet-17_24_00_01_01,8.497125,0.3836720599999999,True,audio/analysis_clips/liangzhuang_2023-05-25-birdnet-17_24_00_01_01.wav
5,5,Spectrogram 1,1,0.672020379,1.065276748,0.0,16000.0,17f8941f54f74f2e9767,liangzhuang_2023-05-25-birdnet-17_24_00_01_01,8.497125,0.393256369,True,audio/analysis_clips/liangzhuang_2023-05-25-birdnet-17_24_00_01_01.wav
6,6,Spectrogram 1,1,1.142434643,1.540668942,744.2,14232.6,216cf1f5d41791ba611d,liangzhuang_2023-05-25-birdnet-17_24_00_01_01,8.497125,0.3982342989999998,True,audio/analysis_clips/liangzhuang_2023-05-25-birdnet-17_24_00_01_01.wav
7,7,Spectrogram 1,1,2.045928708,2.426740256,0.0,15162.8,7e60033b37ee4c9b3f19,liangzhuang_2023-05-25-birdnet-17_24_00_01_01,8.497125,0.380811548,True,audio/analysis_clips/liangzhuang_2023-05-25-birdnet-17_24_00_01_01.wav
8,8,Spectrogram 1,1,2.720239722,2.971625123,93.0,14604.7,245ba60a31aec8031622,liangzhuang_2023-05-25-birdnet-17_24_00_01_01,8.497125,0.2513854009999998,True,audio/analysis_clips/liangzhuang_2023-05-25-birdnet-17_24_00_01_01.wav
9,9,Spectrogram 1,1,3.028871304,3.295190491,1302.3,10139.5,d3813e29c42535ba8234,liangzhuang_2023-05-25-birdnet-17_24_00_01_01,8.497125,0.2663191870000001,True,audio/analysis_clips/liangzhuang_2023-05-25-birdnet-17_24_00_01_01.wav
10,10,Spectrogram 1,1,3.651112395,3.795472328,2139.5,10604.7,30163104f236df377e04,liangzhuang_2023-05-25-birdnet-17_24_00_01_01,8.497125,0.1443599329999996,True,audio/analysis_clips/liangzhuang_2023-05-25-birdnet-17_24_00_01_01.wav
11,11,Spectrogram 1,1,3.820361972,4.094148052,1860.5,13023.3,9aa998f0f218dbf6659b,liangzhuang_2023-05-25-birdnet-17_24_00_01_01,8.497125,0.2737860800000002,True,audio/analysis_clips/liangzhuang_2023-05-25-birdnet-17_24_00_01_01.wav
12,12,Spectrogram 1,1,4.250952807,4.586962996,837.2,13116.3,a5e75911056928dec3ca,liangzhuang_2023-05-25-birdnet-17_24_00_01_01,8.497125,0.3360101889999995,True,audio/analysis_clips/liangzhuang_2023-05-25-birdnet-17_24_00_01_01.wav
13,13,Spectrogram 1,1,4.873193898,5.221648909,930.2,12000.0,b05645f33094db7104ca,liangzhuang_2023-05-25-birdnet-17_24_00_01_01,8.497125,0.3484550109999995,True,audio/analysis_clips/liangzhuang_2023-05-25-birdnet-17_24_00_01_01.wav
14,14,Spectrogram 1,1,4.684032606,4.873193898,1302.3,8930.2,cd314701f00cd239aa60,liangzhuang_2023-05-25-birdnet-17_24_00_01_01,8.497125,0.1891612920000005,True,audio/analysis_clips/liangzhuang_2023-05-25-birdnet-17_24_00_01_01.wav
15,15,Spectrogram 1,1,5.776773252,6.125228263,1023.3,9953.5,0ce4d8b656f611039c99,liangzhuang_2023-05-25-birdnet-17_24_00_01_01,8.497125,0.3484550110000004,True,audio/analysis_clips/liangzhuang_2023-05-25-birdnet-17_24_00_01_01.wav
16,17,Spectrogram 1,1,6.202386158,6.682756281,558.1,9767.4,7e1ce0e1175e96546964,liangzhuang_2023-05-25-birdnet-17_24_00_01_01,8.497125,0.4803701229999992,True,audio/analysis_clips/liangzhuang_2023-05-25-birdnet-17_24_00_01_01.wav
17,18,Spectrogram 1,1,7.257707049,7.663408241,1023.3,9674.4,3057ec2315c2c2439789,liangzhuang_2023-05-25-birdnet-17_24_00_01_01,8.497125,0.4057011919999995,True,audio/analysis_clips/liangzhuang_2023-05-25-birdnet-17_24_00_01_01.wav
18,19,Spectrogram 1,1,7.700742706,8.141289399,930.2,10418.6,10897fd2efcedd181c13,liangzhuang_2023-05-25-birdnet-17_24_00_01_01,8.497125,0.4405466929999999,True,audio/analysis_clips/liangzhuang_2023-05-25-birdnet-17_24_00_01_01.wav
1,1,Spectrogram 1,1,0.048419898,0.252186971,1315.5,11116.4,e8fc1f3a99ba3135ab1b,liangzhuang_2023-05-25-birdnet-17_26_00_01,13.775125,0.2037670729999999,True,audio/analysis_clips/liangzhuang_2023-05-25-birdnet-17_26_00_01.wav
2,2,Spectrogram 1,1,0.304641861,0.74849093,328.9,12300.4,325fb1a964811afb5b38,liangzhuang_2023-05-25-birdnet-17_26_00_01,13.775125,0.443849069,True,audio/analysis_clips/liangzhuang_2023-05-25-birdnet-17_26_00_01.wav
3,3,Spectrogram 1,1,0.780770862,1.081377732,0.0,11839.9,5b5a49b9d45cb513002f,liangzhuang_2023-05-25-birdnet-17_26_00_01,13.775125,0.3006068699999999,True,audio/analysis_clips/liangzhuang_2023-05-25-birdnet-17_26_00_01.wav
4,4,Spectrogram 1,1,1.27303983,1.557506733,592.0,10853.3,d8fe5eb3e9d81466563c,liangzhuang_2023-05-25-birdnet-17_26_00_01,13.775125,0.284466903,True,audio/analysis_clips/liangzhuang_2023-05-25-birdnet-17_26_00_01.wav
5,5,Spectrogram 1,1,1.714871403,2.059863179,131.6,11247.9,3ad40097a9601b6b53d3,liangzhuang_2023-05-25-birdnet-17_26_00_01,13.775125,0.3449917760000001,True,audio/analysis_clips/liangzhuang_2023-05-25-birdnet-17_26_00_01.wav
6,6,Spectrogram 1,1,2.225226468,2.566183253,0.0,13287.0,e19d90ff85cd108b4e69,liangzhuang_2023-05-25-birdnet-17_26_00_01,13.775125,0.3409567850000004,True,audio/analysis_clips/liangzhuang_2023-05-25-birdnet-17_26_00_01.wav
7,7,Spectrogram 1,1,2.907140038,3.191606941,263.1,12695.0,b7766eab41b6f65866c2,liangzhuang_2023-05-25-birdnet-17_26_00_01,13.775125,0.2844669029999997,True,audio/analysis_clips/liangzhuang_2023-05-25-birdnet-17_26_00_01.wav
8,8,Spectrogram 1,1,3.284411747,3.679840917,328.9,11839.9,1664256e6ed639abf8c6,liangzhuang_2023-05-25-birdnet-17_26_00_01,13.775125,0.3954291699999999,True,audio/analysis_clips/liangzhuang_2023-05-25-birdnet-17_26_00_01.wav
9,9,Spectrogram 1,1,3.711819146,3.955936134,394.7,11182.2,76c3cdfa6a1ad244091b,liangzhuang_2023-05-25-birdnet-17_26_00_01,13.775125,0.244116988,True,audio/analysis_clips/liangzhuang_2023-05-25-birdnet-17_26_00_01.wav
10,10,Spectrogram 1,1,4.093125846,4.456275085,328.9,14339.5,1e3153358edd20355093,liangzhuang_2023-05-25-birdnet-17_26_00_01,13.775125,0.3631492389999993,True,audio/analysis_clips/liangzhuang_2023-05-25-birdnet-17_26_00_01.wav
11,11,Spectrogram 1,1,4.758724714,5.061349079,197.3,12563.5,dcea49a2f82af39a44fc,liangzhuang_2023-05-25-birdnet-17_26_00_01,13.775125,0.3026243649999998,True,audio/analysis_clips/liangzhuang_2023-05-25-birdnet-17_26_00_01.wav
12,12,Spectrogram 1,1,5.442655779,5.618177911,986.7,12234.6,37f8a82e0a6ba84889f6,liangzhuang_2023-05-25-birdnet-17_26_00_01,13.775125,0.1755221320000002,True,audio/analysis_clips/liangzhuang_2023-05-25-birdnet-17_26_00_01.wav
13,13,Spectrogram 1,1,6.207286675,6.350528875,131.6,12431.9,990d5b2533bfc11643bb,liangzhuang_2023-05-25-birdnet-17_26_00_01,13.775125,0.1432422000000004,True,audio/analysis_clips/liangzhuang_2023-05-25-birdnet-17_26_00_01.wav
14,14,Spectrogram 1,1,6.44333368,6.725783088,328.9,11708.4,0dadfc358aabb69a7ac5,liangzhuang_2023-05-25-birdnet-17_26_00_01,13.775125,0.2824494079999997,True,audio/analysis_clips/liangzhuang_2023-05-25-birdnet-17_26_00_01.wav
15,15,Spectrogram 1,1,6.858937808,7.207964576,0.0,12497.7,9ee52d20397161630fec,liangzhuang_2023-05-25-birdnet-17_26_00_01,13.775125,0.3490267679999999,True,audio/analysis_clips/liangzhuang_2023-05-25-birdnet-17_26_00_01.wav
16,16,Spectrogram 1,1,7.302786877,7.548921361,131.6,10721.7,6328ca27f67b3272791e,liangzhuang_2023-05-25-birdnet-17_26_00_01,13.775125,0.2461344839999997,True,audio/analysis_clips/liangzhuang_2023-05-25-birdnet-17_26_00_01.wav
17,17,Spectrogram 1,1,7.629621192,8.002857909,0.0,11511.0,07f33202054beb8c2b2e,liangzhuang_2023-05-25-birdnet-17_26_00_01,13.775125,0.3732367169999993,True,audio/analysis_clips/liangzhuang_2023-05-25-birdnet-17_26_00_01.wav
18,18,Spectrogram 1,1,8.09768021,8.414427046,460.4,9998.2,23740c734e86305f095d,liangzhuang_2023-05-25-birdnet-17_26_00_01,13.775125,0.3167468360000001,True,audio/analysis_clips/liangzhuang_2023-05-25-birdnet-17_26_00_01.wav
19,19,Spectrogram 1,1,8.503196859,8.906696013,65.8,11313.7,94c1fc26e2b8651186f3,liangzhuang_2023-05-25-birdnet-17_26_00_01,13.775125,0.4034991539999986,True,audio/analysis_clips/liangzhuang_2023-05-25-birdnet-17_26_00_01.wav
20,20,Spectrogram 1,1,8.908713509,9.229495336,1381.3,8419.5,98d2541323eff2bc5868,liangzhuang_2023-05-25-birdnet-17_26_00_01,13.775125,0.3207818269999993,True,audio/analysis_clips/liangzhuang_2023-05-25-birdnet-17_26_00_01.wav
21,21,Spectrogram 1,1,9.294055193,9.713694313,0.0,10261.3,bea8d88249f665fe209f,liangzhuang_2023-05-25-birdnet-17_26_00_01,13.775125,0.4196391199999993,True,audio/analysis_clips/liangzhuang_2023-05-25-birdnet-17_26_00_01.wav
22,22,Spectrogram 1,1,9.729834279,10.072808559,0.0,12695.0,c24b155ef283e974f404,liangzhuang_2023-05-25-birdnet-17_26_00_01,13.775125,0.3429742799999999,True,audio/analysis_clips/liangzhuang_2023-05-25-birdnet-17_26_00_01.wav
23,23,Spectrogram 1,1,10.161578373,10.524727611,263.1,12958.1,e68eb848135c23430ed6,liangzhuang_2023-05-25-birdnet-17_26_00_01,13.775125,0.3631492380000001,True,audio/analysis_clips/liangzhuang_2023-05-25-birdnet-17_26_00_01.wav
24,24,Spectrogram 1,1,10.641853858,10.944478223,394.7,13550.1,ee988954f90cb12073e3,liangzhuang_2023-05-25-birdnet-17_26_00_01,13.775125,0.3026243650000015,True,audio/analysis_clips/liangzhuang_2023-05-25-birdnet-17_26_00_01.wav
25,25,Spectrogram 1,1,11.085702927,11.493237072,263.1,14536.8,20783522a4a7768229fb,liangzhuang_2023-05-25-birdnet-17_26_00_01,13.775125,0.4075341449999996,True,audio/analysis_clips/liangzhuang_2023-05-25-birdnet-17_26_00_01.wav
26,26,Spectrogram 1,1,11.557796937,11.830158866,0.0,10919.0,f73957774f2f9acda052,liangzhuang_2023-05-25-birdnet-17_26_00_01,13.775125,0.2723619289999988,True,audio/analysis_clips/liangzhuang_2023-05-25-birdnet-17_26_00_01.wav
27,27,Spectrogram 1,1,11.939103637,12.312340354,0.0,11576.8,b7ae554ee3aee19c534e,liangzhuang_2023-05-25-birdnet-17_26_00_01,13.775125,0.3732367169999993,True,audio/analysis_clips/liangzhuang_2023-05-25-birdnet-17_26_00_01.wav
28,28,Spectrogram 1,1,12.350426419,12.598578398,460.4,10787.5,e80d17c8777b4ca4db97,liangzhuang_2023-05-25-birdnet-17_26_00_01,13.775125,0.248151979000001,True,audio/analysis_clips/liangzhuang_2023-05-25-birdnet-17_26_00_01.wav
29,29,Spectrogram 1,1,12.749890581,13.092864861,197.3,14142.1,5bdd3ebf06c41c6bc1d7,liangzhuang_2023-05-25-birdnet-17_26_00_01,13.775125,0.3429742799999999,True,audio/analysis_clips/liangzhuang_2023-05-25-birdnet-17_26_00_01.wav
30,30,Spectrogram 1,1,13.347069328,13.583116333,789.3,13089.7,7f6251f49db539de2943,liangzhuang_2023-05-25-birdnet-17_26_00_01,13.775125,0.2360470049999996,True,audio/analysis_clips/liangzhuang_2023-05-25-birdnet-17_26_00_01.wav
1,1,Spectrogram 1,1,0.421335659,1.050047461,651.2,11348.8,6fc6f8bb920f92197c7b,liangzhuang_2023-05-25-birdnet-17_26_30_01,11.237541666666669,0.628711802,True,audio/analysis_clips/liangzhuang_2023-05-25-birdnet-17_26_30_01.wav
2,2,Spectrogram 1,1,1.056630831,1.343007412,837.2,11255.8,83d32de9f06e5e7ec7e6,liangzhuang_2023-05-25-birdnet-17_26_30_01,11.237541666666669,0.2863765809999998,True,audio/analysis_clips/liangzhuang_2023-05-25-birdnet-17_26_30_01.wav
3,3,Spectrogram 1,1,1.47796649,1.840051821,744.2,12744.2,7c288fb31f58bb870fb5,liangzhuang_2023-05-25-birdnet-17_26_30_01,11.237541666666669,0.362085331,True,audio/analysis_clips/liangzhuang_2023-05-25-birdnet-17_26_30_01.wav
4,4,Spectrogram 1,1,1.892718779,2.304179383,837.2,10976.7,e345726958f752232d38,liangzhuang_2023-05-25-birdnet-17_26_30_01,11.237541666666669,0.4114606040000002,True,audio/analysis_clips/liangzhuang_2023-05-25-birdnet-17_26_30_01.wav
5,5,Spectrogram 1,1,2.521430581,2.952641294,558.1,13209.3,2f61722300c2a1ce56ce,liangzhuang_2023-05-25-birdnet-17_26_30_01,11.237541666666669,0.431210713,True,audio/analysis_clips/liangzhuang_2023-05-25-birdnet-17_26_30_01.wav
6,6,Spectrogram 1,1,3.021766676,3.505644346,837.2,13116.3,b4b5e86d52a7c289b8c9,liangzhuang_2023-05-25-birdnet-17_26_30_01,11.237541666666669,0.48387767,True,audio/analysis_clips/liangzhuang_2023-05-25-birdnet-17_26_30_01.wav
7,7,Spectrogram 1,1,4.144231204,4.845360073,651.2,13023.3,56a72334c466a0744a9d,liangzhuang_2023-05-25-birdnet-17_26_30_01,11.237541666666669,0.7011288690000006,True,audio/analysis_clips/liangzhuang_2023-05-25-birdnet-17_26_30_01.wav
8,8,Spectrogram 1,1,4.91119377,5.20415372,744.2,13395.3,b94e9d9bccec121f354a,liangzhuang_2023-05-25-birdnet-17_26_30_01,11.237541666666669,0.2929599500000002,True,audio/analysis_clips/liangzhuang_2023-05-25-birdnet-17_26_30_01.wav
9,9,Spectrogram 1,1,5.29302921,5.757156772,1302.3,14697.7,19cfe513db159f5b61a9,liangzhuang_2023-05-25-birdnet-17_26_30_01,11.237541666666669,0.4641275619999998,True,audio/analysis_clips/liangzhuang_2023-05-25-birdnet-17_26_30_01.wav
10,10,Spectrogram 1,1,5.770323511,6.040241667,279.1,15907.0,90f0174828e7e2338647,liangzhuang_2023-05-25-birdnet-17_26_30_01,11.237541666666669,0.2699181560000001,True,audio/analysis_clips/liangzhuang_2023-05-25-birdnet-17_26_30_01.wav
11,11,Spectrogram 1,1,6.501077544,6.863162875,930.2,14976.7,25123b9e86cd879d60d7,liangzhuang_2023-05-25-birdnet-17_26_30_01,11.237541666666669,0.3620853310000003,True,audio/analysis_clips/liangzhuang_2023-05-25-birdnet-17_26_30_01.wav
12,12,Spectrogram 1,1,6.86645456,7.264748425,837.2,14697.7,ac4e43d8fe6a55fd27f4,liangzhuang_2023-05-25-birdnet-17_26_30_01,11.237541666666669,0.3982938649999994,True,audio/analysis_clips/liangzhuang_2023-05-25-birdnet-17_26_30_01.wav
13,13,Spectrogram 1,1,7.300956958,7.738751041,837.2,11255.8,b0a0517cee463e6c7415,liangzhuang_2023-05-25-birdnet-17_26_30_01,11.237541666666669,0.437794083,True,audio/analysis_clips/liangzhuang_2023-05-25-birdnet-17_26_30_01.wav
14,14,Spectrogram 1,1,7.738751043,8.041586047,930.2,10511.6,aad06b24cd54d0fe5955,liangzhuang_2023-05-25-birdnet-17_26_30_01,11.237541666666669,0.3028350039999994,True,audio/analysis_clips/liangzhuang_2023-05-25-birdnet-17_26_30_01.wav
15,15,Spectrogram 1,1,8.235795453,8.637381002,1302.3,11441.9,97251018669dddb26392,liangzhuang_2023-05-25-birdnet-17_26_30_01,11.237541666666669,0.401585549,True,audio/analysis_clips/liangzhuang_2023-05-25-birdnet-17_26_30_01.wav
16,16,Spectrogram 1,1,9.002758018,9.213425848,930.2,9116.3,e956e3fc53f69e12c8ae,liangzhuang_2023-05-25-birdnet-17_26_30_01,11.237541666666669,0.2106678300000002,True,audio/analysis_clips/liangzhuang_2023-05-25-birdnet-17_26_30_01.wav
17,17,Spectrogram 1,1,9.374718404,9.677553409,1023.3,11255.8,1faa440f00bd23a7edae,liangzhuang_2023-05-25-birdnet-17_26_30_01,11.237541666666669,0.3028350050000004,True,audio/analysis_clips/liangzhuang_2023-05-25-birdnet-17_26_30_01.wav
18,18,Spectrogram 1,1,9.825679226,10.151556025,465.1,10790.7,c1e2a20f292b43b9edc9,liangzhuang_2023-05-25-birdnet-17_26_30_01,11.237541666666669,0.3258767989999995,True,audio/analysis_clips/liangzhuang_2023-05-25-birdnet-17_26_30_01.wav
19,19,Spectrogram 1,1,10.303052279,10.553220326,1953.5,12558.1,5345984a4ef1b2123500,liangzhuang_2023-05-25-birdnet-17_26_30_01,11.237541666666669,0.2501680470000007,True,audio/analysis_clips/liangzhuang_2023-05-25-birdnet-17_26_30_01.wav
20,20,Spectrogram 1,1,10.852763646,11.079889899,1302.3,12837.2,4f95700e49b5de641f30,liangzhuang_2023-05-25-birdnet-17_26_30_01,11.237541666666669,0.2271262529999997,True,audio/analysis_clips/liangzhuang_2023-05-25-birdnet-17_26_30_01.wav
1,1,Spectrogram 1,1,0.294476881,0.609439109,131.6,14142.1,8b5564dec5fe3fb2a662,liangzhuang_2023-05-26-birdnet-09_12_03_01,8.741916666666667,0.3149622279999999,True,audio/analysis_clips/liangzhuang_2023-05-26-birdnet-09_12_03_01.wav
2,2,Spectrogram 1,1,0.774965082,1.095452978,65.8,13615.9,3c439423dc739a39cf83,liangzhuang_2023-05-26-birdnet-09_12_03_01,8.741916666666667,0.3204878959999999,True,audio/analysis_clips/liangzhuang_2023-05-26-birdnet-09_12_03_01.wav
3,3,Spectrogram 1,1,1.252980927,1.597007482,263.1,13813.2,5c374d862b2da10a4f1b,liangzhuang_2023-05-26-birdnet-09_12_03_01,8.741916666666667,0.3440265549999999,True,audio/analysis_clips/liangzhuang_2023-05-26-birdnet-09_12_03_01.wav
4,4,Spectrogram 1,1,1.128044968,1.216767606,657.8,12760.8,50c3e14ff6e456f69531,liangzhuang_2023-05-26-birdnet-09_12_03_01,8.741916666666667,0.0887226379999999,True,audio/analysis_clips/liangzhuang_2023-05-26-birdnet-09_12_03_01.wav
5,5,Spectrogram 1,1,1.705647447,2.026135343,723.6,13484.4,ba4fb85881855dfb260a,liangzhuang_2023-05-26-birdnet-09_12_03_01,8.741916666666667,0.3204878959999999,True,audio/analysis_clips/liangzhuang_2023-05-26-birdnet-09_12_03_01.wav
6,6,Spectrogram 1,1,2.154962107,2.513473991,526.2,13221.3,456d2e5d10b13333e7bf,liangzhuang_2023-05-26-birdnet-09_12_03_01,8.741916666666667,0.3585118840000003,True,audio/analysis_clips/liangzhuang_2023-05-26-birdnet-09_12_03_01.wav
7,7,Spectrogram 1,1,3.154449783,3.465884349,789.3,11116.4,da2ba79f84852aef31c7,liangzhuang_2023-05-26-birdnet-09_12_03_01,8.741916666666667,0.3114345659999999,True,audio/analysis_clips/liangzhuang_2023-05-26-birdnet-09_12_03_01.wav
8,8,Spectrogram 1,1,3.496665672,3.57633498,394.7,11971.5,67b88171e154594beadc,liangzhuang_2023-05-26-birdnet-09_12_03_01,8.741916666666667,0.0796693080000001,True,audio/analysis_clips/liangzhuang_2023-05-26-birdnet-09_12_03_01.wav
9,9,Spectrogram 1,1,3.637897627,3.954764191,460.4,12366.1,8b2ecde596f10f4c6239,liangzhuang_2023-05-26-birdnet-09_12_03_01,8.741916666666667,0.3168665640000001,True,audio/analysis_clips/liangzhuang_2023-05-26-birdnet-09_12_03_01.wav
10,11,Spectrogram 1,1,4.076078818,4.35673206,328.9,12563.5,a68202aafb3af94f2418,liangzhuang_2023-05-26-birdnet-09_12_03_01,8.741916666666667,0.2806532419999996,True,audio/analysis_clips/liangzhuang_2023-05-26-birdnet-09_12_03_01.wav
11,12,Spectrogram 1,1,4.561337327,4.765942594,986.7,11774.2,8ae50d28df0b808bd253,liangzhuang_2023-05-26-birdnet-09_12_03_01,8.741916666666667,0.2046052669999998,True,audio/analysis_clips/liangzhuang_2023-05-26-birdnet-09_12_03_01.wav
12,13,Spectrogram 1,1,5.033921165,5.444942365,986.7,10524.4,10f5b653ae6d9e737438,liangzhuang_2023-05-26-birdnet-09_12_03_01,8.741916666666667,0.4110212000000004,True,audio/analysis_clips/liangzhuang_2023-05-26-birdnet-09_12_03_01.wav
13,14,Spectrogram 1,1,5.549960998,5.888555555,394.7,11774.2,afa6ba89e1daa1b91237,liangzhuang_2023-05-26-birdnet-09_12_03_01,8.741916666666667,0.3385945569999995,True,audio/analysis_clips/liangzhuang_2023-05-26-birdnet-09_12_03_01.wav
14,15,Spectrogram 1,1,5.95393147,6.232774047,197.3,11708.4,10bf413f79dae893e7d9,liangzhuang_2023-05-26-birdnet-09_12_03_01,8.741916666666667,0.2788425770000007,True,audio/analysis_clips/liangzhuang_2023-05-26-birdnet-09_12_03_01.wav
15,16,Spectrogram 1,1,6.450053976,6.795891197,526.2,13879.0,1e29fec6232ebe0fd513,liangzhuang_2023-05-26-birdnet-09_12_03_01,8.741916666666667,0.345837221,True,audio/analysis_clips/liangzhuang_2023-05-26-birdnet-09_12_03_01.wav
16,17,Spectrogram 1,1,6.976957805,7.339091021,460.4,11511.0,c3f7c59ff4f03a712e5b,liangzhuang_2023-05-26-birdnet-09_12_03_01,8.741916666666667,0.3621332160000001,True,audio/analysis_clips/liangzhuang_2023-05-26-birdnet-09_12_03_01.wav
17,18,Spectrogram 1,1,7.556370951,7.820728199,592.0,12037.3,1896383c5e2c7b75e34b,liangzhuang_2023-05-26-birdnet-09_12_03_01,8.741916666666667,0.2643572480000005,True,audio/analysis_clips/liangzhuang_2023-05-26-birdnet-09_12_03_01.wav
18,19,Spectrogram 1,1,7.973036318,8.298956212,723.6,11247.9,b8da06b2370a6bf76e80,liangzhuang_2023-05-26-birdnet-09_12_03_01,8.741916666666667,0.3259198940000001,True,audio/analysis_clips/liangzhuang_2023-05-26-birdnet-09_12_03_01.wav
19,20,Spectrogram 1,1,8.344222864,8.615822776,855.1,12234.6,94b753936d0f19cd241e,liangzhuang_2023-05-26-birdnet-09_12_03_01,8.741916666666667,0.2715999119999992,True,audio/analysis_clips/liangzhuang_2023-05-26-birdnet-09_12_03_01.wav
1,1,Spectrogram 1,1,0.080471635,0.349635378,342.2,9112.3,a98b2fa72ec7f522b210,liangzhuang_2023-05-26-birdnet-09_19_33_01,4.736625,0.269163743,True,audio/analysis_clips/liangzhuang_2023-05-26-birdnet-09_19_33_01.wav
2,3,Spectrogram 1,1,0.441206548,0.901837283,544.5,9740.7,a4c5ceaf7992dd5a3700,liangzhuang_2023-05-26-birdnet-09_19_33_01,4.736625,0.460630735,True,audio/analysis_clips/liangzhuang_2023-05-26-birdnet-09_19_33_01.wav
3,4,Spectrogram 1,1,0.99063357,1.223723821,181.5,10708.7,11a0e8716f9dab275123,liangzhuang_2023-05-26-birdnet-09_19_33_01,4.736625,0.2330902510000001,True,audio/analysis_clips/liangzhuang_2023-05-26-birdnet-09_19_33_01.wav
4,5,Spectrogram 1,1,1.759276423,2.067288542,1028.5,11071.7,f5d18a08a36086526a93,liangzhuang_2023-05-26-birdnet-09_19_33_01,4.736625,0.308012119,True,audio/analysis_clips/liangzhuang_2023-05-26-birdnet-09_19_33_01.wav
5,6,Spectrogram 1,1,2.183833668,2.46687183,665.5,11737.2,c94f0ca921b2b8b2c6b2,liangzhuang_2023-05-26-birdnet-09_19_33_01,4.736625,0.283038162,True,audio/analysis_clips/liangzhuang_2023-05-26-birdnet-09_19_33_01.wav
6,7,Spectrogram 1,1,2.744360225,3.324310969,242.0,10769.2,5b5090422a5a1ea581bd,liangzhuang_2023-05-26-birdnet-09_19_33_01,4.736625,0.579950744,True,audio/analysis_clips/liangzhuang_2023-05-26-birdnet-09_19_33_01.wav
7,8,Spectrogram 1,1,3.443630979,3.762742633,423.5,10164.2,02c16b480271847632a6,liangzhuang_2023-05-26-birdnet-09_19_33_01,4.736625,0.3191116539999998,True,audio/analysis_clips/liangzhuang_2023-05-26-birdnet-09_19_33_01.wav
8,10,Spectrogram 1,1,3.840439384,4.303845003,665.5,10406.2,7b12ba3636585213e80f,liangzhuang_2023-05-26-birdnet-09_19_33_01,4.736625,0.463405619,True,audio/analysis_clips/liangzhuang_2023-05-26-birdnet-09_19_33_01.wav
9,11,Spectrogram 1,1,4.423165013,4.661805033,0.0,9196.2,665277a1b8912537f425,liangzhuang_2023-05-26-birdnet-09_19_33_01,4.736625,0.23864002,True,audio/analysis_clips/liangzhuang_2023-05-26-birdnet-09_19_33_01.wav
1,1,Spectrogram 1,1,0.085736917,0.370604736,477.9,9345.1,f22e14af1d627b51e725,liangzhuang_2023-05-26-birdnet-09_19_33_02,6.6764375,0.284867819,True,audio/analysis_clips/liangzhuang_2023-05-26-birdnet-09_19_33_02.wav
2,2,Spectrogram 1,1,0.525484328,0.868431994,637.2,10778.8,790ed8b0991f39006ffa,liangzhuang_2023-05-26-birdnet-09_19_33_02,6.6764375,0.342947666,True,audio/analysis_clips/liangzhuang_2023-05-26-birdnet-09_19_33_02.wav
3,3,Spectrogram 1,1,1.214145367,1.546030206,637.2,10778.8,9480966787f2de261172,liangzhuang_2023-05-26-birdnet-09_19_33_02,6.6764375,0.331884839,True,audio/analysis_clips/liangzhuang_2023-05-26-birdnet-09_19_33_02.wav
4,4,Spectrogram 1,1,1.75345823,2.132360087,0.0,10513.3,a8ede4a9731c1956f67f,liangzhuang_2023-05-26-birdnet-09_19_33_02,6.6764375,0.378901857,True,audio/analysis_clips/liangzhuang_2023-05-26-birdnet-09_19_33_02.wav
5,5,Spectrogram 1,1,2.314896748,2.594233154,318.6,9716.8,0f92a08e21a216efd841,liangzhuang_2023-05-26-birdnet-09_19_33_02,6.6764375,0.2793364060000001,True,audio/analysis_clips/liangzhuang_2023-05-26-birdnet-09_19_33_02.wav
6,6,Spectrogram 1,1,2.873301294,3.301985877,318.6,9451.3,b8961921f44b6f24569d,liangzhuang_2023-05-26-birdnet-09_19_33_02,6.6764375,0.4286845829999999,True,audio/analysis_clips/liangzhuang_2023-05-26-birdnet-09_19_33_02.wav
7,8,Spectrogram 1,1,3.470694003,3.727904753,584.1,9557.5,cf602a0ec5f7c2987852,liangzhuang_2023-05-26-birdnet-09_19_33_02,6.6764375,0.2572107499999996,True,audio/analysis_clips/liangzhuang_2023-05-26-birdnet-09_19_33_02.wav
8,9,Spectrogram 1,1,3.940864191,4.358485946,371.7,11734.5,61f7f5017e2a8792281c,liangzhuang_2023-05-26-birdnet-09_19_33_02,6.6764375,0.4176217549999999,True,audio/analysis_clips/liangzhuang_2023-05-26-birdnet-09_19_33_02.wav
9,10,Spectrogram 1,1,4.477411346,4.742919217,424.8,9769.9,98c182a902845d99e993,liangzhuang_2023-05-26-birdnet-09_19_33_02,6.6764375,0.2655078709999996,True,audio/analysis_clips/liangzhuang_2023-05-26-birdnet-09_19_33_02.wav
10,11,Spectrogram 1,1,5.105226832,5.514551467,690.3,9876.1,53a66f1e10f98b79984b,liangzhuang_2023-05-26-birdnet-09_19_33_02,6.6764375,0.4093246350000008,True,audio/analysis_clips/liangzhuang_2023-05-26-birdnet-09_19_33_02.wav
11,12,Spectrogram 1,1,5.730276605,5.962595992,265.5,9610.6,2044a6671873a9f2151d,liangzhuang_2023-05-26-birdnet-09_19_33_02,6.6764375,0.2323193869999995,True,audio/analysis_clips/liangzhuang_2023-05-26-birdnet-09_19_33_02.wav
12,13,Spectrogram 1,1,6.142366946,6.546160166,531.0,11044.2,65b6a4df4e8df97f31e7,liangzhuang_2023-05-26-birdnet-09_19_33_02,6.6764375,0.4037932199999998,True,audio/analysis_clips/liangzhuang_2023-05-26-birdnet-09_19_33_02.wav
1,1,Spectrogram 1,1,0.076651598,0.341448029,0.0,10232.6,d9e7cb578cc9055038a0,liangzhuang_2023-05-26-birdnet-09_20_03_01,8.410791666666666,0.264796431,True,audio/analysis_clips/liangzhuang_2023-05-26-birdnet-09_20_03_01.wav
2,2,Spectrogram 1,1,1.083574867,1.463348695,0.0,11720.9,ecdbc9ee95d329febf60,liangzhuang_2023-05-26-birdnet-09_20_03_01,8.410791666666666,0.379773828,True,audio/analysis_clips/liangzhuang_2023-05-26-birdnet-09_20_03_01.wav
3,3,Spectrogram 1,1,0.679411894,0.961629143,0.0,11162.8,eeeaf74859c242453309,liangzhuang_2023-05-26-birdnet-09_20_03_01,8.410791666666666,0.282217249,True,audio/analysis_clips/liangzhuang_2023-05-26-birdnet-09_20_03_01.wav
4,4,Spectrogram 1,1,1.606199401,1.85009085,0.0,9674.4,73ab15dcabf78db8ca3d,liangzhuang_2023-05-26-birdnet-09_20_03_01,8.410791666666666,0.2438914489999999,True,audio/analysis_clips/liangzhuang_2023-05-26-birdnet-09_20_03_01.wav
5,5,Spectrogram 1,1,1.919774121,2.522534417,0.0,11162.8,391224b17ed103537c99,liangzhuang_2023-05-26-birdnet-09_20_03_01,8.410791666666666,0.6027602960000003,True,audio/analysis_clips/liangzhuang_2023-05-26-birdnet-09_20_03_01.wav
6,6,Spectrogram 1,1,2.567828544,2.832425888,0.0,10883.7,cb11e1604995c4661815,liangzhuang_2023-05-26-birdnet-09_20_03_01,8.410791666666666,0.2645973439999998,True,audio/analysis_clips/liangzhuang_2023-05-26-birdnet-09_20_03_01.wav
7,7,Spectrogram 1,1,3.456290251,3.926652332,0.0,11069.8,ff08436f28944db0384f,liangzhuang_2023-05-26-birdnet-09_20_03_01,8.410791666666666,0.4703620810000002,True,audio/analysis_clips/liangzhuang_2023-05-26-birdnet-09_20_03_01.wav
8,8,Spectrogram 1,1,4.905901395,5.372779312,0.0,10418.6,a8c28a10dcede9641469,liangzhuang_2023-05-26-birdnet-09_20_03_01,8.410791666666666,0.4668779169999997,True,audio/analysis_clips/liangzhuang_2023-05-26-birdnet-09_20_03_01.wav
9,9,Spectrogram 1,1,7.362236704,7.884861238,0.0,11069.8,ab98a0a6d32fd32714b1,liangzhuang_2023-05-26-birdnet-09_20_03_01,8.410791666666666,0.5226245340000002,True,audio/analysis_clips/liangzhuang_2023-05-26-birdnet-09_20_03_01.wav
10,11,Spectrogram 1,1,2.849846706,3.424733693,0.0,10697.7,2bdb02ebeca3aafd8de7,liangzhuang_2023-05-26-birdnet-09_20_03_01,8.410791666666666,0.5748869869999997,True,audio/analysis_clips/liangzhuang_2023-05-26-birdnet-09_20_03_01.wav
11,12,Spectrogram 1,1,3.954326554,4.382878672,0.0,9860.5,e8bdc487c3c9da35a40f,liangzhuang_2023-05-26-birdnet-09_20_03_01,8.410791666666666,0.4285521180000002,True,audio/analysis_clips/liangzhuang_2023-05-26-birdnet-09_20_03_01.wav
12,13,Spectrogram 1,1,4.456046107,4.800978299,0.0,11814.0,30964fde087056496723,liangzhuang_2023-05-26-birdnet-09_20_03_01,8.410791666666666,0.3449321919999999,True,audio/analysis_clips/liangzhuang_2023-05-26-birdnet-09_20_03_01.wav
13,16,Spectrogram 1,1,5.414191086,5.68247168,186.0,10418.6,9195b3b17235608856ec,liangzhuang_2023-05-26-birdnet-09_20_03_01,8.410791666666666,0.2682805940000001,True,audio/analysis_clips/liangzhuang_2023-05-26-birdnet-09_20_03_01.wav
14,17,Spectrogram 1,1,5.828209467,6.235856604,0.0,9767.4,09e3be4a2539d87cb26b,liangzhuang_2023-05-26-birdnet-09_20_03_01,8.410791666666666,0.4076471370000005,True,audio/analysis_clips/liangzhuang_2023-05-26-birdnet-09_20_03_01.wav
15,18,Spectrogram 1,1,6.43226392,6.892173509,0.0,11348.8,a4bb88bdbd89ec30625a,liangzhuang_2023-05-26-birdnet-09_20_03_01,8.410791666666666,0.4599095890000004,True,audio/analysis_clips/liangzhuang_2023-05-26-birdnet-09_20_03_01.wav
16,19,Spectrogram 1,1,6.937467636,7.160454104,651.2,9860.5,1d1d253131a8c0399a8a,liangzhuang_2023-05-26-birdnet-09_20_03_01,8.410791666666666,0.2229864680000002,True,audio/analysis_clips/liangzhuang_2023-05-26-birdnet-09_20_03_01.wav
17,20,Spectrogram 1,1,7.918309415,8.190074172,0.0,10139.5,17546a7f02b55a6202f2,liangzhuang_2023-05-26-birdnet-09_20_03_01,8.410791666666666,0.2717647569999988,True,audio/analysis_clips/liangzhuang_2023-05-26-birdnet-09_20_03_01.wav
1,1,Spectrogram 1,1,0.108920568,0.574858551,0.0,12093.0,a2810ac5e7655424c874,liangzhuang_2023-05-26-birdnet-09_21_03_01,7.30375,0.465937983,True,audio/analysis_clips/liangzhuang_2023-05-26-birdnet-09_21_03_01.wav
2,2,Spectrogram 1,1,0.632344406,0.880441254,0.0,12465.1,5447d4086a1c0beb3c75,liangzhuang_2023-05-26-birdnet-09_21_03_01,7.30375,0.2480968479999999,True,audio/analysis_clips/liangzhuang_2023-05-26-birdnet-09_21_03_01.wav
3,3,Spectrogram 1,1,1.555143659,2.027132784,0.0,11162.8,39ba11c61c88bb3adb54,liangzhuang_2023-05-26-birdnet-09_21_03_01,7.30375,0.4719891249999999,True,audio/analysis_clips/liangzhuang_2023-05-26-birdnet-09_21_03_01.wav
4,4,Spectrogram 1,1,2.075541926,2.350868916,0.0,10232.6,341b4c78aee88b2ff2ce,liangzhuang_2023-05-26-birdnet-09_21_03_01,7.30375,0.2753269899999999,True,audio/analysis_clips/liangzhuang_2023-05-26-birdnet-09_21_03_01.wav
5,5,Spectrogram 1,1,2.468866197,2.883369468,0.0,11162.8,d4330bdf484f5ebc9dd4,liangzhuang_2023-05-26-birdnet-09_21_03_01,7.30375,0.414503271,True,audio/analysis_clips/liangzhuang_2023-05-26-birdnet-09_21_03_01.wav
6,6,Spectrogram 1,1,2.959008751,3.430997877,0.0,10604.7,c89e7c69ace6e4e09c34,liangzhuang_2023-05-26-birdnet-09_21_03_01,7.30375,0.471989126,True,audio/analysis_clips/liangzhuang_2023-05-26-birdnet-09_21_03_01.wav
7,7,Spectrogram 1,1,3.489780415,3.713672692,0.0,10046.5,828cb53469dbbf95e124,liangzhuang_2023-05-26-birdnet-09_21_03_01,7.30375,0.223892277,True,audio/analysis_clips/liangzhuang_2023-05-26-birdnet-09_21_03_01.wav
8,8,Spectrogram 1,1,4.043459966,4.563858233,0.0,10418.6,e336c3f1a20bb5c66426,liangzhuang_2023-05-26-birdnet-09_21_03_01,7.30375,0.520398267,True,audio/analysis_clips/liangzhuang_2023-05-26-birdnet-09_21_03_01.wav
9,9,Spectrogram 1,1,4.612267374,4.881543222,0.0,10418.6,03a1e881c51e4d5265f5,liangzhuang_2023-05-26-birdnet-09_21_03_01,7.30375,0.2692758480000004,True,audio/analysis_clips/liangzhuang_2023-05-26-birdnet-09_21_03_01.wav
10,10,Spectrogram 1,1,4.999540503,5.386813632,0.0,11069.8,21ce1b8d53a7c1af5239,liangzhuang_2023-05-26-birdnet-09_21_03_01,7.30375,0.3872731289999995,True,audio/analysis_clips/liangzhuang_2023-05-26-birdnet-09_21_03_01.wav
11,11,Spectrogram 1,1,5.453376201,5.70147305,279.1,11907.0,82552bd9036201847fb0,liangzhuang_2023-05-26-birdnet-09_21_03_01,7.30375,0.2480968489999995,True,audio/analysis_clips/liangzhuang_2023-05-26-birdnet-09_21_03_01.wav
12,12,Spectrogram 1,1,5.804342474,6.088746178,0.0,10976.7,25b483faaa150ccab981,liangzhuang_2023-05-26-birdnet-09_21_03_01,7.30375,0.2844037039999998,True,audio/analysis_clips/liangzhuang_2023-05-26-birdnet-09_21_03_01.wav
13,13,Spectrogram 1,1,6.230948031,6.554684162,0.0,11814.0,436c8a136b174ac7ac6e,liangzhuang_2023-05-26-birdnet-09_21_03_01,7.30375,0.3237361310000004,True,audio/analysis_clips/liangzhuang_2023-05-26-birdnet-09_21_03_01.wav
14,14,Spectrogram 1,1,6.715039442,7.102312571,0.0,11069.8,051cadb62124777184c2,liangzhuang_2023-05-26-birdnet-09_21_03_01,7.30375,0.3872731289999995,True,audio/analysis_clips/liangzhuang_2023-05-26-birdnet-09_21_03_01.wav
1,1,Spectrogram 1,1,0.005753038,0.276145816,755.9,11149.6,59567b337e163b14e369,liangzhuang_2023-06-04-birdnet-18_05_53_01_01,6.9439375,0.270392778,True,audio/analysis_clips/liangzhuang_2023-06-04-birdnet-18_05_53_01_01.wav
2,2,Spectrogram 1,1,0.348058789,0.696117578,944.9,14173.2,99bc6b36c7d05abfe5e4,liangzhuang_2023-06-04-birdnet-18_05_53_01_01,6.9439375,0.348058789,True,audio/analysis_clips/liangzhuang_2023-06-04-birdnet-18_05_53_01_01.wav
3,3,Spectrogram 1,1,0.802548778,1.182249275,1133.9,11811.0,9e695fca7ddeb2c351cc,liangzhuang_2023-06-04-birdnet-18_05_53_01_01,6.9439375,0.3797004969999999,True,audio/analysis_clips/liangzhuang_2023-06-04-birdnet-18_05_53_01_01.wav
4,4,Spectrogram 1,1,1.527431545,1.80645388,944.9,11055.1,e91edec4e26676cf75cf,liangzhuang_2023-06-04-birdnet-18_05_53_01_01,6.9439375,0.279022335,True,audio/analysis_clips/liangzhuang_2023-06-04-birdnet-18_05_53_01_01.wav
5,5,Spectrogram 1,1,1.83234255,2.117117923,1039.4,13039.4,285d71b082bff80f7cdc,liangzhuang_2023-06-04-birdnet-18_05_53_01_01,6.9439375,0.284775373,True,audio/analysis_clips/liangzhuang_2023-06-04-birdnet-18_05_53_01_01.wav
6,6,Spectrogram 1,1,2.292585577,2.675162593,755.9,15118.1,74e7e3b66e39f3709604,liangzhuang_2023-06-04-birdnet-18_05_53_01_01,6.9439375,0.3825770159999999,True,audio/analysis_clips/liangzhuang_2023-06-04-birdnet-18_05_53_01_01.wav
7,7,Spectrogram 1,1,2.747075566,3.21594815,755.9,10866.1,0c87c9ab3c8d7e6c5d1e,liangzhuang_2023-06-04-birdnet-18_05_53_01_01,6.9439375,0.4688725840000001,True,audio/analysis_clips/liangzhuang_2023-06-04-birdnet-18_05_53_01_01.wav
8,8,Spectrogram 1,1,3.363308109,3.777526833,566.9,13984.3,a47fd5ef4652d5f46b8b,liangzhuang_2023-06-04-birdnet-18_05_53_01_01,6.9439375,0.4142187239999999,True,audio/analysis_clips/liangzhuang_2023-06-04-birdnet-18_05_53_01_01.wav
9,9,Spectrogram 1,1,3.881081514,4.185992519,1133.9,13889.8,a198d11b27078048a590,liangzhuang_2023-06-04-birdnet-18_05_53_01_01,6.9439375,0.3049110050000001,True,audio/analysis_clips/liangzhuang_2023-06-04-birdnet-18_05_53_01_01.wav
10,10,Spectrogram 1,1,4.269411568,4.519668713,1606.3,11433.1,e2f5e2e09c85921f8f88,liangzhuang_2023-06-04-birdnet-18_05_53_01_01,6.9439375,0.2502571449999999,True,audio/analysis_clips/liangzhuang_2023-06-04-birdnet-18_05_53_01_01.wav
11,11,Spectrogram 1,1,4.649112065,4.784308454,1039.4,12566.9,9ce0a12155be9a7b0b30,liangzhuang_2023-06-04-birdnet-18_05_53_01_01,6.9439375,0.1351963889999998,True,audio/analysis_clips/liangzhuang_2023-06-04-birdnet-18_05_53_01_01.wav
12,12,Spectrogram 1,1,5.526450335,5.926286464,944.9,15496.1,831a16b44f7d716baac2,liangzhuang_2023-06-04-birdnet-18_05_53_01_01,6.9439375,0.3998361290000005,True,audio/analysis_clips/liangzhuang_2023-06-04-birdnet-18_05_53_01_01.wav
13,13,Spectrogram 1,1,6.049976777,6.360640821,472.4,11811.0,e0bd181e78df068bc28a,liangzhuang_2023-06-04-birdnet-18_05_53_01_01,6.9439375,0.3106640439999992,True,audio/analysis_clips/liangzhuang_2023-06-04-birdnet-18_05_53_01_01.wav
14,14,Spectrogram 1,1,6.406665123,6.725958723,1039.4,12000.0,3dcc7f7e782e115e0e54,liangzhuang_2023-06-04-birdnet-18_05_53_01_01,6.9439375,0.3192935999999999,True,audio/analysis_clips/liangzhuang_2023-06-04-birdnet-18_05_53_01_01.wav
1,1,Spectrogram 1,1,0.20006231,0.60018693,1221.2,10513.3,6d3ad5b2e5e66348b5fd,liangzhuang_2023-06-04-birdnet-18_05_53_01_02,3.449666666666667,0.40012462,True,audio/analysis_clips/liangzhuang_2023-06-04-birdnet-18_05_53_01_02.wav
2,2,Spectrogram 1,1,1.011743683,1.260392554,1911.5,9398.2,eed70eae82be4ee1b24c,liangzhuang_2023-06-04-birdnet-18_05_53_01_02,3.449666666666667,0.2486488710000001,True,audio/analysis_clips/liangzhuang_2023-06-04-birdnet-18_05_53_01_02.wav
3,3,Spectrogram 1,1,1.914882111,2.33215493,1008.8,11628.3,a0890e95da4ad1dd5d1f,liangzhuang_2023-06-04-birdnet-18_05_53_01_02,3.449666666666667,0.4172728190000001,True,audio/analysis_clips/liangzhuang_2023-06-04-birdnet-18_05_53_01_02.wav
4,4,Spectrogram 1,1,1.603356514,1.909166045,1433.6,11309.7,b1bab47bc02cc99d0f01,liangzhuang_2023-06-04-birdnet-18_05_53_01_02,3.449666666666667,0.3058095310000002,True,audio/analysis_clips/liangzhuang_2023-06-04-birdnet-18_05_53_01_02.wav
5,5,Spectrogram 1,1,2.500778877,2.852316936,1327.4,13911.5,193f10d66bf3abfe099f,liangzhuang_2023-06-04-birdnet-18_05_53_01_02,3.449666666666667,0.3515380589999997,True,audio/analysis_clips/liangzhuang_2023-06-04-birdnet-18_05_53_01_02.wav
1,1,Spectrogram 1,1,0.251312638,0.518838995,1418.7,15605.9,3642b0458de0a7c08ee4,liangzhuang_2023-06-06-birdnet-13_41_55_01,9.785,0.267526357,True,audio/analysis_clips/liangzhuang_2023-06-06-birdnet-13_41_55_01.wav
2,2,Spectrogram 1,1,0.779608465,0.942982297,1581.4,15441.9,7331355593ad4b142554,liangzhuang_2023-06-06-birdnet-13_41_55_01,9.785,0.163373832,True,audio/analysis_clips/liangzhuang_2023-06-06-birdnet-13_41_55_01.wav
3,3,Spectrogram 1,1,1.100623715,1.252532717,930.2,13953.5,404828f61eae78ef9c21,liangzhuang_2023-06-06-birdnet-13_41_55_01,9.785,0.151909002,True,audio/analysis_clips/liangzhuang_2023-06-06-birdnet-13_41_55_01.wav
4,4,Spectrogram 1,1,1.372913436,1.791379744,1488.4,14697.7,f44dbfd5dc03eb368940,liangzhuang_2023-06-06-birdnet-13_41_55_01,9.785,0.4184663080000002,True,audio/analysis_clips/liangzhuang_2023-06-06-birdnet-13_41_55_01.wav
5,5,Spectrogram 1,1,1.851570103,2.078000503,1302.3,14232.6,4162d8589aa4a0a927aa,liangzhuang_2023-06-06-birdnet-13_41_55_01,9.785,0.2264304000000001,True,audio/analysis_clips/liangzhuang_2023-06-06-birdnet-13_41_55_01.wav
6,6,Spectrogram 1,1,2.313029525,2.625446153,1023.3,13395.3,d09a76dc6d816a1342fd,liangzhuang_2023-06-06-birdnet-13_41_55_01,9.785,0.3124166279999998,True,audio/analysis_clips/liangzhuang_2023-06-06-birdnet-13_41_55_01.wav
7,7,Spectrogram 1,1,2.892003458,3.043912461,837.2,14976.7,20656914e1a2f5c24985,liangzhuang_2023-06-06-birdnet-13_41_55_01,9.785,0.1519090030000001,True,audio/analysis_clips/liangzhuang_2023-06-06-birdnet-13_41_55_01.wav
8,8,Spectrogram 1,1,3.1595862,3.666904943,93.0,13953.5,bdf5a33a8901f1e545aa,liangzhuang_2023-06-06-birdnet-13_41_55_01,9.785,0.5073187429999999,True,audio/analysis_clips/liangzhuang_2023-06-06-birdnet-13_41_55_01.wav
9,9,Spectrogram 1,1,3.901933966,4.119765742,837.2,14418.6,eb47d17629388927cf09,liangzhuang_2023-06-06-birdnet-13_41_55_01,9.785,0.2178317760000001,True,audio/analysis_clips/liangzhuang_2023-06-06-birdnet-13_41_55_01.wav
10,10,Spectrogram 1,1,4.214350593,4.549696881,1209.3,14697.7,1c076499690db53cca51,liangzhuang_2023-06-06-birdnet-13_41_55_01,9.785,0.3353462880000002,True,audio/analysis_clips/liangzhuang_2023-06-06-birdnet-13_41_55_01.wav
11,11,Spectrogram 1,1,4.589823787,4.936634906,930.2,13302.3,44ea037e429f7c323180,liangzhuang_2023-06-06-birdnet-13_41_55_01,9.785,0.3468111189999998,True,audio/analysis_clips/liangzhuang_2023-06-06-birdnet-13_41_55_01.wav
12,12,Spectrogram 1,1,5.185994966,5.529939877,1302.3,14139.5,e6c9fed67b097659a238,liangzhuang_2023-06-06-birdnet-13_41_55_01,9.785,0.3439449110000003,True,audio/analysis_clips/liangzhuang_2023-06-06-birdnet-13_41_55_01.wav
13,13,Spectrogram 1,1,5.544270915,5.985666884,744.2,13581.4,6f289e07b84d0a3c4e4e,liangzhuang_2023-06-06-birdnet-13_41_55_01,9.785,0.4413959689999993,True,audio/analysis_clips/liangzhuang_2023-06-06-birdnet-13_41_55_01.wav
14,14,Spectrogram 1,1,6.197766245,6.404133192,744.2,9581.4,928f5b8f7a9aa210da59,liangzhuang_2023-06-06-birdnet-13_41_55_01,9.785,0.2063669469999993,True,audio/analysis_clips/liangzhuang_2023-06-06-birdnet-13_41_55_01.wav
15,15,Spectrogram 1,1,7.527686567,7.679595569,2511.6,9302.3,faa6e9e2b0eedb7471b8,liangzhuang_2023-06-06-birdnet-13_41_55_01,9.785,0.151909002,True,audio/analysis_clips/liangzhuang_2023-06-06-birdnet-13_41_55_01.wav
16,16,Spectrogram 1,1,7.745518344,8.098061878,1023.3,14697.7,ceacf9d642960ade18e9,liangzhuang_2023-06-06-birdnet-13_41_55_01,9.785,0.3525435339999996,True,audio/analysis_clips/liangzhuang_2023-06-06-birdnet-13_41_55_01.wav
17,17,Spectrogram 1,1,8.143921199,8.490732317,1023.3,12930.2,71fd08e52995febf6c03,liangzhuang_2023-06-06-birdnet-13_41_55_01,9.785,0.3468111180000015,True,audio/analysis_clips/liangzhuang_2023-06-06-birdnet-13_41_55_01.wav
18,19,Spectrogram 1,1,8.513661978,8.966522777,930.2,14976.7,333906e3b04462af1557,liangzhuang_2023-06-06-birdnet-13_41_55_01,9.785,0.4528607989999997,True,audio/analysis_clips/liangzhuang_2023-06-06-birdnet-13_41_55_01.wav
19,20,Spectrogram 1,1,9.321932519,9.528299465,1023.3,11069.8,12d68832ea4497769dc0,liangzhuang_2023-06-06-birdnet-13_41_55_01,9.785,0.2063669459999992,True,audio/analysis_clips/liangzhuang_2023-06-06-birdnet-13_41_55_01.wav
1,1,Spectrogram 1,1,0.088963166,0.515372825,744.2,15907.0,c3a92fd1c5c3c1b90785,liangzhuang_2023-06-07-birdnet-16_55_10_01_01,3.702729166666667,0.426409659,True,audio/analysis_clips/liangzhuang_2023-06-07-birdnet-16_55_10_01_01.wav
2,2,Spectrogram 1,1,0.55218517,0.935647093,651.2,13581.4,79563bc641fca40ee67d,liangzhuang_2023-06-07-birdnet-16_55_10_01_01,3.702729166666667,0.383461923,True,audio/analysis_clips/liangzhuang_2023-06-07-birdnet-16_55_10_01_01.wav
3,3,Spectrogram 1,1,1.046084127,1.478629177,372.1,15162.8,a4ac520d45493da5d547,liangzhuang_2023-06-07-birdnet-16_55_10_01_01,3.702729166666667,0.4325450499999999,True,audio/analysis_clips/liangzhuang_2023-06-07-birdnet-16_55_10_01_01.wav
4,4,Spectrogram 1,1,1.55672396,1.930982798,651.2,13209.3,139563a407a503d73b99,liangzhuang_2023-06-07-birdnet-16_55_10_01_01,3.702729166666667,0.374258838,True,audio/analysis_clips/liangzhuang_2023-06-07-birdnet-16_55_10_01_01.wav
5,5,Spectrogram 1,1,2.478566424,2.888103759,837.2,15627.9,add076fb516d3174cbce,liangzhuang_2023-06-07-birdnet-16_55_10_01_01,3.702729166666667,0.409537335,True,audio/analysis_clips/liangzhuang_2023-06-07-birdnet-16_55_10_01_01.wav
6,7,Spectrogram 1,1,3.266964139,3.507778227,1302.3,16000.0,7bf39fe40e1842f7bb67,liangzhuang_2023-06-07-birdnet-16_55_10_01_01,3.702729166666667,0.240814088,True,audio/analysis_clips/liangzhuang_2023-06-07-birdnet-16_55_10_01_01.wav
1,1,Waveform 1,1,0.0,0.319907001,0.0,15044.8,821385f9f4b738cf9f7d,liangzhuang_2023-06-07-birdnet-16_55_10_01_02,4.438270833333333,0.319907001,True,audio/analysis_clips/liangzhuang_2023-06-07-birdnet-16_55_10_01_02.wav
3,2,Waveform 1,1,0.489053231,0.834699876,358.2,14089.6,f37c326189e07f5c44d4,liangzhuang_2023-06-07-birdnet-16_55_10_01_02,4.438270833333333,0.345646645,True,audio/analysis_clips/liangzhuang_2023-06-07-birdnet-16_55_10_01_02.wav
5,3,Waveform 1,1,1.220794532,1.551732809,597.0,16238.8,c09f1c459ff5fe881b1f,liangzhuang_2023-06-07-birdnet-16_55_10_01_02,4.438270833333333,0.330938277,True,audio/analysis_clips/liangzhuang_2023-06-07-birdnet-16_55_10_01_02.wav
7,4,Waveform 1,1,1.713524855,2.084911143,597.0,13373.1,2d35150220bda0b97381,liangzhuang_2023-06-07-birdnet-16_55_10_01_02,4.438270833333333,0.3713862879999998,True,audio/analysis_clips/liangzhuang_2023-06-07-birdnet-16_55_10_01_02.wav
9,5,Waveform 1,1,2.357015949,2.629120754,1432.8,14328.4,baf2ce6573ae868958c1,liangzhuang_2023-06-07-birdnet-16_55_10_01_02,4.438270833333333,0.2721048050000001,True,audio/analysis_clips/liangzhuang_2023-06-07-birdnet-16_55_10_01_02.wav
11,6,Waveform 1,1,2.897548467,3.309382767,358.2,14567.2,4ed4f3384a359150ff18,liangzhuang_2023-06-07-birdnet-16_55_10_01_02,4.438270833333333,0.4118342999999997,True,audio/analysis_clips/liangzhuang_2023-06-07-birdnet-16_55_10_01_02.wav
13,7,Waveform 1,1,3.533685377,3.813144366,1432.8,14925.4,7465a82cb1e6168754b0,liangzhuang_2023-06-07-birdnet-16_55_10_01_02,4.438270833333333,0.2794589890000001,True,audio/analysis_clips/liangzhuang_2023-06-07-birdnet-16_55_10_01_02.wav
15,8,Waveform 1,1,3.967582229,4.430895816,716.4,14567.2,b0d52f566f62908c19bc,liangzhuang_2023-06-07-birdnet-16_55_10_01_02,4.438270833333333,0.4633135869999996,True,audio/analysis_clips/liangzhuang_2023-06-07-birdnet-16_55_10_01_02.wav
1,1,Waveform 1,1,0.372833471,0.759648198,789.0,14005.5,5c98a7756c8ef583c64b,liangzhuang_2023-06-07-birdnet-16_55_10_01_03,1.8750625,0.386814727,True,audio/analysis_clips/liangzhuang_2023-06-07-birdnet-16_55_10_01_03.wav
3,2,Waveform 1,1,1.148016397,1.478906103,1052.1,12427.4,305688e13f6dca2c607d,liangzhuang_2023-06-07-birdnet-16_55_10_01_03,1.8750625,0.330889706,True,audio/analysis_clips/liangzhuang_2023-06-07-birdnet-16_55_10_01_03.wav
1,1,Waveform 1,1,0.025511495,0.367554508,972.2,13913.9,b7a91c78ddfa372202c8,liangzhuang_2023-06-07-birdnet-16_55_10_01_04,1.1404791666666667,0.342043013,True,audio/analysis_clips/liangzhuang_2023-06-07-birdnet-16_55_10_01_04.wav
3,2,Waveform 1,1,0.689755247,1.093214823,729.1,15068.4,d3f69cd98f7ee2021906,liangzhuang_2023-06-07-birdnet-16_55_10_01_04,1.1404791666666667,0.403459576,True,audio/analysis_clips/liangzhuang_2023-06-07-birdnet-16_55_10_01_04.wav
1,1,Waveform 1,1,1.381474817,1.749184445,857.1,12989.0,435cf8701215c2c9bf13,liangzhuang_2023-06-07-birdnet-16_55_10_01_05,1.76825,0.367709628,True,audio/analysis_clips/liangzhuang_2023-06-07-birdnet-16_55_10_01_05.wav
3,2,Waveform 1,1,0.392614264,0.739814192,923.1,13252.7,6c10ea245bbdb3f119d6,liangzhuang_2023-06-07-birdnet-16_55_10_01_05,1.76825,0.347199928,True,audio/analysis_clips/liangzhuang_2023-06-07-birdnet-16_55_10_01_05.wav
5,3,Waveform 1,1,0.855547501,1.210072321,659.3,13318.7,8d5203e6f0afdb504e8d,liangzhuang_2023-06-07-birdnet-16_55_10_01_05,1.76825,0.3545248199999999,True,audio/analysis_clips/liangzhuang_2023-06-07-birdnet-16_55_10_01_05.wav
1,1,Spectrogram 1,1,0.298676718,0.607787558,0.0,12093.0,67ac22116e338b209afb,liangzhuang_2023-06-07-birdnet-19_27_11__bout_020,8.9053125,0.3091108399999999,True,audio/analysis_clips/liangzhuang_2023-06-07-birdnet-19_27_11__bout_020.wav
2,2,Spectrogram 1,1,0.727779952,0.965156208,0.0,15441.9,ecd5203a687ae04fd576,liangzhuang_2023-06-07-birdnet-19_27_11__bout_020,8.9053125,0.237376256,True,audio/analysis_clips/liangzhuang_2023-06-07-birdnet-19_27_11__bout_020.wav
3,3,Spectrogram 1,1,1.193402609,1.319916328,0.0,13953.5,eea7efdf209e0e3c9a18,liangzhuang_2023-06-07-birdnet-19_27_11__bout_020,8.9053125,0.1265137189999998,True,audio/analysis_clips/liangzhuang_2023-06-07-birdnet-19_27_11__bout_020.wav
4,4,Spectrogram 1,1,1.424606663,1.795017964,0.0,14046.5,fca0d318f6cde3a53d04,liangzhuang_2023-06-07-birdnet-19_27_11__bout_020,8.9053125,0.3704113009999998,True,audio/analysis_clips/liangzhuang_2023-06-07-birdnet-19_27_11__bout_020.wav
5,5,Spectrogram 1,1,1.855014161,2.276291803,186.0,13860.5,9e0781b373b3bae6ad32,liangzhuang_2023-06-07-birdnet-19_27_11__bout_020,8.9053125,0.4212776419999999,True,audio/analysis_clips/liangzhuang_2023-06-07-birdnet-19_27_11__bout_020.wav
6,6,Spectrogram 1,1,2.366286098,2.632356188,0.0,13674.4,7606a79d9982542fe274,liangzhuang_2023-06-07-birdnet-19_27_11__bout_020,8.9053125,0.2660700900000003,True,audio/analysis_clips/liangzhuang_2023-06-07-birdnet-19_27_11__bout_020.wav
7,7,Spectrogram 1,1,2.705836774,2.918431992,328.9,10392.8,b642b005bbcf201d6199,liangzhuang_2023-06-07-birdnet-19_27_11__bout_020,8.9053125,0.2125952180000001,True,audio/analysis_clips/liangzhuang_2023-06-07-birdnet-19_27_11__bout_020.wav
8,8,Spectrogram 1,1,2.941908765,3.318841392,592.0,10063.9,f4f92bd8b1c5225eb55f,liangzhuang_2023-06-07-birdnet-19_27_11__bout_020,8.9053125,0.3769326269999999,True,audio/analysis_clips/liangzhuang_2023-06-07-birdnet-19_27_11__bout_020.wav
9,9,Spectrogram 1,1,3.374082524,3.658412326,197.3,11116.4,f2206b00ab05675d091f,liangzhuang_2023-06-07-birdnet-19_27_11__bout_020,8.9053125,0.2843298020000002,True,audio/analysis_clips/liangzhuang_2023-06-07-birdnet-19_27_11__bout_020.wav
10,10,Spectrogram 1,1,3.824054,3.972740226,131.6,8682.6,3bd2e12c2394f5eb9345,liangzhuang_2023-06-07-birdnet-19_27_11__bout_020,8.9053125,0.1486862260000001,True,audio/analysis_clips/liangzhuang_2023-06-07-birdnet-19_27_11__bout_020.wav
11,11,Spectrogram 1,1,4.056588016,4.5848154,65.8,13615.9,bc12e669c74775c70416,liangzhuang_2023-06-07-birdnet-19_27_11__bout_020,8.9053125,0.528227384,True,audio/analysis_clips/liangzhuang_2023-06-07-birdnet-19_27_11__bout_020.wav
12,12,Spectrogram 1,1,4.653941453,5.122174919,789.3,13089.7,e2d84e993e88f44b664c,liangzhuang_2023-06-07-birdnet-19_27_11__bout_020,8.9053125,0.468233466,True,audio/analysis_clips/liangzhuang_2023-06-07-birdnet-19_27_11__bout_020.wav
13,13,Spectrogram 1,1,5.214396595,5.480005957,789.3,14010.6,628db19e2a4963687533,liangzhuang_2023-06-07-birdnet-19_27_11__bout_020,8.9053125,0.2656093620000002,True,audio/analysis_clips/liangzhuang_2023-06-07-birdnet-19_27_11__bout_020.wav
14,14,Spectrogram 1,1,5.583298487,5.94666685,657.8,12760.8,54fb6bca0cd12943e20f,liangzhuang_2023-06-07-birdnet-19_27_11__bout_020,8.9053125,0.3633683629999993,True,audio/analysis_clips/liangzhuang_2023-06-07-birdnet-19_27_11__bout_020.wav
15,16,Spectrogram 1,1,6.006562593,6.438177807,1118.2,14142.1,fda4859bfae16abbeb95,liangzhuang_2023-06-07-birdnet-19_27_11__bout_020,8.9053125,0.4316152139999998,True,audio/analysis_clips/liangzhuang_2023-06-07-birdnet-19_27_11__bout_020.wav
16,17,Spectrogram 1,1,6.701942659,7.056088475,460.4,13747.5,94a455e5436ef7d223b0,liangzhuang_2023-06-07-birdnet-19_27_11__bout_020,8.9053125,0.3541458159999999,True,audio/analysis_clips/liangzhuang_2023-06-07-birdnet-19_27_11__bout_020.wav
17,18,Spectrogram 1,1,6.480601524,6.701942659,526.2,9932.4,1086f8f6306b4df35dad,liangzhuang_2023-06-07-birdnet-19_27_11__bout_020,8.9053125,0.2213411350000003,True,audio/analysis_clips/liangzhuang_2023-06-07-birdnet-19_27_11__bout_020.wav
18,19,Spectrogram 1,1,7.133557873,7.647308368,460.4,12760.8,02b23d9aeddd2013408f,liangzhuang_2023-06-07-birdnet-19_27_11__bout_020,8.9053125,0.513750495,True,audio/analysis_clips/liangzhuang_2023-06-07-birdnet-19_27_11__bout_020.wav
19,21,Spectrogram 1,1,7.733023447,8.011544375,789.3,14142.1,c1652d3300ab1afb9693,liangzhuang_2023-06-07-birdnet-19_27_11__bout_020,8.9053125,0.2785209279999998,True,audio/analysis_clips/liangzhuang_2023-06-07-birdnet-19_27_11__bout_020.wav
20,22,Spectrogram 1,1,8.229196491,8.596253873,592.0,13681.7,616b7e96ed2a3545b3fe,liangzhuang_2023-06-07-birdnet-19_27_11__bout_020,8.9053125,0.3670573820000005,True,audio/analysis_clips/liangzhuang_2023-06-07-birdnet-19_27_11__bout_020.wav
1,1,Spectrogram 1,1,2.450721702,2.910039354,827.6,14305.4,29ea2cd08e776703d2e8,liangzhuang_2023-06-07-birdnet-19_27_41_01,7.441583333333333,0.4593176519999997,True,audio/analysis_clips/liangzhuang_2023-06-07-birdnet-19_27_41_01.wav
2,2,Spectrogram 1,1,6.276313691,6.760292694,1182.3,15369.5,5f4cbe11855db2d90e6d,liangzhuang_2023-06-07-birdnet-19_27_41_01,7.441583333333333,0.4839790029999999,True,audio/analysis_clips/liangzhuang_2023-06-07-birdnet-19_27_41_01.wav
3,3,Spectrogram 1,1,4.318818999,4.787384657,709.4,13596.1,12b4631e84d8674bea9d,liangzhuang_2023-06-07-birdnet-19_27_41_01,7.441583333333333,0.4685656579999993,True,audio/analysis_clips/liangzhuang_2023-06-07-birdnet-19_27_41_01.wav
4,4,Spectrogram 1,1,1.307051574,1.800278583,1064.0,14187.2,3a57463d9c3ab881cd9d,liangzhuang_2023-06-07-birdnet-19_27_41_01,7.441583333333333,0.4932270090000001,True,audio/analysis_clips/liangzhuang_2023-06-07-birdnet-19_27_41_01.wav
5,5,Spectrogram 1,1,0.120224083,0.419242958,709.4,14778.3,d87c82e5593b735e319a,liangzhuang_2023-06-07-birdnet-19_27_41_01,7.441583333333333,0.299018875,True,audio/analysis_clips/liangzhuang_2023-06-07-birdnet-19_27_41_01.wav
6,6,Spectrogram 1,1,0.511723022,0.659691125,236.5,12532.0,62f34efbfc810937dce9,liangzhuang_2023-06-07-birdnet-19_27_41_01,7.441583333333333,0.147968103,True,audio/analysis_clips/liangzhuang_2023-06-07-birdnet-19_27_41_01.wav
7,7,Spectrogram 1,1,0.779915208,1.159083471,1300.5,14423.6,37d1b93aee00073ae69c,liangzhuang_2023-06-07-birdnet-19_27_41_01,7.441583333333333,0.3791682629999999,True,audio/analysis_clips/liangzhuang_2023-06-07-birdnet-19_27_41_01.wav
8,8,Spectrogram 1,1,1.868097297,2.108545464,827.6,12059.1,a63a2d669b59def2c1d5,liangzhuang_2023-06-07-birdnet-19_27_41_01,7.441583333333333,0.240448167,True,audio/analysis_clips/liangzhuang_2023-06-07-birdnet-19_27_41_01.wav
9,9,Spectrogram 1,1,2.27500958,2.401399001,472.9,10995.1,fe92396cb78999233c16,liangzhuang_2023-06-07-birdnet-19_27_41_01,7.441583333333333,0.1263894210000002,True,audio/analysis_clips/liangzhuang_2023-06-07-birdnet-19_27_41_01.wav
10,10,Spectrogram 1,1,3.054924788,3.434709628,1655.2,13004.9,e9d7eea99525ee381462,liangzhuang_2023-06-07-birdnet-19_27_41_01,7.441583333333333,0.3797848399999997,True,audio/analysis_clips/liangzhuang_2023-06-07-birdnet-19_27_41_01.wav
11,12,Spectrogram 1,1,3.440874966,3.924853969,354.7,15014.8,5ea9512aab97562107d4,liangzhuang_2023-06-07-birdnet-19_27_41_01,7.441583333333333,0.4839790029999999,True,audio/analysis_clips/liangzhuang_2023-06-07-birdnet-19_27_41_01.wav
12,13,Spectrogram 1,1,3.980342007,4.28244355,0.0,10049.3,92c8c2f83b0bda7255fb,liangzhuang_2023-06-07-birdnet-19_27_41_01,7.441583333333333,0.302101543,True,audio/analysis_clips/liangzhuang_2023-06-07-birdnet-19_27_41_01.wav
13,14,Spectrogram 1,1,4.923638662,5.373708308,591.1,10876.8,ace7a4626399217d133f,liangzhuang_2023-06-07-birdnet-19_27_41_01,7.441583333333333,0.4500696460000002,True,audio/analysis_clips/liangzhuang_2023-06-07-birdnet-19_27_41_01.wav
14,15,Spectrogram 1,1,5.435361684,5.783703259,354.7,13004.9,07b5baa62f722c95d415,liangzhuang_2023-06-07-birdnet-19_27_41_01,7.441583333333333,0.348341575,True,audio/analysis_clips/liangzhuang_2023-06-07-birdnet-19_27_41_01.wav
15,16,Spectrogram 1,1,5.829943291,6.162871522,709.4,10758.6,7206904ca47d11585475,liangzhuang_2023-06-07-birdnet-19_27_41_01,7.441583333333333,0.3329282309999994,True,audio/analysis_clips/liangzhuang_2023-06-07-birdnet-19_27_41_01.wav
16,17,Spectrogram 1,1,6.822562647,7.272632293,591.1,11940.9,53592624625e7d1be162,liangzhuang_2023-06-07-birdnet-19_27_41_01,7.441583333333333,0.4500696460000002,True,audio/analysis_clips/liangzhuang_2023-06-07-birdnet-19_27_41_01.wav
1,1,Waveform 1,1,0.567684911,0.948316556,0.0,16835.8,9930aeb6488f1368b671,liangzhuang_2023-06-08-birdnet-10_29_19__bout_009_01,2.6252916666666666,0.380631645,True,audio/analysis_clips/liangzhuang_2023-06-08-birdnet-10_29_19__bout_009_01.wav
3,2,Waveform 1,1,0.0,0.480683392,0.0,18346.7,76d359f61ead7c3eaf9d,liangzhuang_2023-06-08-birdnet-10_29_19__bout_009_01,2.6252916666666666,0.480683392,True,audio/analysis_clips/liangzhuang_2023-06-08-birdnet-10_29_19__bout_009_01.wav
5,3,Waveform 1,1,1.013567695,1.581252606,0.0,15786.7,593469d34365c16c3a44,liangzhuang_2023-06-08-birdnet-10_29_19__bout_009_01,2.6252916666666666,0.567684911,True,audio/analysis_clips/liangzhuang_2023-06-08-birdnet-10_29_19__bout_009_01.wav
7,4,Waveform 1,1,1.709579847,2.109786834,640.0,16320.0,929da781c6f277258eb6,liangzhuang_2023-06-08-birdnet-10_29_19__bout_009_01,2.6252916666666666,0.4002069869999998,True,audio/analysis_clips/liangzhuang_2023-06-08-birdnet-10_29_19__bout_009_01.wav
9,5,Waveform 1,1,2.201138429,2.570894884,0.0,15466.7,478e870657ccf0a68311,liangzhuang_2023-06-08-birdnet-10_29_19__bout_009_01,2.6252916666666666,0.3697564550000001,True,audio/analysis_clips/liangzhuang_2023-06-08-birdnet-10_29_19__bout_009_01.wav
1,1,Waveform 1,1,0.349768412,0.622056479,358.2,17074.6,5845effcff589cbd9c6b,liangzhuang_2023-06-08-birdnet-12_47_51__bout_014_01,3.77875,0.2722880670000001,True,audio/analysis_clips/liangzhuang_2023-06-08-birdnet-12_47_51__bout_014_01.wav
3,2,Waveform 1,1,0.770375995,0.903199443,0.0,14567.2,50e3f41912b139ecfd4b,liangzhuang_2023-06-08-birdnet-12_47_51__bout_014_01,3.77875,0.132823448,True,audio/analysis_clips/liangzhuang_2023-06-08-birdnet-12_47_51__bout_014_01.wav
5,3,Waveform 1,1,1.013885649,1.261822751,0.0,11701.5,3d9895f5be94b8202f35,liangzhuang_2023-06-08-birdnet-12_47_51__bout_014_01,3.77875,0.2479371019999998,True,audio/analysis_clips/liangzhuang_2023-06-08-birdnet-12_47_51__bout_014_01.wav
7,4,Waveform 1,1,1.363654061,1.655865645,835.8,16835.8,8e833f86dae91236dd49,liangzhuang_2023-06-08-birdnet-12_47_51__bout_014_01,3.77875,0.2922115839999999,True,audio/analysis_clips/liangzhuang_2023-06-08-birdnet-12_47_51__bout_014_01.wav
9,5,Waveform 1,1,1.722277369,2.213724124,0.0,15522.4,68b3a83416d01d1cac11,liangzhuang_2023-06-08-birdnet-12_47_51__bout_014_01,3.77875,0.4914467550000001,True,audio/analysis_clips/liangzhuang_2023-06-08-birdnet-12_47_51__bout_014_01.wav
11,6,Waveform 1,1,2.304486813,2.621049363,119.4,16238.8,b26c44eac0f5086a86e9,liangzhuang_2023-06-08-birdnet-12_47_51__bout_014_01,3.77875,0.31656255,True,audio/analysis_clips/liangzhuang_2023-06-08-birdnet-12_47_51__bout_014_01.wav
13,7,Waveform 1,1,2.665323845,2.891123705,358.2,16119.4,e49d03f14e7c4e5f33b2,liangzhuang_2023-06-08-birdnet-12_47_51__bout_014_01,3.77875,0.2257998599999999,True,audio/analysis_clips/liangzhuang_2023-06-08-birdnet-12_47_51__bout_014_01.wav
15,8,Waveform 1,1,2.97967267,3.247533289,238.8,15403.0,ef56916d234657d40a72,liangzhuang_2023-06-08-birdnet-12_47_51__bout_014_01,3.77875,0.2678606190000003,True,audio/analysis_clips/liangzhuang_2023-06-08-birdnet-12_47_51__bout_014_01.wav
17,9,Waveform 1,1,3.302876393,3.641576184,0.0,16119.4,a902dda79df926da3fd8,liangzhuang_2023-06-08-birdnet-12_47_51__bout_014_01,3.77875,0.3386997909999998,True,audio/analysis_clips/liangzhuang_2023-06-08-birdnet-12_47_51__bout_014_01.wav
1,1,Waveform 1,1,0.103115162,0.446295309,119.4,16716.4,ffd8be1ea84876344d75,liangzhuang_2023-06-08-birdnet-12_47_51__bout_014_02,1.9447083333333333,0.343180147,True,audio/analysis_clips/liangzhuang_2023-06-08-birdnet-12_47_51__bout_014_02.wav
3,2,Waveform 1,1,0.486574669,0.818476595,597.0,18149.3,1ed9d0b1a0a16e8d6739,liangzhuang_2023-06-08-birdnet-12_47_51__bout_014_02,1.9447083333333333,0.331901926,True,audio/analysis_clips/liangzhuang_2023-06-08-birdnet-12_47_51__bout_014_02.wav
5,3,Waveform 1,1,0.849088908,1.176157312,358.2,15880.6,79e4ce1ca9ca4e4eee11,liangzhuang_2023-06-08-birdnet-12_47_51__bout_014_02,1.9447083333333333,0.3270684039999999,True,audio/analysis_clips/liangzhuang_2023-06-08-birdnet-12_47_51__bout_014_02.wav
7,4,Waveform 1,1,1.176157312,1.619230271,358.2,17910.4,7db779b8d912711628b8,liangzhuang_2023-06-08-birdnet-12_47_51__bout_014_02,1.9447083333333333,0.443072959,True,audio/analysis_clips/liangzhuang_2023-06-08-birdnet-12_47_51__bout_014_02.wav
1,1,Spectrogram 1,1,0.323371223,0.821717286,0.0,12558.1,5c3c37cde4d84a6b2309,liangzhuang_2023-06-14-birdnet-11_15_54_01,7.561395833333333,0.498346063,True,audio/analysis_clips/liangzhuang_2023-06-14-birdnet-11_15_54_01.wav
2,2,Spectrogram 1,1,1.09857621,1.413087947,0.0,13674.4,3da25343a5845ad42613,liangzhuang_2023-06-14-birdnet-11_15_54_01,7.561395833333333,0.3145117369999999,True,audio/analysis_clips/liangzhuang_2023-06-14-birdnet-11_15_54_01.wav
3,3,Spectrogram 1,1,1.884855554,2.214871391,372.1,13581.4,dbf0c7d4f6ca2a0b6f26,liangzhuang_2023-06-14-birdnet-11_15_54_01,7.561395833333333,0.3300158369999999,True,audio/analysis_clips/liangzhuang_2023-06-14-birdnet-11_15_54_01.wav
4,4,Spectrogram 1,1,2.307895989,2.799057415,0.0,13581.4,c8f19deaff09af5d2b4f,liangzhuang_2023-06-14-birdnet-11_15_54_01,7.561395833333333,0.4911614260000001,True,audio/analysis_clips/liangzhuang_2023-06-14-birdnet-11_15_54_01.wav
5,6,Spectrogram 1,1,2.956313283,3.261965535,0.0,14418.6,e88ccdedea45003752c5,liangzhuang_2023-06-14-birdnet-11_15_54_01,7.561395833333333,0.3056522519999998,True,audio/analysis_clips/liangzhuang_2023-06-14-birdnet-11_15_54_01.wav
6,7,Spectrogram 1,1,3.441370118,3.766956213,0.0,13767.4,df6bbaae127715492f6b,liangzhuang_2023-06-14-birdnet-11_15_54_01,7.561395833333333,0.3255860949999998,True,audio/analysis_clips/liangzhuang_2023-06-14-birdnet-11_15_54_01.wav
7,8,Spectrogram 1,1,3.868840297,3.975154123,279.1,12093.0,e623c5945087c8e5f925,liangzhuang_2023-06-14-birdnet-11_15_54_01,7.561395833333333,0.1063138259999996,True,audio/analysis_clips/liangzhuang_2023-06-14-birdnet-11_15_54_01.wav
8,10,Spectrogram 1,1,4.210927621,4.533301714,0.0,14511.6,b789de1454eb46c501dd,liangzhuang_2023-06-14-birdnet-11_15_54_01,7.561395833333333,0.3223740930000005,True,audio/analysis_clips/liangzhuang_2023-06-14-birdnet-11_15_54_01.wav
9,11,Spectrogram 1,1,4.646260155,4.980705735,0.0,14511.6,db72b2e763b4d84c610d,liangzhuang_2023-06-14-birdnet-11_15_54_01,7.561395833333333,0.3344455799999997,True,audio/analysis_clips/liangzhuang_2023-06-14-birdnet-11_15_54_01.wav
10,12,Spectrogram 1,1,5.384919063,5.590902102,279.1,11162.8,4b45efe1905c95305fc4,liangzhuang_2023-06-14-birdnet-11_15_54_01,7.561395833333333,0.2059830390000003,True,audio/analysis_clips/liangzhuang_2023-06-14-birdnet-11_15_54_01.wav
11,13,Spectrogram 1,1,6.149049692,6.600883456,0.0,14232.6,14404b1b92af515fcd68,liangzhuang_2023-06-14-birdnet-11_15_54_01,7.561395833333333,0.4518337639999998,True,audio/analysis_clips/liangzhuang_2023-06-14-birdnet-11_15_54_01.wav
12,14,Spectrogram 1,1,6.729345997,7.074865934,0.0,15441.9,5f69b8d5ea2e0b3f1415,liangzhuang_2023-06-14-birdnet-11_15_54_01,7.561395833333333,0.3455199369999997,True,audio/analysis_clips/liangzhuang_2023-06-14-birdnet-11_15_54_01.wav
1,1,Spectrogram 1,1,0.009728511,0.235105677,379.4,20015.8,5cb9fa58ec2e8c11b76b,liangzhuang_2023-06-18-birdnet-14_08_04_01,3.914125,0.225377166,True,audio/analysis_clips/liangzhuang_2023-06-18-birdnet-14_08_04_01.wav
2,2,Spectrogram 1,1,0.402111779,0.69558852,379.4,17834.0,29d45cbac8232f18e575,liangzhuang_2023-06-18-birdnet-14_08_04_01,3.914125,0.293476741,True,audio/analysis_clips/liangzhuang_2023-06-18-birdnet-14_08_04_01.wav
3,3,Spectrogram 1,1,0.901508665,1.212821009,0.0,19541.5,e4abbebe81684299333e,liangzhuang_2023-06-18-birdnet-14_08_04_01,3.914125,0.3113123439999999,True,audio/analysis_clips/liangzhuang_2023-06-18-birdnet-14_08_04_01.wav
4,4,Spectrogram 1,1,1.352262997,1.725189243,0.0,17928.9,cc329e90ac97dbf81e75,liangzhuang_2023-06-18-birdnet-14_08_04_01,3.914125,0.372926246,True,audio/analysis_clips/liangzhuang_2023-06-18-birdnet-14_08_04_01.wav
5,5,Spectrogram 1,1,1.795512518,2.084125004,0.0,18118.6,d70fbce6a1ef797de249,liangzhuang_2023-06-18-birdnet-14_08_04_01,3.914125,0.2886124860000001,True,audio/analysis_clips/liangzhuang_2023-06-18-birdnet-14_08_04_01.wav
6,6,Spectrogram 1,1,2.294909404,2.671078487,0.0,17170.0,41cddc3761d55cdb7041,liangzhuang_2023-06-18-birdnet-14_08_04_01,3.914125,0.3761690829999997,True,audio/analysis_clips/liangzhuang_2023-06-18-birdnet-14_08_04_01.wav
7,7,Spectrogram 1,1,2.807277638,3.08940445,0.0,19256.9,cd89c67f752e04c2d843,liangzhuang_2023-06-18-birdnet-14_08_04_01,3.914125,0.282126812,True,audio/analysis_clips/liangzhuang_2023-06-18-birdnet-14_08_04_01.wav
8,9,Spectrogram 1,1,3.288561027,3.418274504,189.7,12332.0,38a522a04f10f0f72927,liangzhuang_2023-06-18-birdnet-14_08_04_01,3.914125,0.1297134770000001,True,audio/analysis_clips/liangzhuang_2023-06-18-birdnet-14_08_04_01.wav
9,10,Spectrogram 1,1,3.603116208,3.838221885,0.0,17170.0,25769bd819bd3cce1ece,liangzhuang_2023-06-18-birdnet-14_08_04_01,3.914125,0.2351056769999999,True,audio/analysis_clips/liangzhuang_2023-06-18-birdnet-14_08_04_01.wav
1,1,Spectrogram 1,1,0.034550828,0.494342611,279.1,16651.2,3ef5bcd9fcc862a444e3,liangzhuang_2023-06-18-birdnet-15_49_35_01,12.831666666666669,0.459791783,True,audio/analysis_clips/liangzhuang_2023-06-18-birdnet-15_49_35_01.wav
2,3,Spectrogram 1,1,0.946161126,1.254460819,465.1,15348.8,10d1b8489037d48a5e07,liangzhuang_2023-06-18-birdnet-15_49_35_01,12.831666666666669,0.3082996929999999,True,audio/analysis_clips/liangzhuang_2023-06-18-birdnet-15_49_35_01.wav
3,4,Spectrogram 1,1,0.531551194,0.94350337,1023.3,15348.8,dbff94021fd4a1142852,liangzhuang_2023-06-18-birdnet-15_49_35_01,12.831666666666669,0.411952176,True,audio/analysis_clips/liangzhuang_2023-06-18-birdnet-15_49_35_01.wav
4,5,Spectrogram 1,1,1.453792517,1.73551465,837.2,15162.8,5280eff305e39952843f,liangzhuang_2023-06-18-birdnet-15_49_35_01,12.831666666666669,0.2817221330000001,True,audio/analysis_clips/liangzhuang_2023-06-18-birdnet-15_49_35_01.wav
5,6,Spectrogram 1,1,1.894980008,2.229857261,651.2,15534.9,cdce2473bd1743f62e0e,liangzhuang_2023-06-18-birdnet-15_49_35_01,12.831666666666669,0.3348772529999997,True,audio/analysis_clips/liangzhuang_2023-06-18-birdnet-15_49_35_01.wav
6,7,Spectrogram 1,1,2.235172773,2.673702508,372.1,13488.4,3c61b9222d0c205f9896,liangzhuang_2023-06-18-birdnet-15_49_35_01,12.831666666666669,0.4385297349999999,True,audio/analysis_clips/liangzhuang_2023-06-18-birdnet-15_49_35_01.wav
7,8,Spectrogram 1,1,2.753435187,3.082996928,744.2,15720.9,8013e3e25f8ee0d12c1b,liangzhuang_2023-06-18-birdnet-15_49_35_01,12.831666666666669,0.329561741,True,audio/analysis_clips/liangzhuang_2023-06-18-birdnet-15_49_35_01.wav
8,9,Spectrogram 1,1,3.180945123,3.454693988,465.1,12186.0,b142343e24cf8d16106e,liangzhuang_2023-06-18-birdnet-15_49_35_01,12.831666666666669,0.2737488649999999,True,audio/analysis_clips/liangzhuang_2023-06-18-birdnet-15_49_35_01.wav
9,10,Spectrogram 1,1,3.561004227,3.943721087,930.2,15069.8,dcf2ba3213281b916bc9,liangzhuang_2023-06-18-birdnet-15_49_35_01,12.831666666666669,0.3827168599999999,True,audio/analysis_clips/liangzhuang_2023-06-18-birdnet-15_49_35_01.wav
10,12,Spectrogram 1,1,4.012353541,4.365835085,930.2,15348.8,a1c7a2100184bca849bf,liangzhuang_2023-06-18-birdnet-15_49_35_01,12.831666666666669,0.3534815439999992,True,audio/analysis_clips/liangzhuang_2023-06-18-birdnet-15_49_35_01.wav
11,13,Spectrogram 1,1,4.365835085,4.769813993,744.2,16651.2,6a154fbd7ccbb8533192,liangzhuang_2023-06-18-birdnet-15_49_35_01,12.831666666666669,0.403978908,True,audio/analysis_clips/liangzhuang_2023-06-18-birdnet-15_49_35_01.wav
12,14,Spectrogram 1,1,4.775129505,5.131268805,1023.3,14604.7,859e23a6f80111f6db54,liangzhuang_2023-06-18-birdnet-15_49_35_01,12.831666666666669,0.3561393000000006,True,audio/analysis_clips/liangzhuang_2023-06-18-birdnet-15_49_35_01.wav
13,15,Spectrogram 1,1,5.245552312,5.614980392,651.2,15534.9,47b8624e1f676a88f2ba,liangzhuang_2023-06-18-birdnet-15_49_35_01,12.831666666666669,0.3694280799999996,True,audio/analysis_clips/liangzhuang_2023-06-18-birdnet-15_49_35_01.wav
14,16,Spectrogram 1,1,5.676108779,5.96580418,744.2,15069.8,186a046194be36b2e734,liangzhuang_2023-06-18-birdnet-15_49_35_01,12.831666666666669,0.2896954010000003,True,audio/analysis_clips/liangzhuang_2023-06-18-birdnet-15_49_35_01.wav
15,17,Spectrogram 1,1,6.080087687,6.409649428,651.2,15441.9,84967e4edef4c2c4824b,liangzhuang_2023-06-18-birdnet-15_49_35_01,12.831666666666669,0.329561741,True,audio/analysis_clips/liangzhuang_2023-06-18-birdnet-15_49_35_01.wav
16,18,Spectrogram 1,1,6.566457026,6.869441207,1023.3,15162.8,448881790dacfb896670,liangzhuang_2023-06-18-birdnet-15_49_35_01,12.831666666666669,0.3029841810000002,True,audio/analysis_clips/liangzhuang_2023-06-18-birdnet-15_49_35_01.wav
17,19,Spectrogram 1,1,6.914623058,7.270762358,744.2,15814.0,9820719097be42baf07c,liangzhuang_2023-06-18-birdnet-15_49_35_01,12.831666666666669,0.3561392999999997,True,audio/analysis_clips/liangzhuang_2023-06-18-birdnet-15_49_35_01.wav
18,20,Spectrogram 1,1,7.339864014,7.680056778,465.1,15162.8,b8fb8de96488409238e2,liangzhuang_2023-06-18-birdnet-15_49_35_01,12.831666666666669,0.3401927640000002,True,audio/analysis_clips/liangzhuang_2023-06-18-birdnet-15_49_35_01.wav
19,21,Spectrogram 1,1,7.802313553,8.131875293,1116.3,15255.8,f2ff391e5626e1aae605,liangzhuang_2023-06-18-birdnet-15_49_35_01,12.831666666666669,0.3295617399999999,True,audio/analysis_clips/liangzhuang_2023-06-18-birdnet-15_49_35_01.wav
20,22,Spectrogram 1,1,8.652795464,8.937175353,744.2,14790.7,c36f4693b9c8e0b8ae77,liangzhuang_2023-06-18-birdnet-15_49_35_01,12.831666666666669,0.2843798890000002,True,audio/analysis_clips/liangzhuang_2023-06-18-birdnet-15_49_35_01.wav
21,23,Spectrogram 1,1,9.019565788,9.378362844,930.2,14976.7,f3df205fdfcb3822fa5d,liangzhuang_2023-06-18-birdnet-15_49_35_01,12.831666666666669,0.3587970560000002,True,audio/analysis_clips/liangzhuang_2023-06-18-birdnet-15_49_35_01.wav
22,24,Spectrogram 1,1,9.442148988,9.710582341,837.2,13581.4,89d0badec3cbb890abc9,liangzhuang_2023-06-18-birdnet-15_49_35_01,12.831666666666669,0.2684333530000007,True,audio/analysis_clips/liangzhuang_2023-06-18-birdnet-15_49_35_01.wav
23,25,Spectrogram 1,1,9.830181359,10.143796564,837.2,15720.9,b55cc3721a22972198ce,liangzhuang_2023-06-18-birdnet-15_49_35_01,12.831666666666669,0.3136152050000014,True,audio/analysis_clips/liangzhuang_2023-06-18-birdnet-15_49_35_01.wav
24,26,Spectrogram 1,1,10.247449047,10.595615079,744.2,14139.5,85a0eaa586e416f2a778,liangzhuang_2023-06-18-birdnet-15_49_35_01,12.831666666666669,0.3481660319999999,True,audio/analysis_clips/liangzhuang_2023-06-18-birdnet-15_49_35_01.wav
25,27,Spectrogram 1,1,10.736476146,11.068695642,930.2,15255.8,0a8653576c7fab3f0e8c,liangzhuang_2023-06-18-birdnet-15_49_35_01,12.831666666666669,0.3322194960000004,True,audio/analysis_clips/liangzhuang_2023-06-18-birdnet-15_49_35_01.wav
26,28,Spectrogram 1,1,11.084642178,11.374337579,744.2,12930.2,61926627a6c42f5c0f26,liangzhuang_2023-06-18-birdnet-15_49_35_01,12.831666666666669,0.2896954010000012,True,audio/analysis_clips/liangzhuang_2023-06-18-birdnet-15_49_35_01.wav
27,29,Spectrogram 1,1,11.629482148,11.956386133,837.2,13488.4,b2b146199e37ca0a4c08,liangzhuang_2023-06-18-birdnet-15_49_35_01,12.831666666666669,0.3269039850000013,True,audio/analysis_clips/liangzhuang_2023-06-18-birdnet-15_49_35_01.wav
28,30,Spectrogram 1,1,11.998910228,12.323156457,930.2,15814.0,3e390e95599472a95ed9,liangzhuang_2023-06-18-birdnet-15_49_35_01,12.831666666666669,0.3242462289999999,True,audio/analysis_clips/liangzhuang_2023-06-18-birdnet-15_49_35_01.wav
29,31,Spectrogram 1,1,12.40023138,12.772317216,558.1,14325.6,212a5caeb82f2f788c91,liangzhuang_2023-06-18-birdnet-15_49_35_01,12.831666666666669,0.3720858360000001,True,audio/analysis_clips/liangzhuang_2023-06-18-birdnet-15_49_35_01.wav
1,1,Spectrogram 1,1,0.25135597,0.579882633,1023.3,15720.9,11682be489c6f3c0a119,liangzhuang_2023-06-18-birdnet-15_50_05_01,10.645166666666666,0.328526663,True,audio/analysis_clips/liangzhuang_2023-06-18-birdnet-15_50_05_01.wav
2,2,Spectrogram 1,1,0.69012648,1.036292159,837.2,14418.6,46082faf5fc7f5e774ea,liangzhuang_2023-06-18-birdnet-15_50_05_01,10.645166666666666,0.346165679,True,audio/analysis_clips/liangzhuang_2023-06-18-birdnet-15_50_05_01.wav
3,3,Spectrogram 1,1,1.43757976,1.717599131,744.2,15069.8,2b44bec3e3e6e1a2c73d,liangzhuang_2023-06-18-birdnet-15_50_05_01,10.645166666666666,0.2800193710000001,True,audio/analysis_clips/liangzhuang_2023-06-18-birdnet-15_50_05_01.wav
4,4,Spectrogram 1,1,1.10684822,1.384662714,837.2,14790.7,76871953a524b2f31d13,liangzhuang_2023-06-18-birdnet-15_50_05_01,10.645166666666666,0.277814494,True,audio/analysis_clips/liangzhuang_2023-06-18-birdnet-15_50_05_01.wav
5,5,Spectrogram 1,1,1.816818593,2.134320871,930.2,14139.5,aa90f2710c82487ed660,liangzhuang_2023-06-18-birdnet-15_50_05_01,10.645166666666666,0.3175022779999998,True,audio/analysis_clips/liangzhuang_2023-06-18-birdnet-15_50_05_01.wav
6,6,Spectrogram 1,1,2.248974472,2.570886504,837.2,14511.6,e8c7ab9a98c79db6172a,liangzhuang_2023-06-18-birdnet-15_50_05_01,10.645166666666666,0.3219120320000002,True,audio/analysis_clips/liangzhuang_2023-06-18-birdnet-15_50_05_01.wav
7,7,Spectrogram 1,1,2.714203505,3.06257406,1116.3,14604.7,b2ce6bd6ea4b86aa9a74,liangzhuang_2023-06-18-birdnet-15_50_05_01,10.645166666666666,0.3483705550000002,True,audio/analysis_clips/liangzhuang_2023-06-18-birdnet-15_50_05_01.wav
8,8,Spectrogram 1,1,3.150769137,3.424173877,465.1,13953.5,eafe742194cec51f41d6,liangzhuang_2023-06-18-birdnet-15_50_05_01,10.645166666666666,0.2734047399999997,True,audio/analysis_clips/liangzhuang_2023-06-18-birdnet-15_50_05_01.wav
9,9,Spectrogram 1,1,3.560876247,3.838690741,372.1,15534.9,0445f9b23110394c6577,liangzhuang_2023-06-18-birdnet-15_50_05_01,10.645166666666666,0.2778144940000002,True,audio/analysis_clips/liangzhuang_2023-06-18-birdnet-15_50_05_01.wav
10,10,Spectrogram 1,1,3.990827249,4.273051496,558.1,15814.0,5cb2de5dfffb8ae6f5a6,liangzhuang_2023-06-18-birdnet-15_50_05_01,10.645166666666666,0.2822242469999998,True,audio/analysis_clips/liangzhuang_2023-06-18-birdnet-15_50_05_01.wav
11,11,Spectrogram 1,1,4.372270958,4.742690283,930.2,15907.0,7ac6f8df13fd38a9459d,liangzhuang_2023-06-18-birdnet-15_50_05_01,10.645166666666666,0.3704193250000003,True,audio/analysis_clips/liangzhuang_2023-06-18-birdnet-15_50_05_01.wav
12,12,Spectrogram 1,1,4.808836591,5.150592512,1488.4,14232.6,7fd8f54141baab76a637,liangzhuang_2023-06-18-birdnet-15_50_05_01,10.645166666666666,0.3417559209999998,True,audio/analysis_clips/liangzhuang_2023-06-18-birdnet-15_50_05_01.wav
13,13,Spectrogram 1,1,5.260836359,5.600387407,930.2,15348.8,c566051f873b1834e451,liangzhuang_2023-06-18-birdnet-15_50_05_01,10.645166666666666,0.3395510480000006,True,audio/analysis_clips/liangzhuang_2023-06-18-birdnet-15_50_05_01.wav
14,14,Spectrogram 1,1,5.690787361,5.964192101,1116.3,14790.7,6263eee150542fb1c3ef,liangzhuang_2023-06-18-birdnet-15_50_05_01,10.645166666666666,0.2734047400000001,True,audio/analysis_clips/liangzhuang_2023-06-18-birdnet-15_50_05_01.wav
15,15,Spectrogram 1,1,6.116328609,6.416191872,837.2,14418.6,cfb335f7bce8fb40c5c4,liangzhuang_2023-06-18-birdnet-15_50_05_01,10.645166666666666,0.2998632629999997,True,audio/analysis_clips/liangzhuang_2023-06-18-birdnet-15_50_05_01.wav
16,16,Spectrogram 1,1,6.526435718,6.804250212,744.2,15255.8,c6219739a0ede7e043e3,liangzhuang_2023-06-18-birdnet-15_50_05_01,10.645166666666666,0.2778144940000002,True,audio/analysis_clips/liangzhuang_2023-06-18-birdnet-15_50_05_01.wav
17,17,Spectrogram 1,1,6.923313566,7.267274368,930.2,17209.3,68fddec56247da369c33,liangzhuang_2023-06-18-birdnet-15_50_05_01,10.645166666666666,0.3439608019999998,True,audio/analysis_clips/liangzhuang_2023-06-18-birdnet-15_50_05_01.wav
18,18,Spectrogram 1,1,7.359879199,7.690610739,651.2,16279.1,11f364cac3871624f441,liangzhuang_2023-06-18-birdnet-15_50_05_01,10.645166666666666,0.3307315400000004,True,audio/analysis_clips/liangzhuang_2023-06-18-birdnet-15_50_05_01.wav
19,19,Spectrogram 1,1,8.389556727,8.753361421,837.2,14325.6,fccd55fd599683aa7df3,liangzhuang_2023-06-18-birdnet-15_50_05_01,10.645166666666666,0.3638046939999988,True,audio/analysis_clips/liangzhuang_2023-06-18-birdnet-15_50_05_01.wav
20,20,Spectrogram 1,1,8.841556498,9.114961238,930.2,15255.8,8e5019240ff1e8d5e955,liangzhuang_2023-06-18-birdnet-15_50_05_01,10.645166666666666,0.2734047400000001,True,audio/analysis_clips/liangzhuang_2023-06-18-birdnet-15_50_05_01.wav
21,21,Spectrogram 1,1,9.227409962,9.51624884,930.2,15255.8,6213ec4a2850b2abcea3,liangzhuang_2023-06-18-birdnet-15_50_05_01,10.645166666666666,0.2888388779999999,True,audio/analysis_clips/liangzhuang_2023-06-18-birdnet-15_50_05_01.wav
22,22,Spectrogram 1,1,9.65736096,9.970453484,1116.3,16093.0,bca9d7d263feb0a47600,liangzhuang_2023-06-18-birdnet-15_50_05_01,10.645166666666666,0.313092524,True,audio/analysis_clips/liangzhuang_2023-06-18-birdnet-15_50_05_01.wav
23,23,Spectrogram 1,1,10.093926593,10.415838625,1023.3,16744.2,34dd428dd2ffbba01de2,liangzhuang_2023-06-18-birdnet-15_50_05_01,10.645166666666666,0.3219120319999984,True,audio/analysis_clips/liangzhuang_2023-06-18-birdnet-15_50_05_01.wav
1,1,Spectrogram 1,1,0.089896714,0.404535211,465.1,16000.0,31b7b72e5706dceba2b3,liangzhuang_2023-06-18-birdnet-15_50_35_01,12.765354166666668,0.314638497,True,audio/analysis_clips/liangzhuang_2023-06-18-birdnet-15_50_35_01.wav
2,2,Spectrogram 1,1,0.510296051,0.846086716,558.1,14790.7,a12661e1e4752b568ea1,liangzhuang_2023-06-18-birdnet-15_50_35_01,12.765354166666668,0.335790665,True,audio/analysis_clips/liangzhuang_2023-06-18-birdnet-15_50_35_01.wav
3,3,Spectrogram 1,1,0.920119304,1.197741508,651.2,16465.1,040b7f097d6709ffdd3d,liangzhuang_2023-06-18-birdnet-15_50_35_01,12.765354166666668,0.277622204,True,audio/analysis_clips/liangzhuang_2023-06-18-birdnet-15_50_35_01.wav
4,4,Spectrogram 1,1,1.266486054,1.586412593,651.2,16093.0,3b161e912fa9e3558cba,liangzhuang_2023-06-18-birdnet-15_50_35_01,12.765354166666668,0.3199265389999999,True,audio/analysis_clips/liangzhuang_2023-06-18-birdnet-15_50_35_01.wav
5,5,Spectrogram 1,1,1.649869097,1.969795637,930.2,15534.9,97f95059dded52c153c5,liangzhuang_2023-06-18-birdnet-15_50_35_01,12.765354166666668,0.31992654,True,audio/analysis_clips/liangzhuang_2023-06-18-birdnet-15_50_35_01.wav
6,6,Spectrogram 1,1,2.088776581,2.43249931,1023.3,14976.7,eab03f72c8aedf5c2832,liangzhuang_2023-06-18-birdnet-15_50_35_01,12.765354166666668,0.343722729,True,audio/analysis_clips/liangzhuang_2023-06-18-birdnet-15_50_35_01.wav
7,7,Spectrogram 1,1,2.556768296,2.903135046,837.2,15720.9,6fcadc40fe1328f321c9,liangzhuang_2023-06-18-birdnet-15_50_35_01,12.765354166666668,0.34636675,True,audio/analysis_clips/liangzhuang_2023-06-18-birdnet-15_50_35_01.wav
8,8,Spectrogram 1,1,2.987520459,3.315379061,1116.3,15907.0,8248159509d089ae164d,liangzhuang_2023-06-18-birdnet-15_50_35_01,12.765354166666668,0.3278586019999996,True,audio/analysis_clips/liangzhuang_2023-06-18-birdnet-15_50_35_01.wav
9,9,Spectrogram 1,1,3.410563817,3.698762105,558.1,15348.8,85b1ac5902ab47ca5e3e,liangzhuang_2023-06-18-birdnet-15_50_35_01,12.765354166666668,0.2881982880000002,True,audio/analysis_clips/liangzhuang_2023-06-18-birdnet-15_50_35_01.wav
10,10,Spectrogram 1,1,3.764862629,4.037196791,837.2,14325.6,0b7409ad429c9e631e96,liangzhuang_2023-06-18-birdnet-15_50_35_01,12.765354166666668,0.2723341620000004,True,audio/analysis_clips/liangzhuang_2023-06-18-birdnet-15_50_35_01.wav
11,11,Spectrogram 1,1,4.224922282,4.367699415,1395.3,14139.5,0ffccdb7f4a747708e2f,liangzhuang_2023-06-18-birdnet-15_50_35_01,12.765354166666668,0.142777133,True,audio/analysis_clips/liangzhuang_2023-06-18-birdnet-15_50_35_01.wav
12,12,Spectrogram 1,1,5.057788893,5.409443684,1023.3,15069.8,cf847a928872b81419b6,liangzhuang_2023-06-18-birdnet-15_50_35_01,12.765354166666668,0.3516547910000005,True,audio/analysis_clips/liangzhuang_2023-06-18-birdnet-15_50_35_01.wav
13,13,Spectrogram 1,1,5.496696377,5.806046833,651.2,14511.6,373ed34feb9c88241bbb,liangzhuang_2023-06-18-birdnet-15_50_35_01,12.765354166666668,0.3093504559999998,True,audio/analysis_clips/liangzhuang_2023-06-18-birdnet-15_50_35_01.wav
14,14,Spectrogram 1,1,5.922383756,6.255530401,1116.3,14883.7,fe05c11e3e144d7277f8,liangzhuang_2023-06-18-birdnet-15_50_35_01,12.765354166666668,0.3331466449999993,True,audio/analysis_clips/liangzhuang_2023-06-18-birdnet-15_50_35_01.wav
15,15,Spectrogram 1,1,6.345427114,6.712946032,1116.3,15814.0,8d7a2ca679c580ff8a4c,liangzhuang_2023-06-18-birdnet-15_50_35_01,12.765354166666668,0.367518918,True,audio/analysis_clips/liangzhuang_2023-06-18-birdnet-15_50_35_01.wav
16,16,Spectrogram 1,1,6.773758515,7.05666876,1116.3,14511.6,82bd016421f5775f2c9b,liangzhuang_2023-06-18-birdnet-15_50_35_01,12.765354166666668,0.282910245,True,audio/analysis_clips/liangzhuang_2023-06-18-birdnet-15_50_35_01.wav
17,17,Spectrogram 1,1,7.157141558,7.500864286,1023.3,14325.6,d5584fb16f5458608be1,liangzhuang_2023-06-18-birdnet-15_50_35_01,12.765354166666668,0.3437227279999995,True,audio/analysis_clips/liangzhuang_2023-06-18-birdnet-15_50_35_01.wav
18,18,Spectrogram 1,1,7.603981105,7.931839708,1209.3,14976.7,e6e727a8e19d196a9484,liangzhuang_2023-06-18-birdnet-15_50_35_01,12.765354166666668,0.3278586030000001,True,audio/analysis_clips/liangzhuang_2023-06-18-birdnet-15_50_35_01.wav
19,19,Spectrogram 1,1,8.50823627,8.785858474,837.2,16651.2,beea74921ca3cc41b7a3,liangzhuang_2023-06-18-birdnet-15_50_35_01,12.765354166666668,0.277622204,True,audio/analysis_clips/liangzhuang_2023-06-18-birdnet-15_50_35_01.wav
20,20,Spectrogram 1,1,8.019092387,8.407763472,744.2,15441.9,5a165c6d423848359345,liangzhuang_2023-06-18-birdnet-15_50_35_01,12.765354166666668,0.3886710849999986,True,audio/analysis_clips/liangzhuang_2023-06-18-birdnet-15_50_35_01.wav
21,21,Spectrogram 1,1,8.978872006,9.28293442,837.2,15162.8,e9fd4564cbecbfea4352,liangzhuang_2023-06-18-birdnet-15_50_35_01,12.765354166666668,0.3040624140000005,True,audio/analysis_clips/liangzhuang_2023-06-18-birdnet-15_50_35_01.wav
22,22,Spectrogram 1,1,9.41777949,9.769434281,744.2,15441.9,a3055975bb2bbeb2c85c,liangzhuang_2023-06-18-birdnet-15_50_35_01,12.765354166666668,0.3516547910000014,True,audio/analysis_clips/liangzhuang_2023-06-18-birdnet-15_50_35_01.wav
23,23,Spectrogram 1,1,9.843266802,10.173769426,837.2,16372.1,48936a73f18c0833c3f0,liangzhuang_2023-06-18-birdnet-15_50_35_01,12.765354166666668,0.3305026239999993,True,audio/analysis_clips/liangzhuang_2023-06-18-birdnet-15_50_35_01.wav
24,24,Spectrogram 1,1,10.298038412,10.681421456,1302.3,15814.0,f2312eaca8107ea62302,liangzhuang_2023-06-18-birdnet-15_50_35_01,12.765354166666668,0.3833830440000003,True,audio/analysis_clips/liangzhuang_2023-06-18-birdnet-15_50_35_01.wav
25,25,Spectrogram 1,1,10.747521981,11.085956667,651.2,15069.8,5ba6bea0fb4b6b1051df,liangzhuang_2023-06-18-birdnet-15_50_35_01,12.765354166666668,0.3384346859999994,True,audio/analysis_clips/liangzhuang_2023-06-18-birdnet-15_50_35_01.wav
26,26,Spectrogram 1,1,11.144125129,11.535440235,930.2,16093.0,a1da1215245b54de846b,liangzhuang_2023-06-18-birdnet-15_50_35_01,12.765354166666668,0.3913151059999986,True,audio/analysis_clips/liangzhuang_2023-06-18-birdnet-15_50_35_01.wav
27,27,Spectrogram 1,1,11.567168487,11.913535237,1023.3,14604.7,fc1f3254e2f2135fd783,liangzhuang_2023-06-18-birdnet-15_50_35_01,12.765354166666668,0.3463667499999996,True,audio/analysis_clips/liangzhuang_2023-06-18-birdnet-15_50_35_01.wav
28,28,Spectrogram 1,1,11.969059677,12.286342196,744.2,15162.8,43f55ca9c3a1ea7dba22,liangzhuang_2023-06-18-birdnet-15_50_35_01,12.765354166666668,0.317282518999999,True,audio/analysis_clips/liangzhuang_2023-06-18-birdnet-15_50_35_01.wav
29,29,Spectrogram 1,1,12.339222616,12.696165449,744.2,14883.7,63d13c8503e9f77b31bc,liangzhuang_2023-06-18-birdnet-15_50_35_01,12.765354166666668,0.3569428329999997,True,audio/analysis_clips/liangzhuang_2023-06-18-birdnet-15_50_35_01.wav
1,1,Spectrogram 1,1,0.290976473,0.407040122,1644.4,13747.5,cfe699607c5a8c51b4d7,liangzhuang_2023-06-18-birdnet-15_51_35_01,11.161458333333334,0.1160636489999999,True,audio/analysis_clips/liangzhuang_2023-06-18-birdnet-15_51_35_01.wav
2,2,Spectrogram 1,1,0.528007869,0.871294718,394.7,13813.2,749052afa372c737df51,liangzhuang_2023-06-18-birdnet-15_51_35_01,11.161458333333334,0.343286849,True,audio/analysis_clips/liangzhuang_2023-06-18-birdnet-15_51_35_01.wav
3,3,Spectrogram 1,1,1.405841384,1.642872781,592.0,14602.6,de96258558004e833dcd,liangzhuang_2023-06-18-birdnet-15_51_35_01,11.161458333333334,0.2370313969999999,True,audio/analysis_clips/liangzhuang_2023-06-18-birdnet-15_51_35_01.wav
4,4,Spectrogram 1,1,1.763840528,1.901155268,1776.0,12168.8,aa144488f7943d1ab9c4,liangzhuang_2023-06-18-birdnet-15_51_35_01,11.161458333333334,0.1373147399999998,True,audio/analysis_clips/liangzhuang_2023-06-18-birdnet-15_51_35_01.wav
5,5,Spectrogram 1,1,2.133282566,2.378487458,789.3,14339.5,217d9af9a179dcead806,liangzhuang_2023-06-18-birdnet-15_51_35_01,11.161458333333334,0.2452048919999998,True,audio/analysis_clips/liangzhuang_2023-06-18-birdnet-15_51_35_01.wav
6,6,Spectrogram 1,1,2.522340995,2.628596449,1184.0,10195.5,1652bc47aa7fc9af5c6c,liangzhuang_2023-06-18-birdnet-15_51_35_01,11.161458333333334,0.1062554539999998,True,audio/analysis_clips/liangzhuang_2023-06-18-birdnet-15_51_35_01.wav
7,8,Spectrogram 1,1,2.886878936,3.226896387,526.2,16904.8,e0a254df01466bd0fa11,liangzhuang_2023-06-18-birdnet-15_51_35_01,11.161458333333334,0.340017451,True,audio/analysis_clips/liangzhuang_2023-06-18-birdnet-15_51_35_01.wav
8,9,Spectrogram 1,1,3.346229435,3.454119587,1907.5,12892.4,acde43deca43904e01b5,liangzhuang_2023-06-18-birdnet-15_51_35_01,11.161458333333334,0.1078901519999999,True,audio/analysis_clips/liangzhuang_2023-06-18-birdnet-15_51_35_01.wav
9,10,Spectrogram 1,1,3.800675837,4.124346295,657.8,14865.7,358fc453799e899beb09,liangzhuang_2023-06-18-birdnet-15_51_35_01,11.161458333333334,0.3236704579999996,True,audio/analysis_clips/liangzhuang_2023-06-18-birdnet-15_51_35_01.wav
10,11,Spectrogram 1,1,4.926166265,5.156658864,657.8,13747.5,83c0337baddf33ccf963,liangzhuang_2023-06-18-birdnet-15_51_35_01,11.161458333333334,0.2304925989999997,True,audio/analysis_clips/liangzhuang_2023-06-18-birdnet-15_51_35_01.wav
11,12,Spectrogram 1,1,5.256375521,5.37243917,920.9,13550.1,6963b56df22e1f446044,liangzhuang_2023-06-18-birdnet-15_51_35_01,11.161458333333334,0.1160636489999999,True,audio/analysis_clips/liangzhuang_2023-06-18-birdnet-15_51_35_01.wav
12,13,Spectrogram 1,1,5.73697711,6.026318884,263.1,14931.5,ee98474d4eb0835e7090,liangzhuang_2023-06-18-birdnet-15_51_35_01,11.161458333333334,0.2893417740000004,True,audio/analysis_clips/liangzhuang_2023-06-18-birdnet-15_51_35_01.wav
13,14,Spectrogram 1,1,6.140747834,6.403857477,526.2,12629.3,e0b56490e321d89cf3b4,liangzhuang_2023-06-18-birdnet-15_51_35_01,11.161458333333334,0.2631096429999999,True,audio/analysis_clips/liangzhuang_2023-06-18-birdnet-15_51_35_01.wav
14,16,Spectrogram 1,1,6.511747629,6.840322186,328.9,11313.7,cbf0f336993cab47e0b3,liangzhuang_2023-06-18-birdnet-15_51_35_01,11.161458333333334,0.3285745569999996,True,audio/analysis_clips/liangzhuang_2023-06-18-birdnet-15_51_35_01.wav
15,17,Spectrogram 1,1,6.948212338,7.177070238,1118.2,14076.4,b93aad1265e7a8e83992,liangzhuang_2023-06-18-birdnet-15_51_35_01,11.161458333333334,0.2288578999999995,True,audio/analysis_clips/liangzhuang_2023-06-18-birdnet-15_51_35_01.wav
16,18,Spectrogram 1,1,7.302942083,7.624977842,0.0,13813.2,adb31d6bf4b036372c8a,liangzhuang_2023-06-18-birdnet-15_51_35_01,11.161458333333334,0.3220357590000002,True,audio/analysis_clips/liangzhuang_2023-06-18-birdnet-15_51_35_01.wav
17,19,Spectrogram 1,1,7.706622213,8.035196769,460.4,14536.8,f8cb21e49d551781a718,liangzhuang_2023-06-18-birdnet-15_51_35_01,11.161458333333334,0.3285745560000004,True,audio/analysis_clips/liangzhuang_2023-06-18-birdnet-15_51_35_01.wav
18,20,Spectrogram 1,1,8.190493201,8.607341518,263.1,10853.3,e32f7217ca9d7ff1ac8a,liangzhuang_2023-06-18-birdnet-15_51_35_01,11.161458333333334,0.4168483169999994,True,audio/analysis_clips/liangzhuang_2023-06-18-birdnet-15_51_35_01.wav
19,22,Spectrogram 1,1,8.731578664,9.079769611,263.1,13550.1,8967d0024d83ac470484,liangzhuang_2023-06-18-birdnet-15_51_35_01,11.161458333333334,0.3481909469999991,True,audio/analysis_clips/liangzhuang_2023-06-18-birdnet-15_51_35_01.wav
20,24,Spectrogram 1,1,9.236700743,9.579987592,0.0,16839.0,1577c2f9d70896074bd4,liangzhuang_2023-06-18-birdnet-15_51_35_01,11.161458333333334,0.343286849,True,audio/analysis_clips/liangzhuang_2023-06-18-birdnet-15_51_35_01.wav
21,25,Spectrogram 1,1,9.686243046,9.964141924,131.6,10327.0,316df47a2b4fb1882f21,liangzhuang_2023-06-18-birdnet-15_51_35_01,11.161458333333334,0.2778988780000002,True,audio/analysis_clips/liangzhuang_2023-06-18-birdnet-15_51_35_01.wav
22,26,Spectrogram 1,1,10.050780986,10.372816745,0.0,10721.7,629eea812c0e689d13e1,liangzhuang_2023-06-18-birdnet-15_51_35_01,11.161458333333334,0.3220357590000002,True,audio/analysis_clips/liangzhuang_2023-06-18-birdnet-15_51_35_01.wav
23,27,Spectrogram 1,1,10.515035583,10.815820251,789.3,13879.0,c1b42511cc166bf61399,liangzhuang_2023-06-18-birdnet-15_51_35_01,11.161458333333334,0.3007846680000003,True,audio/analysis_clips/liangzhuang_2023-06-18-birdnet-15_51_35_01.wav
1,1,Spectrogram 1,1,0.444204203,0.790601976,526.2,12497.7,ebfeadb8d67206675c85,liangzhuang_2023-06-22-birdnet-06_18_27_01,13.912625,0.346397773,True,audio/analysis_clips/liangzhuang_2023-06-22-birdnet-06_18_27_01.wav
2,2,Spectrogram 1,1,1.381515824,1.630107167,1118.2,12366.1,c57ade7030d7e121016f,liangzhuang_2023-06-22-birdnet-06_18_27_01,13.912625,0.2485913429999999,True,audio/analysis_clips/liangzhuang_2023-06-22-birdnet-06_18_27_01.wav
3,3,Spectrogram 1,1,2.172117799,2.530741376,0.0,13418.6,3f7c75f5ca6b7cfe397d,liangzhuang_2023-06-22-birdnet-06_18_27_01,13.912625,0.3586235769999999,True,audio/analysis_clips/liangzhuang_2023-06-22-birdnet-06_18_27_01.wav
4,4,Spectrogram 1,1,3.199085314,3.435450854,1052.4,13023.9,d69104da105bb0e7de8e,liangzhuang_2023-06-22-birdnet-06_18_27_01,13.912625,0.2363655399999999,True,audio/analysis_clips/liangzhuang_2023-06-22-birdnet-06_18_27_01.wav
5,5,Spectrogram 1,1,3.973386218,4.446117297,657.8,11971.5,ebe2d3fcb64fb53e450e,liangzhuang_2023-06-22-birdnet-06_18_27_01,13.912625,0.4727310789999999,True,audio/analysis_clips/liangzhuang_2023-06-22-birdnet-06_18_27_01.wav
6,6,Spectrogram 1,1,4.717335329,5.071883637,657.8,12234.6,ea926414fc8ed1e908ea,liangzhuang_2023-06-22-birdnet-06_18_27_01,13.912625,0.354548308,True,audio/analysis_clips/liangzhuang_2023-06-22-birdnet-06_18_27_01.wav
7,7,Spectrogram 1,1,5.846184541,6.180356511,855.1,12760.8,b6fa0741b69a7375cc77,liangzhuang_2023-06-22-birdnet-06_18_27_01,13.912625,0.3341719699999999,True,audio/analysis_clips/liangzhuang_2023-06-22-birdnet-06_18_27_01.wav
8,8,Spectrogram 1,1,6.9057542,7.305130455,1184.0,12300.4,d5db5673146196f1eb93,liangzhuang_2023-06-22-birdnet-06_18_27_01,13.912625,0.3993762549999999,True,audio/analysis_clips/liangzhuang_2023-06-22-birdnet-06_18_27_01.wav
9,10,Spectrogram 1,1,8.185388325,8.507334491,789.3,10063.9,f0c2172fadf6382fc772,liangzhuang_2023-06-22-birdnet-06_18_27_01,13.912625,0.321946166,True,audio/analysis_clips/liangzhuang_2023-06-22-birdnet-06_18_27_01.wav
10,11,Spectrogram 1,1,8.605140921,8.853732264,1644.4,10129.7,16f6106df7cf657a8e14,liangzhuang_2023-06-22-birdnet-06_18_27_01,13.912625,0.2485913429999993,True,audio/analysis_clips/liangzhuang_2023-06-22-birdnet-06_18_27_01.wav
11,12,Spectrogram 1,1,9.081947267,9.403893432,920.9,12168.8,f2aefd89116037f3d146,liangzhuang_2023-06-22-birdnet-06_18_27_01,13.912625,0.3219461649999999,True,audio/analysis_clips/liangzhuang_2023-06-22-birdnet-06_18_27_01.wav
12,13,Spectrogram 1,1,10.117065321,10.491989969,657.8,13287.0,86a3ee9764a7acfd6853,liangzhuang_2023-06-22-birdnet-06_18_27_01,13.912625,0.3749246480000003,True,audio/analysis_clips/liangzhuang_2023-06-22-birdnet-06_18_27_01.wav
13,14,Spectrogram 1,1,10.907667296,11.229613462,723.6,10787.5,21724b40ef0b5973de76,liangzhuang_2023-06-22-birdnet-06_18_27_01,13.912625,0.321946166,True,audio/analysis_clips/liangzhuang_2023-06-22-birdnet-06_18_27_01.wav
14,15,Spectrogram 1,1,11.555634895,11.942785347,526.2,10919.0,e39a95bed834afcc15f9,liangzhuang_2023-06-22-birdnet-06_18_27_01,13.912625,0.3871504519999984,True,audio/analysis_clips/liangzhuang_2023-06-22-birdnet-06_18_27_01.wav
15,16,Spectrogram 1,1,12.060968117,12.40736589,328.9,8748.4,9149597e2fa06b31321c,liangzhuang_2023-06-22-birdnet-06_18_27_01,13.912625,0.3463977729999996,True,audio/analysis_clips/liangzhuang_2023-06-22-birdnet-06_18_27_01.wav
16,17,Spectrogram 1,1,12.513322855,12.977903398,592.0,12366.1,f14c8b59e25925411e36,liangzhuang_2023-06-22-birdnet-06_18_27_01,13.912625,0.4645805430000003,True,audio/analysis_clips/liangzhuang_2023-06-22-birdnet-06_18_27_01.wav
17,18,Spectrogram 1,1,13.21743859,13.576062167,394.7,10327.0,8568e53e54d4434ff7f8,liangzhuang_2023-06-22-birdnet-06_18_27_01,13.912625,0.3586235769999994,True,audio/analysis_clips/liangzhuang_2023-06-22-birdnet-06_18_27_01.wav
1,1,Spectrogram 1,1,0.14615576,0.372843829,1162.8,9488.4,2e63c9a984d876318cae,liangzhuang_2023-06-22-birdnet-06_23_57_01,5.162520833333334,0.226688069,True,audio/analysis_clips/liangzhuang_2023-06-22-birdnet-06_23_57_01.wav
2,2,Spectrogram 1,1,0.496880698,0.834774235,1255.8,8930.2,933f3bf1444288d37675,liangzhuang_2023-06-22-birdnet-06_23_57_01,5.162520833333334,0.337893537,True,audio/analysis_clips/liangzhuang_2023-06-22-birdnet-06_23_57_01.wav
3,3,Spectrogram 1,1,0.956672537,1.300981775,1348.8,10511.6,dd97007adbc585891fd7,liangzhuang_2023-06-22-birdnet-06_23_57_01,5.162520833333334,0.3443092379999999,True,audio/analysis_clips/liangzhuang_2023-06-22-birdnet-06_23_57_01.wav
4,4,Spectrogram 1,1,1.491314211,1.775743581,1209.3,8418.6,2d3c5569abd2864cafd4,liangzhuang_2023-06-22-birdnet-06_23_57_01,5.162520833333334,0.28442937,True,audio/analysis_clips/liangzhuang_2023-06-22-birdnet-06_23_57_01.wav
5,5,Spectrogram 1,1,1.807822081,2.004570217,1209.3,7534.9,c1c57221d23605423285,liangzhuang_2023-06-22-birdnet-06_23_57_01,5.162520833333334,0.1967481359999998,True,audio/analysis_clips/liangzhuang_2023-06-22-birdnet-06_23_57_01.wav
6,6,Spectrogram 1,1,2.130745652,2.368126555,93.0,8697.7,c74ab6fa83802dcd27ea,liangzhuang_2023-06-22-birdnet-06_23_57_01,5.162520833333334,0.237380903,True,audio/analysis_clips/liangzhuang_2023-06-22-birdnet-06_23_57_01.wav
7,8,Spectrogram 1,1,2.504628229,2.829690367,1302.3,8976.7,91594cd9cc367b26dae0,liangzhuang_2023-06-22-birdnet-06_23_57_01,5.162520833333334,0.3250621379999998,True,audio/analysis_clips/liangzhuang_2023-06-22-birdnet-06_23_57_01.wav
8,9,Spectrogram 1,1,3.139782538,3.441320442,1116.3,8930.2,8e347ecbfcbfbb6829b3,liangzhuang_2023-06-22-birdnet-06_23_57_01,5.162520833333334,0.3015379039999999,True,audio/analysis_clips/liangzhuang_2023-06-22-birdnet-06_23_57_01.wav
9,10,Spectrogram 1,1,3.569634443,3.920359381,1255.8,8325.6,652377f56cad0df80ee4,liangzhuang_2023-06-22-birdnet-06_23_57_01,5.162520833333334,0.3507249379999999,True,audio/analysis_clips/liangzhuang_2023-06-22-birdnet-06_23_57_01.wav
10,11,Spectrogram 1,1,4.016594882,4.427199688,1581.4,9023.3,f1e2110e0cd90d6da484,liangzhuang_2023-06-22-birdnet-06_23_57_01,5.162520833333334,0.4106048060000002,True,audio/analysis_clips/liangzhuang_2023-06-22-birdnet-06_23_57_01.wav
11,12,Spectrogram 1,1,4.675273424,5.049522596,325.6,8837.2,b81f8341a9cbfafc8c09,liangzhuang_2023-06-22-birdnet-06_23_57_01,5.162520833333334,0.3742491719999998,True,audio/analysis_clips/liangzhuang_2023-06-22-birdnet-06_23_57_01.wav
1,1,Spectrogram 1,1,0.237559859,0.557989437,564.7,11011.8,f97e946655debb0a6f38,liangzhuang_2023-06-22-birdnet-06_23_57_02,4.445520833333333,0.320429578,True,audio/analysis_clips/liangzhuang_2023-06-22-birdnet-06_23_57_02.wav
2,2,Spectrogram 1,1,0.948397887,1.276193662,752.9,10023.5,f328f542362313882329,liangzhuang_2023-06-22-birdnet-06_23_57_02,4.445520833333333,0.327795775,True,audio/analysis_clips/liangzhuang_2023-06-22-birdnet-06_23_57_02.wav
3,3,Spectrogram 1,1,1.449299296,1.869172535,0.0,9458.8,423a2a27ad060e21fee1,liangzhuang_2023-06-22-birdnet-06_23_57_02,4.445520833333333,0.4198732389999999,True,audio/analysis_clips/liangzhuang_2023-06-22-birdnet-06_23_57_02.wav
4,4,Spectrogram 1,1,1.903846303,2.220592782,752.9,9129.4,50752fb34ac2d1abba13,liangzhuang_2023-06-22-birdnet-06_23_57_02,4.445520833333333,0.3167464790000003,True,audio/analysis_clips/liangzhuang_2023-06-22-birdnet-06_23_57_02.wav
5,5,Spectrogram 1,1,2.3034625,2.631258275,658.8,10823.5,f99100ea827f3d819091,liangzhuang_2023-06-22-birdnet-06_23_57_02,4.445520833333333,0.3277957749999998,True,audio/analysis_clips/liangzhuang_2023-06-22-birdnet-06_23_57_02.wav
6,6,Spectrogram 1,1,2.979311092,3.371561092,47.1,10635.3,f9d8a591361707402ce5,liangzhuang_2023-06-22-birdnet-06_23_57_02,4.445520833333333,0.3922499999999997,True,audio/analysis_clips/liangzhuang_2023-06-22-birdnet-06_23_57_02.wav
7,7,Spectrogram 1,1,3.590705458,3.889036444,329.4,9176.5,95997864f38ddd195960,liangzhuang_2023-06-22-birdnet-06_23_57_02,4.445520833333333,0.2983309859999998,True,audio/analysis_clips/liangzhuang_2023-06-22-birdnet-06_23_57_02.wav
8,8,Spectrogram 1,1,4.170793486,4.435976585,705.9,10541.2,1127174360663e08d43d,liangzhuang_2023-06-22-birdnet-06_23_57_02,4.445520833333333,0.2651830989999997,True,audio/analysis_clips/liangzhuang_2023-06-22-birdnet-06_23_57_02.wav
1,1,Spectrogram 1,1,0.108297017,0.394510563,902.7,9345.1,d0c073cb6b07c26d0b99,liangzhuang_2023-07-08-birdnet-06_15_23_01,2.334208333333333,0.286213546,True,audio/analysis_clips/liangzhuang_2023-07-08-birdnet-06_15_23_01.wav
2,2,Spectrogram 1,1,0.514410833,0.667186982,1115.0,10778.8,d4c58af6af7d465962e0,liangzhuang_2023-07-08-birdnet-06_15_23_01,2.334208333333333,0.152776149,True,audio/analysis_clips/liangzhuang_2023-07-08-birdnet-06_15_23_01.wav
3,3,Spectrogram 1,1,0.773550124,1.009482912,743.4,11203.5,c1a960c2a82288035cd2,liangzhuang_2023-07-08-birdnet-06_15_23_01,2.334208333333333,0.2359327879999999,True,audio/analysis_clips/liangzhuang_2023-07-08-birdnet-06_15_23_01.wav
4,4,Spectrogram 1,1,1.199002693,1.268622204,849.6,12955.8,30dea852d6236094238e,liangzhuang_2023-07-08-birdnet-06_15_23_01,2.334208333333333,0.0696195109999999,True,audio/analysis_clips/liangzhuang_2023-07-08-birdnet-06_15_23_01.wav
5,5,Spectrogram 1,1,1.440737106,1.607050383,1274.3,7539.8,928d011790d609f07002,liangzhuang_2023-07-08-birdnet-06_15_23_01,2.334208333333333,0.1663132769999999,True,audio/analysis_clips/liangzhuang_2023-07-08-birdnet-06_15_23_01.wav
6,6,Spectrogram 1,1,1.647661765,1.937743061,796.5,8761.1,2ec2a6817b01e95921f1,liangzhuang_2023-07-08-birdnet-06_15_23_01,2.334208333333333,0.2900812959999999,True,audio/analysis_clips/liangzhuang_2023-07-08-birdnet-06_15_23_01.wav
7,7,Spectrogram 1,1,1.978354443,2.196882353,1327.4,8601.8,9ab79a445e003a23cd88,liangzhuang_2023-07-08-birdnet-06_15_23_01,2.334208333333333,0.2185279099999999,True,audio/analysis_clips/liangzhuang_2023-07-08-birdnet-06_15_23_01.wav
1,1,Spectrogram 1,1,0.177327435,0.374959537,604.7,11302.3,b876f62033913fd0e895,liangzhuang_2024-04-20-birdnet-10_34_33_01,13.0708125,0.197632102,True,audio/analysis_clips/liangzhuang_2024-04-20-birdnet-10_34_33_01.wav
2,3,Spectrogram 1,1,0.766162809,1.173609815,790.7,12973.6,4e52abcbede8b4084c9a,liangzhuang_2024-04-20-birdnet-10_34_33_01,13.0708125,0.407447006,True,audio/analysis_clips/liangzhuang_2024-04-20-birdnet-10_34_33_01.wav
3,4,Spectrogram 1,1,1.440277789,1.624373447,93.0,10651.2,22663fdd691d6a652395,liangzhuang_2024-04-20-birdnet-10_34_33_01,13.0708125,0.1840956579999999,True,audio/analysis_clips/liangzhuang_2024-04-20-birdnet-10_34_33_01.wav
4,5,Spectrogram 1,1,1.652799982,1.840956573,1116.3,10000.0,423dff8aa8a7a9b125d8,liangzhuang_2024-04-20-birdnet-10_34_33_01,13.0708125,0.188156591,True,audio/analysis_clips/liangzhuang_2024-04-20-birdnet-10_34_33_01.wav
5,6,Spectrogram 1,1,1.976321027,2.206440598,558.1,11627.9,9a08bebeb46a579c26a3,liangzhuang_2024-04-20-birdnet-10_34_33_01,13.0708125,0.2301195709999999,True,audio/analysis_clips/liangzhuang_2024-04-20-birdnet-10_34_33_01.wav
6,7,Spectrogram 1,1,2.249757223,2.454157549,3860.5,10930.2,e0a2d8599add9b2816f7,liangzhuang_2024-04-20-birdnet-10_34_33_01,13.0708125,0.204400326,True,audio/analysis_clips/liangzhuang_2024-04-20-birdnet-10_34_33_01.wav
7,8,Spectrogram 1,1,2.628777694,2.754666636,1255.8,11907.0,36404fc13312d60c6ecb,liangzhuang_2024-04-20-birdnet-10_34_33_01,13.0708125,0.125888942,True,audio/analysis_clips/liangzhuang_2024-04-20-birdnet-10_34_33_01.wav
8,10,Spectrogram 1,1,2.845360821,3.110095138,458.7,11441.9,d32883da2c99a115eb8c,liangzhuang_2024-04-20-birdnet-10_34_33_01,13.0708125,0.2647343170000003,True,audio/analysis_clips/liangzhuang_2024-04-20-birdnet-10_34_33_01.wav
9,13,Spectrogram 1,1,3.216259426,3.442318064,524.2,13891.0,6896cfb7cc53a6bcf5e8,liangzhuang_2024-04-20-birdnet-10_34_33_01,13.0708125,0.226058638,True,audio/analysis_clips/liangzhuang_2024-04-20-birdnet-10_34_33_01.wav
10,15,Spectrogram 1,1,0.377666826,0.739089918,196.6,12056.3,c343f060fe6f19301772,liangzhuang_2024-04-20-birdnet-10_34_33_01,13.0708125,0.361423092,True,audio/analysis_clips/liangzhuang_2024-04-20-birdnet-10_34_33_01.wav
11,16,Spectrogram 1,1,3.447926096,3.7718339,720.8,14546.2,b99743653c4bc06af659,liangzhuang_2024-04-20-birdnet-10_34_33_01,13.0708125,0.3239078039999996,True,audio/analysis_clips/liangzhuang_2024-04-20-birdnet-10_34_33_01.wav
12,18,Spectrogram 1,1,3.790398164,4.057066138,589.7,15267.0,df14cbea66e76c5c9027,liangzhuang_2024-04-20-birdnet-10_34_33_01,13.0708125,0.2666679739999997,True,audio/analysis_clips/liangzhuang_2024-04-20-birdnet-10_34_33_01.wav
13,19,Spectrogram 1,1,4.372271865,4.641647128,1179.4,12908.1,9f4099c1f6fe1616f84d,liangzhuang_2024-04-20-birdnet-10_34_33_01,13.0708125,0.2693752629999997,True,audio/analysis_clips/liangzhuang_2024-04-20-birdnet-10_34_33_01.wav
14,20,Spectrogram 1,1,4.852815676,4.959753595,589.7,11597.6,8c4b0ed08c3cb39a4246,liangzhuang_2024-04-20-birdnet-10_34_33_01,13.0708125,0.1069379189999999,True,audio/analysis_clips/liangzhuang_2024-04-20-birdnet-10_34_33_01.wav
15,21,Spectrogram 1,1,5.084869103,5.404329214,396.2,11663.2,1f0482398601c3e657db,liangzhuang_2024-04-20-birdnet-10_34_33_01,13.0708125,0.3194601109999997,True,audio/analysis_clips/liangzhuang_2024-04-20-birdnet-10_34_33_01.wav
16,23,Spectrogram 1,1,5.508559844,5.69478276,1122.6,13432.3,3ff7f44343ea45f1d25b,liangzhuang_2024-04-20-birdnet-10_34_33_01,13.0708125,0.1862229160000001,True,audio/analysis_clips/liangzhuang_2024-04-20-birdnet-10_34_33_01.wav
17,24,Spectrogram 1,1,5.887000285,6.21052133,131.0,13759.9,25c9c2a813dd44913de2,liangzhuang_2024-04-20-birdnet-10_34_33_01,13.0708125,0.3235210449999997,True,audio/analysis_clips/liangzhuang_2024-04-20-birdnet-10_34_33_01.wav
18,25,Spectrogram 1,1,6.236240576,6.50290855,196.6,13628.9,899286aa9b4d519f8ddd,liangzhuang_2024-04-20-birdnet-10_34_33_01,13.0708125,0.2666679739999997,True,audio/analysis_clips/liangzhuang_2024-04-20-birdnet-10_34_33_01.wav
19,26,Spectrogram 1,1,6.674821316,6.883282575,1179.4,10680.3,5fccc5784303dc1e16fc,liangzhuang_2024-04-20-birdnet-10_34_33_01,13.0708125,0.2084612589999999,True,audio/analysis_clips/liangzhuang_2024-04-20-birdnet-10_34_33_01.wav
20,27,Spectrogram 1,1,6.936074712,7.160779705,1244.9,11663.2,e973d188f38676a64648,liangzhuang_2024-04-20-birdnet-10_34_33_01,13.0708125,0.2247049930000004,True,audio/analysis_clips/liangzhuang_2024-04-20-birdnet-10_34_33_01.wav
21,28,Spectrogram 1,1,7.16213335,7.346229007,524.2,12580.5,77831553681622a97495,liangzhuang_2024-04-20-birdnet-10_34_33_01,13.0708125,0.1840956569999994,True,audio/analysis_clips/liangzhuang_2024-04-20-birdnet-10_34_33_01.wav
22,29,Spectrogram 1,1,7.434215902,7.729310411,589.7,13694.4,dbe50dd500a26914964e,liangzhuang_2024-04-20-birdnet-10_34_33_01,13.0708125,0.2950945090000001,True,audio/analysis_clips/liangzhuang_2024-04-20-birdnet-10_34_33_01.wav
23,30,Spectrogram 1,1,7.959043161,8.29880794,851.8,11990.8,44ee613ecbefdcaa57b6,liangzhuang_2024-04-20-birdnet-10_34_33_01,13.0708125,0.3397647789999993,True,audio/analysis_clips/liangzhuang_2024-04-20-birdnet-10_34_33_01.wav
24,31,Spectrogram 1,1,8.394916702,8.672413833,1441.5,14415.1,cc1bd4366fc9e73327eb,liangzhuang_2024-04-20-birdnet-10_34_33_01,13.0708125,0.2774971310000005,True,audio/analysis_clips/liangzhuang_2024-04-20-birdnet-10_34_33_01.wav
25,32,Spectrogram 1,1,8.807778287,9.025715057,655.2,11728.7,5e1a07bfdbe6c6cdc910,liangzhuang_2024-04-20-birdnet-10_34_33_01,13.0708125,0.2179367699999996,True,audio/analysis_clips/liangzhuang_2024-04-20-birdnet-10_34_33_01.wav
26,33,Spectrogram 1,1,9.143482075,9.500844234,393.1,11335.5,217b8c9ce2d3117d113c,liangzhuang_2024-04-20-birdnet-10_34_33_01,13.0708125,0.3573621590000009,True,audio/analysis_clips/liangzhuang_2024-04-20-birdnet-10_34_33_01.wav
27,34,Spectrogram 1,1,9.714720071,9.912352173,1179.4,13759.9,e2a7b378f7fce35cec57,liangzhuang_2024-04-20-birdnet-10_34_33_01,13.0708125,0.197632102,True,audio/analysis_clips/liangzhuang_2024-04-20-birdnet-10_34_33_01.wav
28,35,Spectrogram 1,1,10.005561181,10.310131202,1113.9,10614.8,b9bd1c520e82ae85b816,liangzhuang_2024-04-20-birdnet-10_34_33_01,13.0708125,0.3045700210000017,True,audio/analysis_clips/liangzhuang_2024-04-20-birdnet-10_34_33_01.wav
29,36,Spectrogram 1,1,10.391349874,10.707134923,1113.9,14415.1,6b384612156b7809a303,liangzhuang_2024-04-20-birdnet-10_34_33_01,13.0708125,0.3157850490000005,True,audio/analysis_clips/liangzhuang_2024-04-20-birdnet-10_34_33_01.wav
30,37,Spectrogram 1,1,10.910954964,11.234862785,1507.0,11270.0,57510080c9b625db6be9,liangzhuang_2024-04-20-birdnet-10_34_33_01,13.0708125,0.3239078210000006,True,audio/analysis_clips/liangzhuang_2024-04-20-birdnet-10_34_33_01.wav
31,39,Spectrogram 1,1,11.295390013,11.522802296,1441.5,9959.6,a5979a7e93671b9a05e2,liangzhuang_2024-04-20-birdnet-10_34_33_01,13.0708125,0.2274122829999996,True,audio/analysis_clips/liangzhuang_2024-04-20-birdnet-10_34_33_01.wav
32,40,Spectrogram 1,1,11.755629156,11.984395083,1376.0,13301.3,2b29a0da6341fb780f01,liangzhuang_2024-04-20-birdnet-10_34_33_01,13.0708125,0.2287659270000013,True,audio/analysis_clips/liangzhuang_2024-04-20-birdnet-10_34_33_01.wav
33,41,Spectrogram 1,1,11.992516951,12.28761146,982.9,12056.3,fa3719197f424abcb5aa,liangzhuang_2024-04-20-birdnet-10_34_33_01,13.0708125,0.2950945090000001,True,audio/analysis_clips/liangzhuang_2024-04-20-birdnet-10_34_33_01.wav
34,42,Spectrogram 1,1,12.417754662,12.665471612,1113.9,13759.9,e8fd9a2c442e846c72f6,liangzhuang_2024-04-20-birdnet-10_34_33_01,13.0708125,0.2477169499999991,True,audio/analysis_clips/liangzhuang_2024-04-20-birdnet-10_34_33_01.wav
1,1,Spectrogram 1,1,0.102125406,0.298206184,1891.6,14305.4,a8745fe4dd116f965afa,liangzhuang_2024-04-20-birdnet-11_14_03_01,19.722479166666663,0.1960807779999999,True,audio/analysis_clips/liangzhuang_2024-04-20-birdnet-11_14_03_01.wav
2,2,Spectrogram 1,1,0.396246574,0.588242336,1182.3,12059.1,2e0d665f6da4fe994114,liangzhuang_2024-04-20-birdnet-11_14_03_01,19.722479166666663,0.1919957619999999,True,audio/analysis_clips/liangzhuang_2024-04-20-birdnet-11_14_03_01.wav
3,3,Spectrogram 1,1,1.288290033,1.559813044,1064.0,14660.1,f73ed0cf80bc6148529d,liangzhuang_2024-04-20-birdnet-11_14_03_01,19.722479166666663,0.271523011,True,audio/analysis_clips/liangzhuang_2024-04-20-birdnet-11_14_03_01.wav
4,4,Spectrogram 1,1,0.817457577,1.034098277,945.8,15251.2,b6f8ba1d215073793306,liangzhuang_2024-04-20-birdnet-11_14_03_01,19.722479166666663,0.2166407,True,audio/analysis_clips/liangzhuang_2024-04-20-birdnet-11_14_03_01.wav
5,5,Spectrogram 1,1,1.842890226,2.125967408,709.4,15251.2,5ce00476ae4040112000,liangzhuang_2024-04-20-birdnet-11_14_03_01,19.722479166666663,0.2830771820000002,True,audio/analysis_clips/liangzhuang_2024-04-20-birdnet-11_14_03_01.wav
6,6,Spectrogram 1,1,2.371493535,2.747004083,1064.0,13359.6,70f187a0e5dc0c494406,liangzhuang_2024-04-20-birdnet-11_14_03_01,19.722479166666663,0.3755105480000003,True,audio/analysis_clips/liangzhuang_2024-04-20-birdnet-11_14_03_01.wav
7,7,Spectrogram 1,1,2.917428101,3.157177142,1418.7,14187.2,3888593a5d5d465157e7,liangzhuang_2024-04-20-birdnet-11_14_03_01,19.722479166666663,0.239749041,True,audio/analysis_clips/liangzhuang_2024-04-20-birdnet-11_14_03_01.wav
8,8,Spectrogram 1,1,6.190272023,6.499346089,1300.5,14896.6,79e66268e4be9129c55a,liangzhuang_2024-04-20-birdnet-11_14_03_01,19.722479166666663,0.309074066,True,audio/analysis_clips/liangzhuang_2024-04-20-birdnet-11_14_03_01.wav
9,9,Spectrogram 1,1,3.272843922,3.579029445,1064.0,14305.4,1d0ac32084dc26dd27bd,liangzhuang_2024-04-20-birdnet-11_14_03_01,19.722479166666663,0.3061855230000003,True,audio/analysis_clips/liangzhuang_2024-04-20-birdnet-11_14_03_01.wav
10,10,Spectrogram 1,1,4.208731748,4.590019381,1064.0,13004.9,7de64d59a23f5ba7fe7a,liangzhuang_2024-04-20-birdnet-11_14_03_01,19.722479166666663,0.3812876330000003,True,audio/analysis_clips/liangzhuang_2024-04-20-birdnet-11_14_03_01.wav
11,11,Spectrogram 1,1,3.873660798,4.197177578,1064.0,12650.2,1d2c231b684b54d96ccf,liangzhuang_2024-04-20-birdnet-11_14_03_01,19.722479166666663,0.3235167799999998,True,audio/analysis_clips/liangzhuang_2024-04-20-birdnet-11_14_03_01.wav
12,12,Spectrogram 1,1,4.725780887,4.974195557,1536.9,14423.6,72ceacd4fbf20f825c12,liangzhuang_2024-04-20-birdnet-11_14_03_01,19.722479166666663,0.2484146699999998,True,audio/analysis_clips/liangzhuang_2024-04-20-birdnet-11_14_03_01.wav
13,13,Spectrogram 1,1,5.618340573,5.800318762,1418.7,15133.0,2d20a69df4f1d728c43d,liangzhuang_2024-04-20-birdnet-11_14_03_01,19.722479166666663,0.1819781889999996,True,audio/analysis_clips/liangzhuang_2024-04-20-birdnet-11_14_03_01.wav
14,14,Spectrogram 1,1,6.675547192,6.923961862,1300.5,14896.6,cf677c0f300d6c8e322d,liangzhuang_2024-04-20-birdnet-11_14_03_01,19.722479166666663,0.2484146699999998,True,audio/analysis_clips/liangzhuang_2024-04-20-birdnet-11_14_03_01.wav
15,15,Spectrogram 1,1,7.18104216,7.452565171,945.8,13832.5,7bf64c3819f2cdde38ef,liangzhuang_2024-04-20-birdnet-11_14_03_01,19.722479166666663,0.2715230110000002,True,audio/analysis_clips/liangzhuang_2024-04-20-birdnet-11_14_03_01.wav
16,16,Spectrogram 1,1,7.576772506,7.972502852,1182.3,12532.0,41c5671a96ec51a957b0,liangzhuang_2024-04-20-birdnet-11_14_03_01,19.722479166666663,0.3957303459999997,True,audio/analysis_clips/liangzhuang_2024-04-20-birdnet-11_14_03_01.wav
17,17,Spectrogram 1,1,8.244025864,8.437558223,1773.4,15487.7,06ac57081c1d1578e780,liangzhuang_2024-04-20-birdnet-11_14_03_01,19.722479166666663,0.1935323590000006,True,audio/analysis_clips/liangzhuang_2024-04-20-birdnet-11_14_03_01.wav
18,18,Spectrogram 1,1,8.495329078,8.818845857,591.1,10640.4,6b0e016b05aca1d4bc36,liangzhuang_2024-04-20-birdnet-11_14_03_01,19.722479166666663,0.3235167790000002,True,audio/analysis_clips/liangzhuang_2024-04-20-birdnet-11_14_03_01.wav
19,19,Spectrogram 1,1,9.090368869,9.341672081,1064.0,12177.3,2e7a056b1a10c03fb759,liangzhuang_2024-04-20-birdnet-11_14_03_01,19.722479166666663,0.2513032119999998,True,audio/analysis_clips/liangzhuang_2024-04-20-birdnet-11_14_03_01.wav
20,20,Spectrogram 1,1,9.442771075,9.786507653,1536.9,12413.8,f44de2fff6db6ff067ce,liangzhuang_2024-04-20-birdnet-11_14_03_01,19.722479166666663,0.3437365779999997,True,audio/analysis_clips/liangzhuang_2024-04-20-birdnet-11_14_03_01.wav
21,21,Spectrogram 1,1,9.90204936,10.104247347,945.8,14541.9,543f8a87eaff6eddf6f4,liangzhuang_2024-04-20-birdnet-11_14_03_01,19.722479166666663,0.2021979869999999,True,audio/analysis_clips/liangzhuang_2024-04-20-birdnet-11_14_03_01.wav
22,22,Spectrogram 1,1,10.375770359,10.629962114,1418.7,10403.9,fb94b2cd6754dc349ff7,liangzhuang_2024-04-20-birdnet-11_14_03_01,19.722479166666663,0.254191754999999,True,audio/analysis_clips/liangzhuang_2024-04-20-birdnet-11_14_03_01.wav
23,23,Spectrogram 1,1,10.832160101,11.028581003,1300.5,15724.1,e1b142d1c11c3fed815f,liangzhuang_2024-04-20-birdnet-11_14_03_01,19.722479166666663,0.1964209019999998,True,audio/analysis_clips/liangzhuang_2024-04-20-birdnet-11_14_03_01.wav
24,24,Spectrogram 1,1,11.308769642,11.586069739,1300.5,13950.7,a4381df24f8a8735cc16,liangzhuang_2024-04-20-birdnet-11_14_03_01,19.722479166666663,0.2773000969999994,True,audio/analysis_clips/liangzhuang_2024-04-20-birdnet-11_14_03_01.wav
25,25,Spectrogram 1,1,11.675614562,11.967357372,945.8,12768.5,10be0e07f28e7f7c7d12,liangzhuang_2024-04-20-birdnet-11_14_03_01,19.722479166666663,0.2917428100000006,True,audio/analysis_clips/liangzhuang_2024-04-20-birdnet-11_14_03_01.wav
26,26,Spectrogram 1,1,12.305316865,12.458409627,1182.3,14896.6,8ef554dacae0fddac51d,liangzhuang_2024-04-20-birdnet-11_14_03_01,19.722479166666663,0.153092762,True,audio/analysis_clips/liangzhuang_2024-04-20-birdnet-11_14_03_01.wav
27,27,Spectrogram 1,1,12.929242082,13.163214039,1300.5,11113.3,8998d89fedcc240f5b64,liangzhuang_2024-04-20-birdnet-11_14_03_01,19.722479166666663,0.2339719569999996,True,audio/analysis_clips/liangzhuang_2024-04-20-birdnet-11_14_03_01.wav
28,28,Spectrogram 1,1,13.686040263,13.899792421,1300.5,11468.0,f3745edf2a300adb154c,liangzhuang_2024-04-20-birdnet-11_14_03_01,19.722479166666663,0.2137521580000001,True,audio/analysis_clips/liangzhuang_2024-04-20-birdnet-11_14_03_01.wav
29,29,Spectrogram 1,1,14.122210208,14.367736336,827.6,13596.1,bd673af70fd1c1c28367,liangzhuang_2024-04-20-birdnet-11_14_03_01,19.722479166666663,0.2455261279999998,True,audio/analysis_clips/liangzhuang_2024-04-20-birdnet-11_14_03_01.wav
30,30,Spectrogram 1,1,15.014769895,15.211190796,1536.9,14305.4,10c876d3ca7c7a327332,liangzhuang_2024-04-20-birdnet-11_14_03_01,19.722479166666663,0.1964209009999997,True,audio/analysis_clips/liangzhuang_2024-04-20-birdnet-11_14_03_01.wav
31,31,Spectrogram 1,1,15.448051296,15.719574307,1536.9,13596.1,4d959efb7da2003b8d67,liangzhuang_2024-04-20-birdnet-11_14_03_01,19.722479166666663,0.2715230110000011,True,audio/analysis_clips/liangzhuang_2024-04-20-birdnet-11_14_03_01.wav
32,32,Spectrogram 1,1,15.898663953,16.123970281,1182.3,12886.7,b75d6d5242587154bace,liangzhuang_2024-04-20-birdnet-11_14_03_01,19.722479166666663,0.2253063279999985,True,audio/analysis_clips/liangzhuang_2024-04-20-birdnet-11_14_03_01.wav
33,33,Spectrogram 1,1,16.476372488,16.606356908,1418.7,9694.6,75a678c9ef366c882908,liangzhuang_2024-04-20-birdnet-11_14_03_01,19.722479166666663,0.1299844199999995,True,audio/analysis_clips/liangzhuang_2024-04-20-birdnet-11_14_03_01.wav
34,34,Spectrogram 1,1,16.765226755,16.950093486,2009.9,14896.6,17920c07e94304ef19bc,liangzhuang_2024-04-20-birdnet-11_14_03_01,19.722479166666663,0.1848667309999996,True,audio/analysis_clips/liangzhuang_2024-04-20-birdnet-11_14_03_01.wav
35,35,Spectrogram 1,1,17.163845644,17.452699911,1655.2,14187.2,db22a8b0b362dbd3602d,liangzhuang_2024-04-20-birdnet-11_14_03_01,19.722479166666663,0.2888542670000014,True,audio/analysis_clips/liangzhuang_2024-04-20-birdnet-11_14_03_01.wav
36,36,Spectrogram 1,1,17.666452069,17.914866739,1655.2,12177.3,484dfda475f83fbdb4fe,liangzhuang_2024-04-20-birdnet-11_14_03_01,19.722479166666663,0.2484146699999989,True,audio/analysis_clips/liangzhuang_2024-04-20-birdnet-11_14_03_01.wav
37,37,Spectrogram 1,1,17.995745934,18.273046031,1064.0,11349.8,a2f58af41cfd07726372,liangzhuang_2024-04-20-birdnet-11_14_03_01,19.722479166666663,0.2773000970000012,True,audio/analysis_clips/liangzhuang_2024-04-20-birdnet-11_14_03_01.wav
38,38,Spectrogram 1,1,18.478132561,18.63989095,1300.5,12768.5,91f958a6581d308a4e06,liangzhuang_2024-04-20-birdnet-11_14_03_01,19.722479166666663,0.1617583890000027,True,audio/analysis_clips/liangzhuang_2024-04-20-birdnet-11_14_03_01.wav
39,39,Spectrogram 1,1,18.908525419,19.182936973,1182.3,11231.5,188570c9a12f847b07ab,liangzhuang_2024-04-20-birdnet-11_14_03_01,19.722479166666663,0.2744115540000003,True,audio/analysis_clips/liangzhuang_2024-04-20-birdnet-11_14_03_01.wav
40,40,Spectrogram 1,1,19.327364108,19.52378501,945.8,8630.5,c563ebb752eabb86dc32,liangzhuang_2024-04-20-birdnet-11_14_03_01,19.722479166666663,0.1964209019999998,True,audio/analysis_clips/liangzhuang_2024-04-20-birdnet-11_14_03_01.wav
1,1,Spectrogram 1,1,1.584105389,2.056290649,1023.3,14232.6,4fe4b5591ad9d0ba4c7b,liangzhuang_2024-04-20-birdnet-11_15_34_01,26.0,0.47218526,True,audio/analysis_clips/liangzhuang_2024-04-20-birdnet-11_15_34_01.wav
2,2,Spectrogram 1,1,1.052816058,1.300537483,930.2,13860.5,15b66eca9852e8efc3c1,liangzhuang_2024-04-20-birdnet-11_15_34_01,26.0,0.2477214249999999,True,audio/analysis_clips/liangzhuang_2024-04-20-birdnet-11_15_34_01.wav
3,3,Spectrogram 1,1,0.621996188,1.004348822,1209.3,13767.4,bd6ef2f894eaa2d3b169,liangzhuang_2024-04-20-birdnet-11_15_34_01,26.0,0.3823526340000001,True,audio/analysis_clips/liangzhuang_2024-04-20-birdnet-11_15_34_01.wav
4,4,Spectrogram 1,1,0.277340291,0.535832214,1302.3,12837.2,a839ce60f3032bbc58e5,liangzhuang_2024-04-20-birdnet-11_15_34_01,26.0,0.258491923,True,audio/analysis_clips/liangzhuang_2024-04-20-birdnet-11_15_34_01.wav
5,5,Spectrogram 1,1,2.164869848,2.401820776,1395.3,13116.3,83877c2e4dfeb74766f3,liangzhuang_2024-04-20-birdnet-11_15_34_01,26.0,0.2369509280000001,True,audio/analysis_clips/liangzhuang_2024-04-20-birdnet-11_15_34_01.wav
6,6,Spectrogram 1,1,2.557992979,2.951116111,1209.3,13116.3,98b1f99aa62b87c8fbbd,liangzhuang_2024-04-20-birdnet-11_15_34_01,26.0,0.3931231320000004,True,audio/analysis_clips/liangzhuang_2024-04-20-birdnet-11_15_34_01.wav
7,7,Spectrogram 1,1,3.188836395,3.377320089,2232.6,11814.0,65255906631379cbedd8,liangzhuang_2024-04-20-birdnet-11_15_34_01,26.0,0.1884836939999998,True,audio/analysis_clips/liangzhuang_2024-04-20-birdnet-11_15_34_01.wav
8,8,Spectrogram 1,1,3.735439106,3.932000671,1488.4,14046.5,434bae897527c9365c22,liangzhuang_2024-04-20-birdnet-11_15_34_01,26.0,0.1965615650000001,True,audio/analysis_clips/liangzhuang_2024-04-20-birdnet-11_15_34_01.wav
9,9,Spectrogram 1,1,4.265886071,4.422058274,1209.3,9116.3,3b52fe9393b03042174c,liangzhuang_2024-04-20-birdnet-11_15_34_01,26.0,0.1561722030000005,True,audio/analysis_clips/liangzhuang_2024-04-20-birdnet-11_15_34_01.wav
10,10,Spectrogram 1,1,4.510914872,4.793640412,1302.3,12372.1,57c98dcabe8dd5f2f490,liangzhuang_2024-04-20-birdnet-11_15_34_01,26.0,0.2827255400000004,True,audio/analysis_clips/liangzhuang_2024-04-20-birdnet-11_15_34_01.wav
11,11,Spectrogram 1,1,4.842107647,5.305239008,837.2,13953.5,10348d9d1dbdd5b86eb8,liangzhuang_2024-04-20-birdnet-11_15_34_01,26.0,0.4631313610000003,True,audio/analysis_clips/liangzhuang_2024-04-20-birdnet-11_15_34_01.wav
12,12,Spectrogram 1,1,5.464103835,5.701054763,1395.3,12000.0,8b436c3da6dd72d4b699,liangzhuang_2024-04-20-birdnet-11_15_34_01,26.0,0.2369509279999997,True,audio/analysis_clips/liangzhuang_2024-04-20-birdnet-11_15_34_01.wav
13,13,Spectrogram 1,1,6.331128824,6.840034795,1116.3,13674.4,4cbe82a9e58956ed56b4,liangzhuang_2024-04-20-birdnet-11_15_34_01,26.0,0.5089059709999999,True,audio/analysis_clips/liangzhuang_2024-04-20-birdnet-11_15_34_01.wav
14,14,Spectrogram 1,1,5.951468813,6.261120595,558.1,11814.0,291e99aface30abf0978,liangzhuang_2024-04-20-birdnet-11_15_34_01,26.0,0.3096517820000004,True,audio/analysis_clips/liangzhuang_2024-04-20-birdnet-11_15_34_01.wav
15,15,Spectrogram 1,1,6.885809396,7.230465292,1395.3,14976.7,7e5d107d8c141a52aeb8,liangzhuang_2024-04-20-birdnet-11_15_34_01,26.0,0.3446558959999999,True,audio/analysis_clips/liangzhuang_2024-04-20-birdnet-11_15_34_01.wav
16,16,Spectrogram 1,1,7.273547279,7.534731825,1488.4,11441.9,c3ab9cdc2d303e26c97b,liangzhuang_2024-04-20-birdnet-11_15_34_01,26.0,0.2611845459999999,True,audio/analysis_clips/liangzhuang_2024-04-20-birdnet-11_15_34_01.wav
17,17,Spectrogram 1,1,7.782453251,8.264432981,465.1,13767.4,7567dde9f6a3eff2afd8,liangzhuang_2024-04-20-birdnet-11_15_34_01,26.0,0.4819797300000008,True,audio/analysis_clips/liangzhuang_2024-04-20-birdnet-11_15_34_01.wav
18,18,Spectrogram 1,1,8.385601069,8.676404482,1302.3,12279.1,b0c5821c37646847004b,liangzhuang_2024-04-20-birdnet-11_15_34_01,26.0,0.2908034130000008,True,audio/analysis_clips/liangzhuang_2024-04-20-birdnet-11_15_34_01.wav
19,19,Spectrogram 1,1,8.730257049,9.144921174,1395.3,14325.6,6807acbe86edcdeaffc5,liangzhuang_2024-04-20-birdnet-11_15_34_01,26.0,0.4146641249999998,True,audio/analysis_clips/liangzhuang_2024-04-20-birdnet-11_15_34_01.wav
20,20,Spectrogram 1,1,9.171847416,9.381872103,1581.4,11441.9,0a0a20db2af509f4ee25,liangzhuang_2024-04-20-birdnet-11_15_34_01,26.0,0.2100246869999988,True,audio/analysis_clips/liangzhuang_2024-04-20-birdnet-11_15_34_01.wav
21,21,Spectrogram 1,1,9.723835375,10.017331411,1116.3,13395.3,12df83c7aabbe72e138d,liangzhuang_2024-04-20-birdnet-11_15_34_01,26.0,0.2934960360000005,True,audio/analysis_clips/liangzhuang_2024-04-20-birdnet-11_15_34_01.wav
22,22,Spectrogram 1,1,10.17081099,10.526237383,930.2,13674.4,02922c4fb5af898e190d,liangzhuang_2024-04-20-birdnet-11_15_34_01,26.0,0.3554263930000001,True,audio/analysis_clips/liangzhuang_2024-04-20-birdnet-11_15_34_01.wav
23,23,Spectrogram 1,1,10.574704618,10.905897394,1209.3,13209.3,de37c5c381d852f6f4ce,liangzhuang_2024-04-20-birdnet-11_15_34_01,26.0,0.3311927759999999,True,audio/analysis_clips/liangzhuang_2024-04-20-birdnet-11_15_34_01.wav
24,24,Spectrogram 1,1,11.094381087,11.395954996,1860.5,14232.6,239b35f8686fe4cb8ea8,liangzhuang_2024-04-20-birdnet-11_15_34_01,26.0,0.301573909,True,audio/analysis_clips/liangzhuang_2024-04-20-birdnet-11_15_34_01.wav
25,25,Spectrogram 1,1,11.705606778,11.961406076,1674.4,12651.2,9d52a9d0f365b64e9298,liangzhuang_2024-04-20-birdnet-11_15_34_01,26.0,0.2557992979999994,True,audio/analysis_clips/liangzhuang_2024-04-20-birdnet-11_15_34_01.wav
26,26,Spectrogram 1,1,12.249516864,12.438000557,2790.7,12000.0,54571775a61d548006ca,liangzhuang_2024-04-20-birdnet-11_15_34_01,26.0,0.1884836930000002,True,audio/analysis_clips/liangzhuang_2024-04-20-birdnet-11_15_34_01.wav
27,27,Spectrogram 1,1,12.761115449,13.175779574,1209.3,13209.3,c82c2164b900cba860a1,liangzhuang_2024-04-20-birdnet-11_15_34_01,26.0,0.4146641249999998,True,audio/analysis_clips/liangzhuang_2024-04-20-birdnet-11_15_34_01.wav
28,28,Spectrogram 1,1,13.399267382,13.644296183,1116.3,12744.2,4e24d640067e2c19271d,liangzhuang_2024-04-20-birdnet-11_15_34_01,26.0,0.2450288010000001,True,audio/analysis_clips/liangzhuang_2024-04-20-birdnet-11_15_34_01.wav
29,30,Spectrogram 1,1,14.015878321,14.20166939,2139.5,12558.1,b12115d1ae7c7ad0b23f,liangzhuang_2024-04-20-birdnet-11_15_34_01,26.0,0.1857910689999986,True,audio/analysis_clips/liangzhuang_2024-04-20-birdnet-11_15_34_01.wav
30,31,Spectrogram 1,1,14.406308828,14.605563018,837.2,15162.8,453354393d8fe67fe09e,liangzhuang_2024-04-20-birdnet-11_15_34_01,26.0,0.1992541899999995,True,audio/analysis_clips/liangzhuang_2024-04-20-birdnet-11_15_34_01.wav
31,32,Spectrogram 1,1,14.703265926,14.932138982,1767.4,14139.5,909f39df215bef189298,liangzhuang_2024-04-20-birdnet-11_15_34_01,26.0,0.2288730559999994,True,audio/analysis_clips/liangzhuang_2024-04-20-birdnet-11_15_34_01.wav
32,33,Spectrogram 1,1,15.126007924,15.648377017,1674.4,15348.8,d546595fed5f324744f3,liangzhuang_2024-04-20-birdnet-11_15_34_01,26.0,0.522369093,True,audio/analysis_clips/liangzhuang_2024-04-20-birdnet-11_15_34_01.wav
33,34,Spectrogram 1,1,15.758774608,15.966106671,2139.5,12930.2,e375ddacea31cdf27ccd,liangzhuang_2024-04-20-birdnet-11_15_34_01,26.0,0.2073320630000008,True,audio/analysis_clips/liangzhuang_2024-04-20-birdnet-11_15_34_01.wav
34,35,Spectrogram 1,1,16.127664122,16.458856898,930.2,13023.3,29f50bcd5af035369738,liangzhuang_2024-04-20-birdnet-11_15_34_01,26.0,0.3311927760000017,True,audio/analysis_clips/liangzhuang_2024-04-20-birdnet-11_15_34_01.wav
35,36,Spectrogram 1,1,16.709270947,17.312418765,1116.3,13395.3,ae3c48c3958d5f784fa9,liangzhuang_2024-04-20-birdnet-11_15_34_01,26.0,0.6031478180000001,True,audio/analysis_clips/liangzhuang_2024-04-20-birdnet-11_15_34_01.wav
36,37,Spectrogram 1,1,17.403967988,17.686693528,1395.3,13767.4,1a098562d53c80accf32,liangzhuang_2024-04-20-birdnet-11_15_34_01,26.0,0.2827255399999977,True,audio/analysis_clips/liangzhuang_2024-04-20-birdnet-11_15_34_01.wav
37,38,Spectrogram 1,1,17.934414953,18.136361767,2232.6,12558.1,f06532f42fc8b6d1235e,liangzhuang_2024-04-20-birdnet-11_15_34_01,26.0,0.2019468139999993,True,audio/analysis_clips/liangzhuang_2024-04-20-birdnet-11_15_34_01.wav
38,39,Spectrogram 1,1,18.394853689,18.607571,1674.4,13302.3,12a45c6d4a20b3e8aee0,liangzhuang_2024-04-20-birdnet-11_15_34_01,26.0,0.2127173109999987,True,audio/analysis_clips/liangzhuang_2024-04-20-birdnet-11_15_34_01.wav
1,1,Spectrogram 1,1,5.214599912,5.597003905,1023.3,15814.0,2864a354ee7daff64692,liangzhuang_2024-04-20-birdnet-11_17_04_01,26.373625,0.3824039930000005,True,audio/analysis_clips/liangzhuang_2024-04-20-birdnet-11_17_04_01.wav
2,2,Spectrogram 1,1,5.658806571,6.083699897,651.2,13581.4,c9b94e4bc8b77a136e54,liangzhuang_2024-04-20-birdnet-11_17_04_01,26.373625,0.4248933259999994,True,audio/analysis_clips/liangzhuang_2024-04-20-birdnet-11_17_04_01.wav
3,3,Spectrogram 1,1,6.369537225,6.566533222,2418.6,14046.5,d118e63336c2b6a44025,liangzhuang_2024-04-20-birdnet-11_17_04_01,26.373625,0.1969959970000001,True,audio/analysis_clips/liangzhuang_2024-04-20-birdnet-11_17_04_01.wav
4,4,Spectrogram 1,1,6.771254552,6.960525215,1395.3,13953.5,8a4c8fc4a9a9feed305e,liangzhuang_2024-04-20-birdnet-11_17_04_01,26.373625,0.1892706629999994,True,audio/analysis_clips/liangzhuang_2024-04-20-birdnet-11_17_04_01.wav
5,5,Spectrogram 1,1,7.076405213,7.300439876,1674.4,14697.7,4f3fc0ccdd361d72bb40,liangzhuang_2024-04-20-birdnet-11_17_04_01,26.373625,0.2240346630000003,True,audio/analysis_clips/liangzhuang_2024-04-20-birdnet-11_17_04_01.wav
6,6,Spectrogram 1,1,7.802586534,8.007307864,1953.5,13488.4,b38e65f933520de0775e,liangzhuang_2024-04-20-birdnet-11_17_04_01,26.373625,0.2047213299999999,True,audio/analysis_clips/liangzhuang_2024-04-20-birdnet-11_17_04_01.wav
7,7,Spectrogram 1,1,8.142501195,8.725763852,1302.3,15162.8,0a7f1ae86703b6892050,liangzhuang_2024-04-20-birdnet-11_17_04_01,26.373625,0.5832626570000006,True,audio/analysis_clips/liangzhuang_2024-04-20-birdnet-11_17_04_01.wav
8,8,Spectrogram 1,1,8.791429184,9.038639847,1023.3,14790.7,2dca69b56835e158202b,liangzhuang_2024-04-20-birdnet-11_17_04_01,26.373625,0.2472106630000006,True,audio/analysis_clips/liangzhuang_2024-04-20-birdnet-11_17_04_01.wav
9,10,Spectrogram 1,1,16.104674636,16.687937293,1395.3,14511.6,a0674774db71ea73d42e,liangzhuang_2024-04-20-birdnet-11_17_04_01,26.373625,0.5832626570000023,True,audio/analysis_clips/liangzhuang_2024-04-20-birdnet-11_17_04_01.wav
1,1,Spectrogram 1,1,0.17175827,0.259802426,920.9,13287.0,cec0b0b9b977de503590,liangzhuang_2024-04-20-birdnet-11_17_33_01,9.8549375,0.0880441559999999,True,audio/analysis_clips/liangzhuang_2024-04-20-birdnet-11_17_33_01.wav
2,2,Spectrogram 1,1,0.379600211,0.744766954,1381.3,13089.7,dc09dde622f37af3aea1,liangzhuang_2024-04-20-birdnet-11_17_33_01,9.8549375,0.365166743,True,audio/analysis_clips/liangzhuang_2024-04-20-birdnet-11_17_33_01.wav
3,5,Spectrogram 1,1,0.845801231,1.03632301,1118.2,13418.6,1f249e03ae75f0683c4b,liangzhuang_2024-04-20-birdnet-11_17_33_01,9.8549375,0.190521779,True,audio/analysis_clips/liangzhuang_2024-04-20-birdnet-11_17_33_01.wav
4,6,Spectrogram 1,1,1.492420602,1.652632098,1578.7,12366.1,42b563288f38e4a94d7e,liangzhuang_2024-04-20-birdnet-11_17_33_01,9.8549375,0.160211496,True,audio/analysis_clips/liangzhuang_2024-04-20-birdnet-11_17_33_01.wav
5,7,Spectrogram 1,1,1.967281703,2.128936546,1118.2,10195.5,43aa7bcff4509c7b7e80,liangzhuang_2024-04-20-birdnet-11_17_33_01,9.8549375,0.1616548429999997,True,audio/analysis_clips/liangzhuang_2024-04-20-birdnet-11_17_33_01.wav
6,8,Spectrogram 1,1,2.667304907,2.795762773,723.6,13418.6,45b34fd1a83e1dbfebfc,liangzhuang_2024-04-20-birdnet-11_17_33_01,9.8549375,0.1284578659999997,True,audio/analysis_clips/liangzhuang_2024-04-20-birdnet-11_17_33_01.wav
7,9,Spectrogram 1,1,2.914117211,3.283613995,855.1,12760.8,e9b5f8a2d5a45b32d322,liangzhuang_2024-04-20-birdnet-11_17_33_01,9.8549375,0.3694967839999998,True,audio/analysis_clips/liangzhuang_2024-04-20-birdnet-11_17_33_01.wav
8,10,Spectrogram 1,1,3.410628515,3.694967837,723.6,14010.6,c366dab7b0bb9c6686a5,liangzhuang_2024-04-20-birdnet-11_17_33_01,9.8549375,0.2843393220000001,True,audio/analysis_clips/liangzhuang_2024-04-20-birdnet-11_17_33_01.wav
9,11,Spectrogram 1,1,2.263167799,2.572044017,1973.3,12695.0,493371c7e126802dae3a,liangzhuang_2024-04-20-birdnet-11_17_33_01,9.8549375,0.308876218,True,audio/analysis_clips/liangzhuang_2024-04-20-birdnet-11_17_33_01.wav
10,12,Spectrogram 1,1,4.071681354,4.278079948,723.6,13287.0,0e5950220cccda8c7161,liangzhuang_2024-04-20-birdnet-11_17_33_01,9.8549375,0.2063985940000003,True,audio/analysis_clips/liangzhuang_2024-04-20-birdnet-11_17_33_01.wav
11,13,Spectrogram 1,1,4.357464023,4.487365236,657.8,12695.0,8b0ab17d3f6af172e7f0,liangzhuang_2024-04-20-birdnet-11_17_33_01,9.8549375,0.1299012129999992,True,audio/analysis_clips/liangzhuang_2024-04-20-birdnet-11_17_33_01.wav
12,14,Spectrogram 1,1,4.748611009,5.069034001,1052.4,12234.6,40c57687ff07494fb692,liangzhuang_2024-04-20-birdnet-11_17_33_01,9.8549375,0.3204229920000001,True,audio/analysis_clips/liangzhuang_2024-04-20-birdnet-11_17_33_01.wav
13,15,Spectrogram 1,1,5.184501746,5.315846305,1249.8,13221.3,9ea207f6146fb67326f8,liangzhuang_2024-04-20-birdnet-11_17_33_01,9.8549375,0.1313445590000004,True,audio/analysis_clips/liangzhuang_2024-04-20-birdnet-11_17_33_01.wav
14,16,Spectrogram 1,1,5.455850946,5.728643493,1249.8,15260.4,39df020ec4a000527375,liangzhuang_2024-04-20-birdnet-11_17_33_01,9.8549375,0.2727925469999999,True,audio/analysis_clips/liangzhuang_2024-04-20-birdnet-11_17_33_01.wav
15,17,Spectrogram 1,1,5.919165272,6.115460439,1381.3,11379.5,4ee82e00f99cdc33d4dd,liangzhuang_2024-04-20-birdnet-11_17_33_01,9.8549375,0.1962951669999997,True,audio/analysis_clips/liangzhuang_2024-04-20-birdnet-11_17_33_01.wav
16,18,Spectrogram 1,1,6.303095525,6.432996738,920.9,11182.2,b493bad7c91e1390e582,liangzhuang_2024-04-20-birdnet-11_17_33_01,9.8549375,0.1299012130000001,True,audio/analysis_clips/liangzhuang_2024-04-20-birdnet-11_17_33_01.wav
17,19,Spectrogram 1,1,6.587434847,6.772183239,1907.5,12497.7,14a50b9efaa587224318,liangzhuang_2024-04-20-birdnet-11_17_33_01,9.8549375,0.1847483920000003,True,audio/analysis_clips/liangzhuang_2024-04-20-birdnet-11_17_33_01.wav
18,20,Spectrogram 1,1,7.175985296,7.404034092,2104.9,12103.0,ab5b32dd2e090c643546,liangzhuang_2024-04-20-birdnet-11_17_33_01,9.8549375,0.2280487959999995,True,audio/analysis_clips/liangzhuang_2024-04-20-birdnet-11_17_33_01.wav
19,21,Spectrogram 1,1,7.595999218,7.760540755,1447.1,14734.1,4c48d0c1c9b32a413d0d,liangzhuang_2024-04-20-birdnet-11_17_33_01,9.8549375,0.1645415369999998,True,audio/analysis_clips/liangzhuang_2024-04-20-birdnet-11_17_33_01.wav
20,22,Spectrogram 1,1,7.962609308,8.138697619,2302.2,12037.3,5ea2e1c66a9728ae1d73,liangzhuang_2024-04-20-birdnet-11_17_33_01,9.8549375,0.176088311,True,audio/analysis_clips/liangzhuang_2024-04-20-birdnet-11_17_33_01.wav
21,23,Spectrogram 1,1,8.184884717,8.270042179,723.6,13023.9,1258a5baf7757e2d937a,liangzhuang_2024-04-20-birdnet-11_17_33_01,9.8549375,0.0851574620000015,True,audio/analysis_clips/liangzhuang_2024-04-20-birdnet-11_17_33_01.wav
22,24,Spectrogram 1,1,8.603455292,8.81274058,1776.0,14997.2,79fae7a2289c982db82b,liangzhuang_2024-04-20-birdnet-11_17_33_01,9.8549375,0.2092852880000002,True,audio/analysis_clips/liangzhuang_2024-04-20-birdnet-11_17_33_01.wav
23,25,Spectrogram 1,1,9.267394826,9.43770975,1841.8,13418.6,195f4f48f67a47c3f888,liangzhuang_2024-04-20-birdnet-11_17_33_01,9.8549375,0.1703149239999994,True,audio/analysis_clips/liangzhuang_2024-04-20-birdnet-11_17_33_01.wav
1,1,Spectrogram 1,1,0.21822943,0.6371296,107.6,13775.8,f5fc01ee3b31c89f7792,liangzhuang_2024-04-20-birdnet-11_20_34_01,24.220979166666663,0.4189001699999999,True,audio/analysis_clips/liangzhuang_2024-04-20-birdnet-11_20_34_01.wav
2,2,Spectrogram 1,1,4.053548951,4.459907199,0.0,12591.9,061713c705c28a3b7de9,liangzhuang_2024-04-20-birdnet-11_20_34_01,24.220979166666663,0.4063582480000001,True,audio/analysis_clips/liangzhuang_2024-04-20-birdnet-11_20_34_01.wav
3,3,Spectrogram 1,1,6.138016268,6.48166491,645.7,12914.8,4f292113daabe9c2b2ca,liangzhuang_2024-04-20-birdnet-11_20_34_01,24.220979166666663,0.3436486419999998,True,audio/analysis_clips/liangzhuang_2024-04-20-birdnet-11_20_34_01.wav
4,4,Spectrogram 1,1,10.246749672,10.670666611,215.2,13130.0,f8fefd7f466cb7e19350,liangzhuang_2024-04-20-birdnet-11_20_34_01,24.220979166666663,0.4239169389999997,True,audio/analysis_clips/liangzhuang_2024-04-20-birdnet-11_20_34_01.wav
5,5,Spectrogram 1,1,7.893885244,8.31027703,0.0,12699.6,1905b5d2854f6d050fb5,liangzhuang_2024-04-20-birdnet-11_20_34_01,24.220979166666663,0.4163917860000001,True,audio/analysis_clips/liangzhuang_2024-04-20-birdnet-11_20_34_01.wav
6,6,Spectrogram 1,1,12.873027974,13.306978449,538.1,12161.4,aaf201c502e381ac808f,liangzhuang_2024-04-20-birdnet-11_20_34_01,24.220979166666663,0.4339504750000014,True,audio/analysis_clips/liangzhuang_2024-04-20-birdnet-11_20_34_01.wav
7,7,Spectrogram 1,1,16.833766711,17.230091423,215.2,13452.9,c192ca1d140ffccd3eb6,liangzhuang_2024-04-20-birdnet-11_20_34_01,24.220979166666663,0.3963247120000019,True,audio/analysis_clips/liangzhuang_2024-04-20-birdnet-11_20_34_01.wav
8,8,Spectrogram 1,1,18.963384941,19.3521845,322.9,13452.9,6dd6a5ceea07285adf94,liangzhuang_2024-04-20-birdnet-11_20_34_01,24.220979166666663,0.3887995589999988,True,audio/analysis_clips/liangzhuang_2024-04-20-birdnet-11_20_34_01.wav
9,9,Spectrogram 1,1,17.731768273,18.220903202,0.0,11623.3,04cf59ef3d96bfe7e6b1,liangzhuang_2024-04-20-birdnet-11_20_34_01,24.220979166666663,0.4891349289999986,True,audio/analysis_clips/liangzhuang_2024-04-20-birdnet-11_20_34_01.wav
10,10,Spectrogram 1,1,18.37893141,18.863049571,0.0,11838.6,16e7606576f7afa1fc54,liangzhuang_2024-04-20-birdnet-11_20_34_01,24.220979166666663,0.4841181610000014,True,audio/analysis_clips/liangzhuang_2024-04-20-birdnet-11_20_34_01.wav
11,12,Spectrogram 1,1,20.415739427,20.899857587,215.2,13560.5,666f590a5361fdd8def5,liangzhuang_2024-04-20-birdnet-11_20_34_01,24.220979166666663,0.4841181600000013,True,audio/analysis_clips/liangzhuang_2024-04-20-birdnet-11_20_34_01.wav
12,13,Spectrogram 1,1,21.042835489,21.451702123,538.1,14529.1,13ec5b9ece84a5e312f7,liangzhuang_2024-04-20-birdnet-11_20_34_01,24.220979166666663,0.4088666339999989,True,audio/analysis_clips/liangzhuang_2024-04-20-birdnet-11_20_34_01.wav
13,14,Spectrogram 1,1,22.450039055,23.079643502,430.5,14529.1,858e4b8233eefc3f4661,liangzhuang_2024-04-20-birdnet-11_20_34_01,24.220979166666663,0.6296044469999984,True,audio/analysis_clips/liangzhuang_2024-04-20-birdnet-11_20_34_01.wav
14,15,Spectrogram 1,1,23.252722015,23.766940787,215.2,13452.9,9593c3ad0c6b91fe3bae,liangzhuang_2024-04-20-birdnet-11_20_34_01,24.220979166666663,0.5142187719999995,True,audio/analysis_clips/liangzhuang_2024-04-20-birdnet-11_20_34_01.wav
15,16,Spectrogram 1,1,23.829650393,24.017779212,0.0,11946.2,67bd4682fb831832f0bb,liangzhuang_2024-04-20-birdnet-11_20_34_01,24.220979166666663,0.1881288189999992,True,audio/analysis_clips/liangzhuang_2024-04-20-birdnet-11_20_34_01.wav
16,17,Spectrogram 1,1,0.712381127,1.053521386,1291.5,12807.2,ccd4298a0e2fed388537,liangzhuang_2024-04-20-birdnet-11_20_34_01,24.220979166666663,0.3411402589999999,True,audio/analysis_clips/liangzhuang_2024-04-20-birdnet-11_20_34_01.wav
17,18,Spectrogram 1,1,3.037653329,3.504212799,0.0,13991.0,b60d27061dcf8e448e5f,liangzhuang_2024-04-20-birdnet-11_20_34_01,24.220979166666663,0.46655947,True,audio/analysis_clips/liangzhuang_2024-04-20-birdnet-11_20_34_01.wav
18,19,Spectrogram 1,1,2.162227225,2.578619011,322.9,11838.6,3a49513712e87e598577,liangzhuang_2024-04-20-birdnet-11_20_34_01,24.220979166666663,0.4163917859999997,True,audio/analysis_clips/liangzhuang_2024-04-20-birdnet-11_20_34_01.wav
19,20,Spectrogram 1,1,5.300215924,5.995038361,968.6,12807.2,f5867a016dfd1a5860e1,liangzhuang_2024-04-20-birdnet-11_20_34_01,24.220979166666663,0.694822437,True,audio/analysis_clips/liangzhuang_2024-04-20-birdnet-11_20_34_01.wav
20,21,Spectrogram 1,1,6.571966743,7.038526214,322.9,11192.8,68e53e5a3617a60c910e,liangzhuang_2024-04-20-birdnet-11_20_34_01,24.220979166666663,0.466559471,True,audio/analysis_clips/liangzhuang_2024-04-20-birdnet-11_20_34_01.wav
21,22,Spectrogram 1,1,8.340377641,8.804428727,430.5,11730.9,a497107b7fdd46076a8a,liangzhuang_2024-04-20-birdnet-11_20_34_01,24.220979166666663,0.4640510859999995,True,audio/analysis_clips/liangzhuang_2024-04-20-birdnet-11_20_34_01.wav
22,23,Spectrogram 1,1,8.897238945,9.401424179,0.0,12161.4,2b3f122bdc2e1d86246c,liangzhuang_2024-04-20-birdnet-11_20_34_01,24.220979166666663,0.5041852339999995,True,audio/analysis_clips/liangzhuang_2024-04-20-birdnet-11_20_34_01.wav
23,24,Spectrogram 1,1,10.826186424,11.515992093,861.0,11192.8,c7bf743ebf5cb1df9b51,liangzhuang_2024-04-20-birdnet-11_20_34_01,24.220979166666663,0.6898056690000001,True,audio/analysis_clips/liangzhuang_2024-04-20-birdnet-11_20_34_01.wav
24,25,Spectrogram 1,1,13.547783337,14.478393895,538.1,14959.6,72d7cab45b2c8e607c97,liangzhuang_2024-04-20-birdnet-11_20_34_01,24.220979166666663,0.9306105579999996,True,audio/analysis_clips/liangzhuang_2024-04-20-birdnet-11_20_34_01.wav
25,26,Spectrogram 1,1,15.664500469,16.474708583,645.7,13452.9,0c371a12c5e279ebf966,liangzhuang_2024-04-20-birdnet-11_20_34_01,24.220979166666663,0.8102081140000017,True,audio/analysis_clips/liangzhuang_2024-04-20-birdnet-11_20_34_01.wav
26,28,Spectrogram 1,1,19.700490735,20.237284964,538.1,13991.0,0ba8d02313b7422d01f5,liangzhuang_2024-04-20-birdnet-11_20_34_01,24.220979166666663,0.5367942290000016,True,audio/analysis_clips/liangzhuang_2024-04-20-birdnet-11_20_34_01.wav
27,30,Spectrogram 1,1,4.572784491,4.74335462,1076.2,14313.9,ba4bdeebfbc2c4ae26e5,liangzhuang_2024-04-20-birdnet-11_20_34_01,24.220979166666663,0.1705701289999996,True,audio/analysis_clips/liangzhuang_2024-04-20-birdnet-11_20_34_01.wav
28,31,Spectrogram 1,1,4.984159508,5.167271558,2260.1,14206.3,b4a5b27671db38a1bfdc,liangzhuang_2024-04-20-birdnet-11_20_34_01,24.220979166666663,0.18311205,True,audio/analysis_clips/liangzhuang_2024-04-20-birdnet-11_20_34_01.wav
29,32,Spectrogram 1,1,1.487471861,1.678109064,861.0,13237.7,596382a001f28d14599a,liangzhuang_2024-04-20-birdnet-11_20_34_01,24.220979166666663,0.1906372030000001,True,audio/analysis_clips/liangzhuang_2024-04-20-birdnet-11_20_34_01.wav
30,33,Spectrogram 1,1,1.981623559,2.081958929,1076.2,13345.3,ba286f4c41d5398b85dd,liangzhuang_2024-04-20-birdnet-11_20_34_01,24.220979166666663,0.1003353699999998,True,audio/analysis_clips/liangzhuang_2024-04-20-birdnet-11_20_34_01.wav
31,34,Spectrogram 1,1,7.35458263,7.545219833,1506.7,13883.4,ea3135dcfb4f5eeb9e10,liangzhuang_2024-04-20-birdnet-11_20_34_01,24.220979166666663,0.1906372029999996,True,audio/analysis_clips/liangzhuang_2024-04-20-birdnet-11_20_34_01.wav
32,35,Spectrogram 1,1,9.664804526,9.880525571,0.0,13668.2,7a1adcb402d7dfff65ef,liangzhuang_2024-04-20-birdnet-11_20_34_01,24.220979166666663,0.2157210450000004,True,audio/analysis_clips/liangzhuang_2024-04-20-birdnet-11_20_34_01.wav
33,36,Spectrogram 1,1,9.928184872,10.018486705,322.9,10870.0,1ab2ae665c5344636a51,liangzhuang_2024-04-20-birdnet-11_20_34_01,24.220979166666663,0.0903018330000016,True,audio/analysis_clips/liangzhuang_2024-04-20-birdnet-11_20_34_01.wav
34,37,Spectrogram 1,1,11.711646065,11.874691041,1506.7,13775.8,860c906fa3c718b016f2,liangzhuang_2024-04-20-birdnet-11_20_34_01,24.220979166666663,0.1630449760000001,True,audio/analysis_clips/liangzhuang_2024-04-20-birdnet-11_20_34_01.wav
35,38,Spectrogram 1,1,12.5343961,12.664832081,1076.2,12914.8,87996baf70af1a635eeb,liangzhuang_2024-04-20-birdnet-11_20_34_01,24.220979166666663,0.1304359809999997,True,audio/analysis_clips/liangzhuang_2024-04-20-birdnet-11_20_34_01.wav
36,39,Spectrogram 1,1,14.806992232,15.010171356,753.4,10439.5,fb62baaae7d14a4fa3c4,liangzhuang_2024-04-20-birdnet-11_20_34_01,24.220979166666663,0.203179124,True,audio/analysis_clips/liangzhuang_2024-04-20-birdnet-11_20_34_01.wav
37,40,Spectrogram 1,1,21.732641159,21.893177751,1291.5,14852.0,6e4c14f1604540321501,liangzhuang_2024-04-20-birdnet-11_20_34_01,24.220979166666663,0.1605365919999997,True,audio/analysis_clips/liangzhuang_2024-04-20-birdnet-11_20_34_01.wav
38,41,Spectrogram 1,1,22.053714343,22.14652456,645.7,10009.0,8ce569274a5aaa926050,liangzhuang_2024-04-20-birdnet-11_20_34_01,24.220979166666663,0.0928102170000002,True,audio/analysis_clips/liangzhuang_2024-04-20-birdnet-11_20_34_01.wav
1,1,Waveform 1,1,0.2955843,0.730393089,0.0,15641.8,22acf39df4194dc10fad,liangzhuang_2024-04-20-birdnet-11_21_03__bout_006,2.5853125,0.434808789,True,audio/analysis_clips/liangzhuang_2024-04-20-birdnet-11_21_03__bout_006.wav
3,2,Waveform 1,1,0.826779274,1.126647404,0.0,15403.0,a45ad05804ee3f89cbd1,liangzhuang_2024-04-20-birdnet-11_21_03__bout_006,2.5853125,0.2998681300000001,True,audio/analysis_clips/liangzhuang_2024-04-20-birdnet-11_21_03__bout_006.wav
5,3,Waveform 1,1,1.190904861,1.402954467,835.8,14209.0,092b356ce78743e609f6,liangzhuang_2024-04-20-birdnet-11_21_03__bout_006,2.5853125,0.2120496060000001,True,audio/analysis_clips/liangzhuang_2024-04-20-birdnet-11_21_03__bout_006.wav
7,4,Waveform 1,1,1.454360432,1.949142847,238.8,16119.4,c31bfd6b0e4cd321f7b3,liangzhuang_2024-04-20-birdnet-11_21_03__bout_006,2.5853125,0.494782415,True,audio/analysis_clips/liangzhuang_2024-04-20-birdnet-11_21_03__bout_006.wav
9,5,Waveform 1,1,2.111928404,2.296133112,477.6,13373.1,d6df872e45e23b6c5ffa,liangzhuang_2024-04-20-birdnet-11_21_03__bout_006,2.5853125,0.1842047080000002,True,audio/analysis_clips/liangzhuang_2024-04-20-birdnet-11_21_03__bout_006.wav
1,1,Spectrogram 1,1,0.677298618,0.845069836,1302.3,15348.8,cca8c0ac5757faf5ce46,liangzhuang_2024-04-20-birdnet-11_21_34,30.0,0.1677712179999999,True,audio/analysis_clips/liangzhuang_2024-04-20-birdnet-11_21_34.wav
2,2,Spectrogram 1,1,2.174812077,2.364331415,837.2,15069.8,f2fd6efcd883f11c5271,liangzhuang_2024-04-20-birdnet-11_21_34,30.0,0.1895193380000002,True,audio/analysis_clips/liangzhuang_2024-04-20-birdnet-11_21_34.wav
3,3,Spectrogram 1,1,2.659484483,2.970171922,930.2,15255.8,4210d0914215bdde9dc3,liangzhuang_2024-04-20-birdnet-11_21_34,30.0,0.310687439,True,audio/analysis_clips/liangzhuang_2024-04-20-birdnet-11_21_34.wav
4,4,Spectrogram 1,1,3.203187502,3.42066871,1860.5,14790.7,c0175decd5397bc915fb,liangzhuang_2024-04-20-birdnet-11_21_34,30.0,0.2174812080000001,True,audio/analysis_clips/liangzhuang_2024-04-20-birdnet-11_21_34.wav
5,5,Spectrogram 1,1,4.442830386,4.762838449,1674.4,15627.9,e52a7fb5d574b95ce539,liangzhuang_2024-04-20-birdnet-11_21_34,30.0,0.3200080630000004,True,audio/analysis_clips/liangzhuang_2024-04-20-birdnet-11_21_34.wav
6,6,Spectrogram 1,1,5.579946415,5.962091966,930.2,14697.7,0b6cf59b9bbaa4973734,liangzhuang_2024-04-20-birdnet-11_21_34,30.0,0.3821455509999998,True,audio/analysis_clips/liangzhuang_2024-04-20-birdnet-11_21_34.wav
7,7,Spectrogram 1,1,5.99316071,6.306955024,1209.3,15534.9,3050e901252967cda691,liangzhuang_2024-04-20-birdnet-11_21_34,30.0,0.3137943139999999,True,audio/analysis_clips/liangzhuang_2024-04-20-birdnet-11_21_34.wav
8,8,Spectrogram 1,1,5.163625246,5.443243942,1302.3,14511.6,4a0460164ec0d9c1a6ca,liangzhuang_2024-04-20-birdnet-11_21_34,30.0,0.279618696,True,audio/analysis_clips/liangzhuang_2024-04-20-birdnet-11_21_34.wav
9,9,Spectrogram 1,1,6.667352454,6.903474908,1488.4,14418.6,d2855294b6bffcf678bd,liangzhuang_2024-04-20-birdnet-11_21_34,30.0,0.2361224539999993,True,audio/analysis_clips/liangzhuang_2024-04-20-birdnet-11_21_34.wav
10,10,Spectrogram 1,1,3.494346038,3.718040995,1395.3,14046.5,a02bd8953c9a68163a85,liangzhuang_2024-04-20-birdnet-11_21_34,30.0,0.2236949569999997,True,audio/analysis_clips/liangzhuang_2024-04-20-birdnet-11_21_34.wav
11,11,Spectrogram 1,1,7.893680188,8.188833256,1209.3,14604.7,8b1e3f6795e6c3f73ac9,liangzhuang_2024-04-20-birdnet-11_21_34,30.0,0.2951530680000003,True,audio/analysis_clips/liangzhuang_2024-04-20-birdnet-11_21_34.wav
12,12,Spectrogram 1,1,8.620688797,8.828849381,1023.3,14139.5,0099c2911ac9c26ec28d,liangzhuang_2024-04-20-birdnet-11_21_34,30.0,0.2081605839999998,True,audio/analysis_clips/liangzhuang_2024-04-20-birdnet-11_21_34.wav
13,13,Spectrogram 1,1,8.981086227,9.602461106,1395.3,14604.7,97a9ba556c4d6bfe753c,liangzhuang_2024-04-20-birdnet-11_21_34,30.0,0.6213748789999993,True,audio/analysis_clips/liangzhuang_2024-04-20-birdnet-11_21_34.wav
14,15,Spectrogram 1,1,10.804821497,11.044050826,1209.3,16000.0,8352f6be0cc05bd23f78,liangzhuang_2024-04-20-birdnet-11_21_34,30.0,0.2392293289999987,True,audio/analysis_clips/liangzhuang_2024-04-20-birdnet-11_21_34.wav
15,16,Spectrogram 1,1,11.314348898,11.510081985,1023.3,14139.5,14d2bfca32517ec998da,liangzhuang_2024-04-20-birdnet-11_21_34,30.0,0.1957330869999989,True,audio/analysis_clips/liangzhuang_2024-04-20-birdnet-11_21_34.wav
16,17,Spectrogram 1,1,11.920189405,12.140777487,465.1,14418.6,e741f6ed2ca8fc597d86,liangzhuang_2024-04-20-birdnet-11_21_34,30.0,0.220588081999999,True,audio/analysis_clips/liangzhuang_2024-04-20-birdnet-11_21_34.wav
17,18,Spectrogram 1,1,14.259665831,14.439864546,1209.3,15255.8,951c2ed3583f266e316d,liangzhuang_2024-04-20-birdnet-11_21_34,30.0,0.1801987150000012,True,audio/analysis_clips/liangzhuang_2024-04-20-birdnet-11_21_34.wav
18,19,Spectrogram 1,1,16.552095604,16.729187445,1116.3,14790.7,30d03b35ee2f02223f41,liangzhuang_2024-04-20-birdnet-11_21_34,30.0,0.1770918409999993,True,audio/analysis_clips/liangzhuang_2024-04-20-birdnet-11_21_34.wav
19,20,Spectrogram 1,1,17.126867367,17.310172957,744.2,12558.1,1bf40ec4859c04df4ed7,liangzhuang_2024-04-20-birdnet-11_21_34,30.0,0.1833055899999998,True,audio/analysis_clips/liangzhuang_2024-04-20-birdnet-11_21_34.wav
20,21,Spectrogram 1,1,17.477944174,17.714066628,1209.3,13581.4,07baadc9d673e30a60b6,liangzhuang_2024-04-20-birdnet-11_21_34,30.0,0.2361224540000002,True,audio/analysis_clips/liangzhuang_2024-04-20-birdnet-11_21_34.wav
21,22,Spectrogram 1,1,18.239128401,18.540495218,1860.5,14697.7,34cdd55fae69f655d284,liangzhuang_2024-04-20-birdnet-11_21_34,30.0,0.3013668170000017,True,audio/analysis_clips/liangzhuang_2024-04-20-birdnet-11_21_34.wav
22,23,Spectrogram 1,1,19.354496309,19.640328754,1023.3,14046.5,52b27efa7219c24b8721,liangzhuang_2024-04-20-birdnet-11_21_34,30.0,0.2858324449999969,True,audio/analysis_clips/liangzhuang_2024-04-20-birdnet-11_21_34.wav
23,24,Spectrogram 1,1,20.802299783,20.988712247,1767.4,14790.7,a2a03a81ff84efbc9a62,liangzhuang_2024-04-20-birdnet-11_21_34,30.0,0.186412464,True,audio/analysis_clips/liangzhuang_2024-04-20-birdnet-11_21_34.wav
24,25,Spectrogram 1,1,21.669117739,21.92388144,558.1,13953.5,5cc144ccb7e5b2ff8426,liangzhuang_2024-04-20-birdnet-11_21_34,30.0,0.2547637009999981,True,audio/analysis_clips/liangzhuang_2024-04-20-birdnet-11_21_34.wav
25,26,Spectrogram 1,1,22.321561363,22.762737527,1023.3,15162.8,5ce5cf3d8c43781bcc39,liangzhuang_2024-04-20-birdnet-11_21_34,30.0,0.441176163999998,True,audio/analysis_clips/liangzhuang_2024-04-20-birdnet-11_21_34.wav
26,27,Spectrogram 1,1,23.494629041,23.684148379,1395.3,14418.6,beacea9399e9ac2c78b0,liangzhuang_2024-04-20-birdnet-11_21_34,30.0,0.1895193380000002,True,audio/analysis_clips/liangzhuang_2024-04-20-birdnet-11_21_34.wav
27,28,Spectrogram 1,1,23.758713365,23.951339577,651.2,14232.6,e8aa7846920f375e73e9,liangzhuang_2024-04-20-birdnet-11_21_34,30.0,0.1926262120000004,True,audio/analysis_clips/liangzhuang_2024-04-20-birdnet-11_21_34.wav
28,29,Spectrogram 1,1,24.566500708,24.80883691,1674.4,14325.6,c3e71999d490ff09aa32,liangzhuang_2024-04-20-birdnet-11_21_34,30.0,0.2423362020000006,True,audio/analysis_clips/liangzhuang_2024-04-20-birdnet-11_21_34.wav
29,30,Spectrogram 1,1,26.340525988,26.66053405,2325.6,14790.7,e450a9225c62ea9a5887,liangzhuang_2024-04-20-birdnet-11_21_34,30.0,0.3200080619999994,True,audio/analysis_clips/liangzhuang_2024-04-20-birdnet-11_21_34.wav
30,31,Spectrogram 1,1,26.036052297,26.206930389,1302.3,9488.4,b763ac28eae48e7bccbb,liangzhuang_2024-04-20-birdnet-11_21_34,30.0,0.1708780919999988,True,audio/analysis_clips/liangzhuang_2024-04-20-birdnet-11_21_34.wav
31,32,Spectrogram 1,1,27.188702698,27.403077031,1488.4,14697.7,7a073e2f0538c0c365f5,liangzhuang_2024-04-20-birdnet-11_21_34,30.0,0.2143743329999985,True,audio/analysis_clips/liangzhuang_2024-04-20-birdnet-11_21_34.wav
32,33,Spectrogram 1,1,27.813184457,28.030665664,1302.3,14139.5,3c5d1119d088f4b197bb,liangzhuang_2024-04-20-birdnet-11_21_34,30.0,0.2174812070000022,True,audio/analysis_clips/liangzhuang_2024-04-20-birdnet-11_21_34.wav
33,34,Spectrogram 1,1,28.108337524,28.341353104,651.2,13302.3,514cfd877c54641b34e6,liangzhuang_2024-04-20-birdnet-11_21_34,30.0,0.23301558,True,audio/analysis_clips/liangzhuang_2024-04-20-birdnet-11_21_34.wav
34,35,Spectrogram 1,1,29.223705432,29.385262901,1767.4,13209.3,82e226945216f58d1a27,liangzhuang_2024-04-20-birdnet-11_21_34,30.0,0.1615574690000016,True,audio/analysis_clips/liangzhuang_2024-04-20-birdnet-11_21_34.wav
35,36,Spectrogram 1,1,29.481576007,29.885469679,1302.3,14325.6,92a360a929dddc0b77b6,liangzhuang_2024-04-20-birdnet-11_21_34,30.0,0.4038936719999988,True,audio/analysis_clips/liangzhuang_2024-04-20-birdnet-11_21_34.wav
1,1,Spectrogram 1,1,0.389265353,0.788685455,1418.7,16433.5,caedc31c42024f8a7768,liangzhuang_2024-04-20-birdnet-11_22_34_01_01,8.171208333333333,0.399420102,True,audio/analysis_clips/liangzhuang_2024-04-20-birdnet-11_22_34_01_01.wav
2,3,Spectrogram 1,1,1.980175927,2.237429552,945.8,14896.6,9c6a40df3cbb2cecbdcd,liangzhuang_2024-04-20-birdnet-11_22_34_01_01,8.171208333333333,0.2572536250000001,True,audio/analysis_clips/liangzhuang_2024-04-20-birdnet-11_22_34_01_01.wav
3,4,Spectrogram 1,1,6.123313251,6.51596352,1300.5,16197.0,d56190b032880ce446d2,liangzhuang_2024-04-20-birdnet-11_22_34_01_01,8.171208333333333,0.3926502689999998,True,audio/analysis_clips/liangzhuang_2024-04-20-birdnet-11_22_34_01_01.wav
4,5,Spectrogram 1,1,4.92166803,5.250004893,0.0,15724.1,17cecec511566b690cd5,liangzhuang_2024-04-20-birdnet-11_22_34_01_01,8.171208333333333,0.3283368629999996,True,audio/analysis_clips/liangzhuang_2024-04-20-birdnet-11_22_34_01_01.wav
5,6,Spectrogram 1,1,6.678439494,7.308033891,709.4,16078.8,d2da7ef33c67d8bc47eb,liangzhuang_2024-04-20-birdnet-11_22_34_01_01,8.171208333333333,0.629594397,True,audio/analysis_clips/liangzhuang_2024-04-20-birdnet-11_22_34_01_01.wav
6,7,Spectrogram 1,1,7.460355114,7.636370752,709.4,14896.6,926f76ba691dd5ed8207,liangzhuang_2024-04-20-birdnet-11_22_34_01_01,8.171208333333333,0.1760156379999999,True,audio/analysis_clips/liangzhuang_2024-04-20-birdnet-11_22_34_01_01.wav
7,8,Spectrogram 1,1,7.822541138,8.093334428,709.4,14660.1,79461d6994c6bb67f054,liangzhuang_2024-04-20-birdnet-11_22_34_01_01,8.171208333333333,0.2707932900000003,True,audio/analysis_clips/liangzhuang_2024-04-20-birdnet-11_22_34_01_01.wav
8,9,Spectrogram 1,1,0.907157519,1.221954717,1300.5,14305.4,1d81bb5709e0567eea89,liangzhuang_2024-04-20-birdnet-11_22_34_01_01,8.171208333333333,0.314797198,True,audio/analysis_clips/liangzhuang_2024-04-20-birdnet-11_22_34_01_01.wav
9,10,Spectrogram 1,1,1.299807788,1.523212251,1182.3,13596.1,62577236c09a376f85a0,liangzhuang_2024-04-20-birdnet-11_22_34_01_01,8.171208333333333,0.2234044629999998,True,audio/analysis_clips/liangzhuang_2024-04-20-birdnet-11_22_34_01_01.wav
10,11,Spectrogram 1,1,1.601065322,1.865088779,945.8,13832.5,17a353ad8f35841fee2f,liangzhuang_2024-04-20-birdnet-11_22_34_01_01,8.171208333333333,0.2640234569999999,True,audio/analysis_clips/liangzhuang_2024-04-20-birdnet-11_22_34_01_01.wav
11,12,Spectrogram 1,1,2.379596028,3.049809419,236.5,14423.6,60d977a4a609a9ed3635,liangzhuang_2024-04-20-birdnet-11_22_34_01_01,8.171208333333333,0.6702133909999999,True,audio/analysis_clips/liangzhuang_2024-04-20-birdnet-11_22_34_01_01.wav
12,13,Spectrogram 1,1,3.120892657,3.354451869,709.4,14541.9,cb57bcd0ce77252dcf50,liangzhuang_2024-04-20-birdnet-11_22_34_01_01,8.171208333333333,0.2335592119999998,True,audio/analysis_clips/liangzhuang_2024-04-20-birdnet-11_22_34_01_01.wav
13,14,Spectrogram 1,1,3.523697675,3.838494874,1300.5,13950.7,d1ec3affcdb3af9ec0e6,liangzhuang_2024-04-20-birdnet-11_22_34_01_01,8.171208333333333,0.3147971989999996,True,audio/analysis_clips/liangzhuang_2024-04-20-birdnet-11_22_34_01_01.wav
15,20,Spectrogram 1,1,4.261609388,4.468089271,1182.3,15960.6,2e56960b8fa4b1ce88b8,liangzhuang_2024-04-20-birdnet-11_22_34_01_01,8.171208333333333,0.2064798830000001,True,audio/analysis_clips/liangzhuang_2024-04-20-birdnet-11_22_34_01_01.wav
16,21,Spectrogram 1,1,4.637335077,4.816735631,591.1,13359.6,807ca84ffcf43d9d0358,liangzhuang_2024-04-20-birdnet-11_22_34_01_01,8.171208333333333,0.1794005539999998,True,audio/analysis_clips/liangzhuang_2024-04-20-birdnet-11_22_34_01_01.wav
17,22,Spectrogram 1,1,5.273699306,5.486949021,1418.7,14778.3,278e8330d8a2a4705699,liangzhuang_2024-04-20-birdnet-11_22_34_01_01,8.171208333333333,0.2132497149999999,True,audio/analysis_clips/liangzhuang_2024-04-20-birdnet-11_22_34_01_01.wav
18,23,Spectrogram 1,1,5.591881421,5.859289794,945.8,15487.7,e04e397b0d4d36776f0a,liangzhuang_2024-04-20-birdnet-11_22_34_01_01,8.171208333333333,0.2674083730000003,True,audio/analysis_clips/liangzhuang_2024-04-20-birdnet-11_22_34_01_01.wav
1,1,Spectrogram 1,1,0.010590669,0.215343603,1300.5,13950.7,44b1a662a19d3c2d83e8,liangzhuang_2024-04-20-birdnet-11_22_34_01_02,8.521979166666666,0.204752934,True,audio/analysis_clips/liangzhuang_2024-04-20-birdnet-11_22_34_01_02.wav
2,2,Spectrogram 1,1,0.458928991,0.649561033,1064.0,13596.1,bbe4cf663aa572674f4c,liangzhuang_2024-04-20-birdnet-11_22_34_01_02,8.521979166666666,0.190632042,True,audio/analysis_clips/liangzhuang_2024-04-20-birdnet-11_22_34_01_02.wav
3,3,Spectrogram 1,1,0.99905311,1.36266608,827.6,15251.2,1d0b9335de2cb11f7adc,liangzhuang_2024-04-20-birdnet-11_22_34_01_02,8.521979166666666,0.3636129699999999,True,audio/analysis_clips/liangzhuang_2024-04-20-birdnet-11_22_34_01_02.wav
4,4,Spectrogram 1,1,0.755467723,0.988462441,1182.3,14541.9,bfd4b15418a5db6c425a,liangzhuang_2024-04-20-birdnet-11_22_34_01_02,8.521979166666666,0.232994718,True,audio/analysis_clips/liangzhuang_2024-04-20-birdnet-11_22_34_01_02.wav
5,5,Spectrogram 1,1,1.419149648,1.705097711,1182.3,15487.7,c7c4dde9b69dcc4913ab,liangzhuang_2024-04-20-birdnet-11_22_34_01_02,8.521979166666666,0.285948063,True,audio/analysis_clips/liangzhuang_2024-04-20-birdnet-11_22_34_01_02.wav
6,6,Spectrogram 1,1,1.807474178,2.224040493,1418.7,14541.9,b99103fbf66358f81b8a,liangzhuang_2024-04-20-birdnet-11_22_34_01_02,8.521979166666666,0.4165663149999998,True,audio/analysis_clips/liangzhuang_2024-04-20-birdnet-11_22_34_01_02.wav
7,7,Spectrogram 1,1,2.284054284,2.421732981,1182.3,14423.6,1e62ce38c47d1087082a,liangzhuang_2024-04-20-birdnet-11_22_34_01_02,8.521979166666666,0.1376786969999996,True,audio/analysis_clips/liangzhuang_2024-04-20-birdnet-11_22_34_01_02.wav
8,8,Spectrogram 1,1,2.877131749,3.067763791,2364.5,13950.7,94cc4dc4a8ab61f90efb,liangzhuang_2024-04-20-birdnet-11_22_34_01_02,8.521979166666666,0.1906320419999998,True,audio/analysis_clips/liangzhuang_2024-04-20-birdnet-11_22_34_01_02.wav
9,9,Spectrogram 1,1,3.473739437,3.664371479,1418.7,15724.1,93f8a1c941b076bb337b,liangzhuang_2024-04-20-birdnet-11_22_34_01_02,8.521979166666666,0.1906320420000002,True,audio/analysis_clips/liangzhuang_2024-04-20-birdnet-11_22_34_01_02.wav
10,10,Spectrogram 1,1,4.268846551,4.614808406,1655.2,15369.5,3fd91e1519ee51e90249,liangzhuang_2024-04-20-birdnet-11_22_34_01_02,8.521979166666666,0.3459618549999996,True,audio/analysis_clips/liangzhuang_2024-04-20-birdnet-11_22_34_01_02.wav
11,11,Spectrogram 1,1,3.915824251,4.03232161,827.6,10403.9,7db12cf087e6b0e4f8d5,liangzhuang_2024-04-20-birdnet-11_22_34_01_02,8.521979166666666,0.1164973590000002,True,audio/analysis_clips/liangzhuang_2024-04-20-birdnet-11_22_34_01_02.wav
12,12,Spectrogram 1,1,4.971360929,5.06667695,1300.5,8867.0,cceef16e93880ce6fdc4,liangzhuang_2024-04-20-birdnet-11_22_34_01_02,8.521979166666666,0.0953160209999994,True,audio/analysis_clips/liangzhuang_2024-04-20-birdnet-11_22_34_01_02.wav
13,13,Spectrogram 1,1,5.356155237,5.546787279,1300.5,16078.8,e4280fb2128a09375a10,liangzhuang_2024-04-20-birdnet-11_22_34_01_02,8.521979166666666,0.1906320419999998,True,audio/analysis_clips/liangzhuang_2024-04-20-birdnet-11_22_34_01_02.wav
14,14,Spectrogram 1,1,5.620921962,6.033958054,591.1,15960.6,05983540c5aab443079e,liangzhuang_2024-04-20-birdnet-11_22_34_01_02,8.521979166666666,0.4130360920000004,True,audio/analysis_clips/liangzhuang_2024-04-20-birdnet-11_22_34_01_02.wav
15,15,Spectrogram 1,1,6.072790507,6.249301657,1418.7,14423.6,a2171a41679e08b5b290,liangzhuang_2024-04-20-birdnet-11_22_34_01_02,8.521979166666666,0.1765111500000005,True,audio/analysis_clips/liangzhuang_2024-04-20-birdnet-11_22_34_01_02.wav
16,16,Spectrogram 1,1,6.521128828,6.764714216,1300.5,15133.0,11809b66f74401c36d74,liangzhuang_2024-04-20-birdnet-11_22_34_01_02,8.521979166666666,0.2435853879999996,True,audio/analysis_clips/liangzhuang_2024-04-20-birdnet-11_22_34_01_02.wav
17,17,Spectrogram 1,1,7.442517032,7.636679298,2364.5,15842.4,a50d9ceb79215a20e9fb,liangzhuang_2024-04-20-birdnet-11_22_34_01_02,8.521979166666666,0.1941622660000002,True,audio/analysis_clips/liangzhuang_2024-04-20-birdnet-11_22_34_01_02.wav
18,18,Spectrogram 1,1,7.82731134,7.993231821,1064.0,14305.4,9bd648ba0d6240882346,liangzhuang_2024-04-20-birdnet-11_22_34_01_02,8.521979166666666,0.1659204810000005,True,audio/analysis_clips/liangzhuang_2024-04-20-birdnet-11_22_34_01_02.wav
19,19,Spectrogram 1,1,8.265058993,8.448630589,945.8,14541.9,b14a75bb2fb4a4691964,liangzhuang_2024-04-20-birdnet-11_22_34_01_02,8.521979166666666,0.1835715960000001,True,audio/analysis_clips/liangzhuang_2024-04-20-birdnet-11_22_34_01_02.wav
1,1,Spectrogram 1,1,5.496060806,5.859565111,744.2,14604.7,5c0f4cd48908493df872,liangzhuang_2024-04-20-birdnet-11_23_04,30.0,0.3635043050000002,True,audio/analysis_clips/liangzhuang_2024-04-20-birdnet-11_23_04.wav
2,2,Spectrogram 1,1,4.352731029,4.498754125,1209.3,12744.2,a39042407ff42f611ed1,liangzhuang_2024-04-20-birdnet-11_23_04,30.0,0.1460230959999995,True,audio/analysis_clips/liangzhuang_2024-04-20-birdnet-11_23_04.wav
3,3,Spectrogram 1,1,5.020709024,5.231976483,837.2,11255.8,2f70b69518f9b007a691,liangzhuang_2024-04-20-birdnet-11_23_04,30.0,0.2112674590000001,True,audio/analysis_clips/liangzhuang_2024-04-20-birdnet-11_23_04.wav
4,4,Spectrogram 1,1,6.474726241,6.689100574,651.2,12558.1,b94dc47ad18708d69d7e,liangzhuang_2024-04-20-birdnet-11_23_04,30.0,0.2143743330000003,True,audio/analysis_clips/liangzhuang_2024-04-20-birdnet-11_23_04.wav
5,5,Spectrogram 1,1,6.838230545,7.015322386,837.2,12930.2,9865205d6793439563c1,liangzhuang_2024-04-20-birdnet-11_23_04,30.0,0.1770918410000002,True,audio/analysis_clips/liangzhuang_2024-04-20-birdnet-11_23_04.wav
6,6,Spectrogram 1,1,7.481353551,7.695727884,1674.4,15720.9,e63ed99204a2cfb60b5b,liangzhuang_2024-04-20-birdnet-11_23_04,30.0,0.2143743330000003,True,audio/analysis_clips/liangzhuang_2024-04-20-birdnet-11_23_04.wav
7,7,Spectrogram 1,1,7.810682237,8.000201575,1302.3,12186.0,66f19f0966cdf9a4bfd7,liangzhuang_2024-04-20-birdnet-11_23_04,30.0,0.1895193380000002,True,audio/analysis_clips/liangzhuang_2024-04-20-birdnet-11_23_04.wav
8,8,Spectrogram 1,1,8.124476551,8.519049599,1116.3,14604.7,af99d6e65f70a431e9a7,liangzhuang_2024-04-20-birdnet-11_23_04,30.0,0.3945730479999998,True,audio/analysis_clips/liangzhuang_2024-04-20-birdnet-11_23_04.wav
9,9,Spectrogram 1,1,8.6402177,8.814202666,1116.3,14790.7,e50cd5c922610b6970d7,liangzhuang_2024-04-20-birdnet-11_23_04,30.0,0.1739849660000008,True,audio/analysis_clips/liangzhuang_2024-04-20-birdnet-11_23_04.wav
10,10,Spectrogram 1,1,8.989963131,9.167054972,1302.3,13674.4,2cc43d71398237d14d15,liangzhuang_2024-04-20-birdnet-11_23_04,30.0,0.177091841000001,True,audio/analysis_clips/liangzhuang_2024-04-20-birdnet-11_23_04.wav
11,11,Spectrogram 1,1,9.272688701,9.574055517,1209.3,14232.6,e851be1617703a23e3c5,liangzhuang_2024-04-20-birdnet-11_23_04,30.0,0.3013668159999998,True,audio/analysis_clips/liangzhuang_2024-04-20-birdnet-11_23_04.wav
12,12,Spectrogram 1,1,9.620658633,10.046300426,930.2,15534.9,4714aae2ff2d58d7ed68,liangzhuang_2024-04-20-birdnet-11_23_04,30.0,0.4256417930000005,True,audio/analysis_clips/liangzhuang_2024-04-20-birdnet-11_23_04.wav
13,13,Spectrogram 1,1,11.239340194,11.652554488,1395.3,15255.8,3017b346d632cf62983a,liangzhuang_2024-04-20-birdnet-11_23_04,30.0,0.4132142939999994,True,audio/analysis_clips/liangzhuang_2024-04-20-birdnet-11_23_04.wav
14,14,Spectrogram 1,1,10.931759628,11.158561459,1023.3,12000.0,444633d6a6cb2ee0d57c,liangzhuang_2024-04-20-birdnet-11_23_04,30.0,0.2268018309999995,True,audio/analysis_clips/liangzhuang_2024-04-20-birdnet-11_23_04.wav
15,15,Spectrogram 1,1,11.77372259,12.168295638,930.2,13488.4,4f2477dfacf07701ee35,liangzhuang_2024-04-20-birdnet-11_23_04,30.0,0.3945730479999998,True,audio/analysis_clips/liangzhuang_2024-04-20-birdnet-11_23_04.wav
16,16,Spectrogram 1,1,12.43859371,12.637433672,651.2,13953.5,c1097a1fc5eda81ebc3a,liangzhuang_2024-04-20-birdnet-11_23_04,30.0,0.1988399620000009,True,audio/analysis_clips/liangzhuang_2024-04-20-birdnet-11_23_04.wav
17,17,Spectrogram 1,1,12.743067401,12.945014237,1674.4,15162.8,d713dc0c3af48d22b563,liangzhuang_2024-04-20-birdnet-11_23_04,30.0,0.2019468360000011,True,audio/analysis_clips/liangzhuang_2024-04-20-birdnet-11_23_04.wav
18,18,Spectrogram 1,1,13.215312309,13.398617899,1488.4,11255.8,42c0d66165903e074a39,liangzhuang_2024-04-20-birdnet-11_23_04,30.0,0.1833055899999998,True,audio/analysis_clips/liangzhuang_2024-04-20-birdnet-11_23_04.wav
19,19,Spectrogram 1,1,14.013779029,14.371069585,1116.3,14883.7,69f5e3bce1c3aef69531,liangzhuang_2024-04-20-birdnet-11_23_04,30.0,0.3572905560000006,True,audio/analysis_clips/liangzhuang_2024-04-20-birdnet-11_23_04.wav
20,20,Spectrogram 1,1,14.687970778,14.871276368,1209.3,13860.5,e798c6c5a61a6dd1f997,liangzhuang_2024-04-20-birdnet-11_23_04,30.0,0.1833055899999998,True,audio/analysis_clips/liangzhuang_2024-04-20-birdnet-11_23_04.wav
21,21,Spectrogram 1,1,15.026620088,15.427406885,1302.3,15162.8,439fd5ac2fcb7fe6fe78,liangzhuang_2024-04-20-birdnet-11_23_04,30.0,0.4007867970000003,True,audio/analysis_clips/liangzhuang_2024-04-20-birdnet-11_23_04.wav
22,22,Spectrogram 1,1,15.644888092,15.943148034,1023.3,12279.1,480e9bcadea3b29e51bf,liangzhuang_2024-04-20-birdnet-11_23_04,30.0,0.2982599419999996,True,audio/analysis_clips/liangzhuang_2024-04-20-birdnet-11_23_04.wav
23,23,Spectrogram 1,1,15.953356455,16.180158286,1023.3,15162.8,fe40dfa9e98f63836d38,liangzhuang_2024-04-20-birdnet-11_23_04,30.0,0.2268018310000012,True,audio/analysis_clips/liangzhuang_2024-04-20-birdnet-11_23_04.wav
24,24,Spectrogram 1,1,16.217440779,16.46599073,1023.3,15441.9,9870a820df80794099da,liangzhuang_2024-04-20-birdnet-11_23_04,30.0,0.2485499510000011,True,audio/analysis_clips/liangzhuang_2024-04-20-birdnet-11_23_04.wav
25,25,Spectrogram 1,1,16.57162446,17.031441871,1209.3,16372.1,737f5fe42aad44244814,liangzhuang_2024-04-20-birdnet-11_23_04,30.0,0.4598174109999995,True,audio/analysis_clips/liangzhuang_2024-04-20-birdnet-11_23_04.wav
26,26,Spectrogram 1,1,17.102899982,17.478831784,930.2,14790.7,0400154b7733d0990528,liangzhuang_2024-04-20-birdnet-11_23_04,30.0,0.3759318020000002,True,audio/analysis_clips/liangzhuang_2024-04-20-birdnet-11_23_04.wav
27,27,Spectrogram 1,1,17.596893011,17.910687325,837.2,15255.8,b7658ec22f873aa7897f,liangzhuang_2024-04-20-birdnet-11_23_04,30.0,0.3137943140000025,True,audio/analysis_clips/liangzhuang_2024-04-20-birdnet-11_23_04.wav
28,30,Spectrogram 1,1,19.601270833,19.98030951,930.2,15162.8,e965819b0d702b545895,liangzhuang_2024-04-20-birdnet-11_23_04,30.0,0.3790386770000005,True,audio/analysis_clips/liangzhuang_2024-04-20-birdnet-11_23_04.wav
29,31,Spectrogram 1,1,20.089050113,20.551974398,930.2,15907.0,f0ea398562f6175dc5fd,liangzhuang_2024-04-20-birdnet-11_23_04,30.0,0.4629242849999997,True,audio/analysis_clips/liangzhuang_2024-04-20-birdnet-11_23_04.wav
30,32,Spectrogram 1,1,21.65180794,22.033953491,930.2,14976.7,4d4d6564593a20104e7b,liangzhuang_2024-04-20-birdnet-11_23_04,30.0,0.3821455509999971,True,audio/analysis_clips/liangzhuang_2024-04-20-birdnet-11_23_04.wav
31,33,Spectrogram 1,1,23.127573278,23.472436336,1395.3,14604.7,0df0087752cdcc753d67,liangzhuang_2024-04-20-birdnet-11_23_04,30.0,0.3448630580000014,True,audio/analysis_clips/liangzhuang_2024-04-20-birdnet-11_23_04.wav
32,34,Spectrogram 1,1,23.55321507,23.96332249,651.2,15348.8,319dea18ec802cea07ae,liangzhuang_2024-04-20-birdnet-11_23_04,30.0,0.4101074199999992,True,audio/analysis_clips/liangzhuang_2024-04-20-birdnet-11_23_04.wav
33,35,Spectrogram 1,1,25.010339162,25.460835949,1116.3,15162.8,a531f69e8e4fc28d5f0b,liangzhuang_2024-04-20-birdnet-11_23_04,30.0,0.4504967869999987,True,audio/analysis_clips/liangzhuang_2024-04-20-birdnet-11_23_04.wav
34,36,Spectrogram 1,1,25.566469679,25.846088374,1209.3,14697.7,bc6e5c6140bf8bb3fe27,liangzhuang_2024-04-20-birdnet-11_23_04,30.0,0.2796186949999999,True,audio/analysis_clips/liangzhuang_2024-04-20-birdnet-11_23_04.wav
35,37,Spectrogram 1,1,25.941513584,26.520280118,1209.3,15534.9,4485ee70ec7eba5f3dff,liangzhuang_2024-04-20-birdnet-11_23_04,30.0,0.5787665339999997,True,audio/analysis_clips/liangzhuang_2024-04-20-birdnet-11_23_04.wav
36,38,Spectrogram 1,1,26.949028785,27.368456828,930.2,15907.0,3fdaa1d0101d7177e181,liangzhuang_2024-04-20-birdnet-11_23_04,30.0,0.4194280429999999,True,audio/analysis_clips/liangzhuang_2024-04-20-birdnet-11_23_04.wav
37,39,Spectrogram 1,1,28.176244176,28.514893486,1023.3,14418.6,e04f5fd3680291011eec,liangzhuang_2024-04-20-birdnet-11_23_04,30.0,0.3386493099999974,True,audio/analysis_clips/liangzhuang_2024-04-20-birdnet-11_23_04.wav
38,40,Spectrogram 1,1,28.589458471,28.897039036,1116.3,14139.5,de0a003304b92293718b,liangzhuang_2024-04-20-birdnet-11_23_04,30.0,0.3075805649999985,True,audio/analysis_clips/liangzhuang_2024-04-20-birdnet-11_23_04.wav
39,41,Spectrogram 1,1,28.943642152,29.232581471,651.2,15720.9,1501682d4871132a74ee,liangzhuang_2024-04-20-birdnet-11_23_04,30.0,0.2889393190000007,True,audio/analysis_clips/liangzhuang_2024-04-20-birdnet-11_23_04.wav
40,42,Spectrogram 1,1,29.353749573,29.611620147,1953.5,15720.9,cb0781c5c0a9fb180676,liangzhuang_2024-04-20-birdnet-11_23_04,30.0,0.2578705739999982,True,audio/analysis_clips/liangzhuang_2024-04-20-birdnet-11_23_04.wav
41,43,Spectrogram 1,1,29.720360751,29.975124452,1116.3,11255.8,c05cce1fa91734a68edc,liangzhuang_2024-04-20-birdnet-11_23_04,30.0,0.2547637009999981,True,audio/analysis_clips/liangzhuang_2024-04-20-birdnet-11_23_04.wav
42,44,Spectrogram 1,1,27.523800553,27.682251148,930.2,11720.9,aecb23f0d8bd09f572a4,liangzhuang_2024-04-20-birdnet-11_23_04,30.0,0.1584505949999979,True,audio/analysis_clips/liangzhuang_2024-04-20-birdnet-11_23_04.wav
43,45,Spectrogram 1,1,26.576203863,26.880677553,1116.3,13302.3,0d98fdaf7ebb4b565a38,liangzhuang_2024-04-20-birdnet-11_23_04,30.0,0.3044736900000018,True,audio/analysis_clips/liangzhuang_2024-04-20-birdnet-11_23_04.wav
44,46,Spectrogram 1,1,18.127280662,18.711815781,837.2,15069.8,27993825d1694646d621,liangzhuang_2024-04-20-birdnet-11_23_04,30.0,0.5845351189999981,True,audio/analysis_clips/liangzhuang_2024-04-20-birdnet-11_23_04.wav
45,47,Spectrogram 1,1,18.848518255,19.146778197,1023.3,13767.4,566602b5fe9afb5f9bb0,liangzhuang_2024-04-20-birdnet-11_23_04,30.0,0.2982599420000014,True,audio/analysis_clips/liangzhuang_2024-04-20-birdnet-11_23_04.wav
46,48,Spectrogram 1,1,19.286587544,19.510282501,1488.4,13581.4,6c7ec5bc77a05ebb85f4,liangzhuang_2024-04-20-birdnet-11_23_04,30.0,0.2236949569999993,True,audio/analysis_clips/liangzhuang_2024-04-20-birdnet-11_23_04.wav
47,49,Spectrogram 1,1,20.638077907,20.933230974,930.2,14418.6,c3f92d4afd59a4a4078e,liangzhuang_2024-04-20-birdnet-11_23_04,30.0,0.2951530670000011,True,audio/analysis_clips/liangzhuang_2024-04-20-birdnet-11_23_04.wav
48,50,Spectrogram 1,1,21.107217019,21.327805101,1116.3,14511.6,b4f7933d23da2deb28ca,liangzhuang_2024-04-20-birdnet-11_23_04,30.0,0.220588081999999,True,audio/analysis_clips/liangzhuang_2024-04-20-birdnet-11_23_04.wav
49,51,Spectrogram 1,1,21.377515091,21.644706289,1116.3,14883.7,f5d4b6ab29240a0313b3,liangzhuang_2024-04-20-birdnet-11_23_04,30.0,0.267191197999999,True,audio/analysis_clips/liangzhuang_2024-04-20-birdnet-11_23_04.wav
50,52,Spectrogram 1,1,22.07656183,22.539486115,1209.3,14697.7,875143394d4b3ae6694c,liangzhuang_2024-04-20-birdnet-11_23_04,30.0,0.4629242849999997,True,audio/analysis_clips/liangzhuang_2024-04-20-birdnet-11_23_04.wav
51,53,Spectrogram 1,1,22.576768608,22.949593536,1116.3,12465.1,4977229d65821b1156d5,liangzhuang_2024-04-20-birdnet-11_23_04,30.0,0.372824928,True,audio/analysis_clips/liangzhuang_2024-04-20-birdnet-11_23_04.wav
52,54,Spectrogram 1,1,24.307297647,24.534099478,1116.3,13860.5,c72ff147d32e83ef0a0e,liangzhuang_2024-04-20-birdnet-11_23_04,30.0,0.226801831000003,True,audio/analysis_clips/liangzhuang_2024-04-20-birdnet-11_23_04.wav
53,55,Spectrogram 1,1,24.627305709,24.916245028,837.2,13023.3,197e8e7b7e012fbf6fe7,liangzhuang_2024-04-20-birdnet-11_23_04,30.0,0.2889393189999971,True,audio/analysis_clips/liangzhuang_2024-04-20-birdnet-11_23_04.wav
1,1,Spectrogram 1,1,0.02404042,0.446464935,1023.3,16744.2,3443d3673d89f8c8b7e0,liangzhuang_2024-04-20-birdnet-11_23_34,16.581041666666668,0.422424515,True,audio/analysis_clips/liangzhuang_2024-04-20-birdnet-11_23_34.wav
2,2,Spectrogram 1,1,1.260404856,1.72404152,558.1,16465.1,bac984e3c74bb7246e3a,liangzhuang_2024-04-20-birdnet-11_23_34,16.581041666666668,0.463636664,True,audio/analysis_clips/liangzhuang_2024-04-20-birdnet-11_23_34.wav
3,3,Spectrogram 1,1,0.827677303,1.232930091,558.1,15720.9,f7efce55fd3bd89f9173,liangzhuang_2024-04-20-birdnet-11_23_34,16.581041666666668,0.4052527880000001,True,audio/analysis_clips/liangzhuang_2024-04-20-birdnet-11_23_34.wav
4,4,Spectrogram 1,1,1.923233568,2.276971171,1209.3,14604.7,366e804f5602d0639777,liangzhuang_2024-04-20-birdnet-11_23_34,16.581041666666668,0.3537376030000001,True,audio/analysis_clips/liangzhuang_2024-04-20-birdnet-11_23_34.wav
5,5,Spectrogram 1,1,2.764648254,3.101214129,465.1,14232.6,af2e57a3ecd110844ef1,liangzhuang_2024-04-20-birdnet-11_23_34,16.581041666666668,0.3365658750000002,True,audio/analysis_clips/liangzhuang_2024-04-20-birdnet-11_23_34.wav
6,6,Spectrogram 1,1,3.159598005,3.451517386,372.1,15069.8,386601993d2c67cf4a87,liangzhuang_2024-04-20-birdnet-11_23_34,16.581041666666668,0.291919381,True,audio/analysis_clips/liangzhuang_2024-04-20-birdnet-11_23_34.wav
7,7,Spectrogram 1,1,3.499598225,3.805254988,558.1,15069.8,91439ae4dc9bcca008ca,liangzhuang_2024-04-20-birdnet-11_23_34,16.581041666666668,0.305656763,True,audio/analysis_clips/liangzhuang_2024-04-20-birdnet-11_23_34.wav
8,8,Spectrogram 1,1,2.434951071,2.709698724,1302.3,14790.7,8d117c24715dde63e6bf,liangzhuang_2024-04-20-birdnet-11_23_34,16.581041666666668,0.2747476529999999,True,audio/analysis_clips/liangzhuang_2024-04-20-birdnet-11_23_34.wav
9,9,Spectrogram 1,1,4.505861502,4.784043501,930.2,14046.5,57c2c98932d655e3bbb8,liangzhuang_2024-04-20-birdnet-11_23_34,16.581041666666668,0.278181999,True,audio/analysis_clips/liangzhuang_2024-04-20-birdnet-11_23_34.wav
10,10,Spectrogram 1,1,5.130912412,5.40909441,837.2,13488.4,85e2e123b5823ce607b4,liangzhuang_2024-04-20-birdnet-11_23_34,16.581041666666668,0.278181998,True,audio/analysis_clips/liangzhuang_2024-04-20-birdnet-11_23_34.wav
11,11,Spectrogram 1,1,5.481215669,5.797175469,930.2,13860.5,61c1933e567c48a34abe,liangzhuang_2024-04-20-birdnet-11_23_34,16.581041666666668,0.3159597999999999,True,audio/analysis_clips/liangzhuang_2024-04-20-birdnet-11_23_34.wav
12,12,Spectrogram 1,1,5.95515537,6.305458627,1023.3,14790.7,8f9c0820530aac8d0157,liangzhuang_2024-04-20-birdnet-11_23_34,16.581041666666668,0.3503032570000002,True,audio/analysis_clips/liangzhuang_2024-04-20-birdnet-11_23_34.wav
13,13,Spectrogram 1,1,6.367276849,6.79313571,186.0,15441.9,cc00ee17781c9e890532,liangzhuang_2024-04-20-birdnet-11_23_34,16.581041666666668,0.425858861,True,audio/analysis_clips/liangzhuang_2024-04-20-birdnet-11_23_34.wav
14,14,Spectrogram 1,1,4.06050959,4.270004675,1023.3,15348.8,6c718d599a7c3dd30bea,liangzhuang_2024-04-20-birdnet-11_23_34,16.581041666666668,0.2094950850000003,True,audio/analysis_clips/liangzhuang_2024-04-20-birdnet-11_23_34.wav
15,15,Spectrogram 1,1,7.034652929,7.233844977,1116.3,14511.6,07aaad2fd32a6285fd69,liangzhuang_2024-04-20-birdnet-11_23_34,16.581041666666668,0.1991920480000004,True,audio/analysis_clips/liangzhuang_2024-04-20-birdnet-11_23_34.wav
16,16,Spectrogram 1,1,7.522330012,7.797077665,1302.3,13674.4,d07b943d78583825404f,liangzhuang_2024-04-20-birdnet-11_23_34,16.581041666666668,0.2747476529999995,True,audio/analysis_clips/liangzhuang_2024-04-20-birdnet-11_23_34.wav
17,17,Spectrogram 1,1,7.948188874,8.246976946,930.2,14046.5,c47f398cc385f845b29e,liangzhuang_2024-04-20-birdnet-11_23_34,16.581041666666668,0.2987880719999998,True,audio/analysis_clips/liangzhuang_2024-04-20-birdnet-11_23_34.wav
18,18,Spectrogram 1,1,8.353441644,8.700310555,1209.3,14790.7,5221988ae2b375847eb4,liangzhuang_2024-04-20-birdnet-11_23_34,16.581041666666668,0.3468689109999996,True,audio/analysis_clips/liangzhuang_2024-04-20-birdnet-11_23_34.wav
19,19,Spectrogram 1,1,8.823946999,9.054048158,1302.3,14511.6,20f75b4b955b0ac13ccc,liangzhuang_2024-04-20-birdnet-11_23_34,16.581041666666668,0.2301011590000001,True,audio/analysis_clips/liangzhuang_2024-04-20-birdnet-11_23_34.wav
20,20,Spectrogram 1,1,9.764957709,9.984755831,930.2,13395.3,0b7f58124dbd1d358321,liangzhuang_2024-04-20-birdnet-11_23_34,16.581041666666668,0.2197981219999984,True,audio/analysis_clips/liangzhuang_2024-04-20-birdnet-11_23_34.wav
21,21,Spectrogram 1,1,10.372836891,10.630412815,930.2,12651.2,596528ec2dd2092ea046,liangzhuang_2024-04-20-birdnet-11_23_34,16.581041666666668,0.2575759239999993,True,audio/analysis_clips/liangzhuang_2024-04-20-birdnet-11_23_34.wav
22,22,Spectrogram 1,1,10.712837111,11.015059528,372.1,15255.8,77cbb9afe1e6e036e9eb,liangzhuang_2024-04-20-birdnet-11_23_34,16.581041666666668,0.3022224169999994,True,audio/analysis_clips/liangzhuang_2024-04-20-birdnet-11_23_34.wav
23,23,Spectrogram 1,1,11.324150638,11.78091861,1116.3,15441.9,5aad56a445bde1571ab7,liangzhuang_2024-04-20-birdnet-11_23_34,16.581041666666668,0.4567679719999997,True,audio/analysis_clips/liangzhuang_2024-04-20-birdnet-11_23_34.wav
24,24,Spectrogram 1,1,11.969807621,12.557080729,372.1,12651.2,364777b22a026dceccbe,liangzhuang_2024-04-20-birdnet-11_23_34,16.581041666666668,0.5872731080000015,True,audio/analysis_clips/liangzhuang_2024-04-20-birdnet-11_23_34.wav
25,25,Spectrogram 1,1,12.814656653,13.178697293,651.2,15255.8,7e5ba2277f991da24242,liangzhuang_2024-04-20-birdnet-11_23_34,16.581041666666668,0.3640406400000007,True,audio/analysis_clips/liangzhuang_2024-04-20-birdnet-11_23_34.wav
26,26,Spectrogram 1,1,13.329808501,13.515263167,558.1,14604.7,783eeec024f5cc501554,liangzhuang_2024-04-20-birdnet-11_23_34,16.581041666666668,0.185454666,True,audio/analysis_clips/liangzhuang_2024-04-20-birdnet-11_23_34.wav
27,27,Spectrogram 1,1,13.683546104,14.119708003,186.0,14790.7,4ddf042e76003378c8f6,liangzhuang_2024-04-20-birdnet-11_23_34,16.581041666666668,0.436161899,True,audio/analysis_clips/liangzhuang_2024-04-20-birdnet-11_23_34.wav
28,28,Spectrogram 1,1,14.250213138,14.542132519,1116.3,13953.5,31e9f7a673e1158a5ae0,liangzhuang_2024-04-20-birdnet-11_23_34,16.581041666666668,0.2919193810000013,True,audio/analysis_clips/liangzhuang_2024-04-20-birdnet-11_23_34.wav
29,29,Spectrogram 1,1,14.830617554,15.191223848,651.2,13860.5,1b43236446d71da47673,liangzhuang_2024-04-20-birdnet-11_23_34,16.581041666666668,0.3606062940000001,True,audio/analysis_clips/liangzhuang_2024-04-20-birdnet-11_23_34.wav
30,30,Spectrogram 1,1,15.28738552,15.589607938,372.1,14511.6,7c4a608ee90b51833082,liangzhuang_2024-04-20-birdnet-11_23_34,16.581041666666668,0.3022224179999995,True,audio/analysis_clips/liangzhuang_2024-04-20-birdnet-11_23_34.wav
31,31,Spectrogram 1,1,15.654860506,16.001729417,1488.4,15162.8,12067c83ef08ab90cb70,liangzhuang_2024-04-20-birdnet-11_23_34,16.581041666666668,0.3468689109999996,True,audio/analysis_clips/liangzhuang_2024-04-20-birdnet-11_23_34.wav
1,1,Waveform 1,1,0.454380929,0.662163163,1646.0,14336.3,0253775cd60cd20ce453,liangzhuang_2024-04-20-birdnet-11_24_34_01,5.511958333333333,0.207782234,True,audio/analysis_clips/liangzhuang_2024-04-20-birdnet-11_24_34_01.wav
3,2,Waveform 1,1,0.778612547,0.906478537,955.2,13014.9,6cebe5f4ba9a523c9f4a,liangzhuang_2024-04-20-birdnet-11_24_34_01,5.511958333333333,0.1278659899999999,True,audio/analysis_clips/liangzhuang_2024-04-20-birdnet-11_24_34_01.wav
5,3,Waveform 1,1,1.04119449,1.356292823,1313.4,14567.2,abb4939f129486fbef3e,liangzhuang_2024-04-20-birdnet-11_24_34_01,5.511958333333333,0.3150983329999999,True,audio/analysis_clips/liangzhuang_2024-04-20-birdnet-11_24_34_01.wav
7,4,Waveform 1,1,1.440775709,1.575491663,716.4,14806.0,76f4985720781053b72c,liangzhuang_2024-04-20-birdnet-11_24_34_01,5.511958333333333,0.134715954,True,audio/analysis_clips/liangzhuang_2024-04-20-birdnet-11_24_34_01.wav
9,5,Waveform 1,1,1.917989851,2.164588546,835.8,15164.2,9d5e124858d7586544c0,liangzhuang_2024-04-20-birdnet-11_24_34_01,5.511958333333333,0.2465986950000001,True,audio/analysis_clips/liangzhuang_2024-04-20-birdnet-11_24_34_01.wav
11,6,Waveform 1,1,2.436303775,2.758252071,716.4,15641.8,520d48221e1d3b041902,liangzhuang_2024-04-20-birdnet-11_24_34_01,5.511958333333333,0.3219482959999999,True,audio/analysis_clips/liangzhuang_2024-04-20-birdnet-11_24_34_01.wav
13,7,Waveform 1,1,2.886118056,3.119016824,1432.8,15283.6,b26431839a324fae3304,liangzhuang_2024-04-20-birdnet-11_24_34_01,5.511958333333333,0.2328987680000001,True,audio/analysis_clips/liangzhuang_2024-04-20-birdnet-11_24_34_01.wav
15,8,Waveform 1,1,3.228616244,3.374748804,1194.0,13253.7,4405e578cdeaea9dfc31,liangzhuang_2024-04-20-birdnet-11_24_34_01,5.511958333333333,0.1461325600000003,True,audio/analysis_clips/liangzhuang_2024-04-20-birdnet-11_24_34_01.wav
17,9,Waveform 1,1,3.468364975,3.630480784,1910.4,14806.0,9fbba824e639df32e620,liangzhuang_2024-04-20-birdnet-11_24_34_01,5.511958333333333,0.1621158089999999,True,audio/analysis_clips/liangzhuang_2024-04-20-birdnet-11_24_34_01.wav
19,10,Waveform 1,1,4.052895216,4.37027687,716.4,15761.2,1d66806cb79e0c04ef12,liangzhuang_2024-04-20-birdnet-11_24_34_01,5.511958333333333,0.317381654,True,audio/analysis_clips/liangzhuang_2024-04-20-birdnet-11_24_34_01.wav
21,11,Waveform 1,1,4.502709502,4.877174187,835.8,15403.0,bf73ea1d4977ca2c2dd0,liangzhuang_2024-04-20-birdnet-11_24_34_01,5.511958333333333,0.3744646849999995,True,audio/analysis_clips/liangzhuang_2024-04-20-birdnet-11_24_34_01.wav
1,1,Spectrogram 1,1,0.278833894,0.506303651,1303.2,15855.2,ea1cd72700236ec4be52,liangzhuang_2024-04-20-birdnet-11_25_04_01_01,12.525208333333332,0.2274697569999999,True,audio/analysis_clips/liangzhuang_2024-04-20-birdnet-11_25_04_01_01.wav
2,2,Spectrogram 1,1,0.682409268,1.060302572,651.6,14226.2,7977e8c6837ceef849c2,liangzhuang_2024-04-20-birdnet-11_25_04_01_01,12.525208333333332,0.3778933040000001,True,audio/analysis_clips/liangzhuang_2024-04-20-birdnet-11_25_04_01_01.wav
3,3,Spectrogram 1,1,1.23640819,1.57027509,760.2,15203.6,b9a503bf51a2cd026ff7,liangzhuang_2024-04-20-birdnet-11_25_04_01_01,12.525208333333332,0.3338669000000001,True,audio/analysis_clips/liangzhuang_2024-04-20-birdnet-11_25_04_01_01.wav
4,4,Spectrogram 1,1,2.069241006,2.355412635,868.8,16615.4,c4f5d54c47ee9c899fb4,liangzhuang_2024-04-20-birdnet-11_25_04_01_01,12.525208333333332,0.286171629,True,audio/analysis_clips/liangzhuang_2024-04-20-birdnet-11_25_04_01_01.wav
5,5,Spectrogram 1,1,2.619571061,3.023146435,760.2,15203.6,a2a7f1341108f48935cc,liangzhuang_2024-04-20-birdnet-11_25_04_01_01,12.525208333333332,0.4035753740000003,True,audio/analysis_clips/liangzhuang_2024-04-20-birdnet-11_25_04_01_01.wav
6,6,Spectrogram 1,1,3.268960526,3.731237772,1086.0,16724.0,61bb6f015dba637266f2,liangzhuang_2024-04-20-birdnet-11_25_04_01_01,12.525208333333332,0.4622772460000002,True,audio/analysis_clips/liangzhuang_2024-04-20-birdnet-11_25_04_01_01.wav
7,7,Spectrogram 1,1,3.991727332,4.259554625,1194.6,15529.4,8389d90f5be021df6c7c,liangzhuang_2024-04-20-birdnet-11_25_04_01_01,12.525208333333332,0.2678272929999998,True,audio/analysis_clips/liangzhuang_2024-04-20-birdnet-11_25_04_01_01.wav
8,8,Spectrogram 1,1,4.630110195,4.993328031,1194.6,14334.8,49bc2dddfd89e6ec5274,liangzhuang_2024-04-20-birdnet-11_25_04_01_01,12.525208333333332,0.3632178359999995,True,audio/analysis_clips/liangzhuang_2024-04-20-birdnet-11_25_04_01_01.wav
9,9,Spectrogram 1,1,5.103394042,5.565671289,1520.4,15420.8,979ff6a9a12b66cbacfb,liangzhuang_2024-04-20-birdnet-11_25_04_01_01,12.525208333333332,0.4622772470000003,True,audio/analysis_clips/liangzhuang_2024-04-20-birdnet-11_25_04_01_01.wav
10,10,Spectrogram 1,1,5.943564593,6.226067354,651.6,15312.2,cc1df2107dbbe98d5c13,liangzhuang_2024-04-20-birdnet-11_25_04_01_01,12.525208333333332,0.2825027610000008,True,audio/analysis_clips/liangzhuang_2024-04-20-birdnet-11_25_04_01_01.wav
11,11,Spectrogram 1,1,6.699351202,7.04789357,1303.2,15312.2,ff529043b4d432daf414,liangzhuang_2024-04-20-birdnet-11_25_04_01_01,12.525208333333332,0.3485423680000004,True,audio/analysis_clips/liangzhuang_2024-04-20-birdnet-11_25_04_01_01.wav
12,12,Spectrogram 1,1,7.102926575,7.462475544,760.2,15095.0,8b4d3e8f975cdc3bf7f5,liangzhuang_2024-04-20-birdnet-11_25_04_01_01,12.525208333333332,0.3595489690000004,True,audio/analysis_clips/liangzhuang_2024-04-20-birdnet-11_25_04_01_01.wav
13,13,Spectrogram 1,1,7.576210422,7.785335843,1194.6,14334.8,7294ab56d5fd14a479bd,liangzhuang_2024-04-20-birdnet-11_25_04_01_01,12.525208333333332,0.2091254210000004,True,audio/analysis_clips/liangzhuang_2024-04-20-birdnet-11_25_04_01_01.wav
14,14,Spectrogram 1,1,7.880726386,8.14855368,1086.0,15095.0,304b398690e1d590df08,liangzhuang_2024-04-20-birdnet-11_25_04_01_01,12.525208333333332,0.267827293999999,True,audio/analysis_clips/liangzhuang_2024-04-20-birdnet-11_25_04_01_01.wav
15,15,Spectrogram 1,1,8.394367771,8.599824325,3149.3,13791.9,185237bc222cbb527ad7,liangzhuang_2024-04-20-birdnet-11_25_04_01_01,12.525208333333332,0.2054565539999995,True,audio/analysis_clips/liangzhuang_2024-04-20-birdnet-11_25_04_01_01.wav
16,16,Spectrogram 1,1,8.713559205,8.926353493,868.8,14877.8,bc2a77a45e677df9c50f,liangzhuang_2024-04-20-birdnet-11_25_04_01_01,12.525208333333332,0.2127942880000013,True,audio/analysis_clips/liangzhuang_2024-04-20-birdnet-11_25_04_01_01.wav
17,17,Spectrogram 1,1,9.073108174,9.238207191,543.0,13031.7,2730fa13a90da2685cca,liangzhuang_2024-04-20-birdnet-11_25_04_01_01,12.525208333333332,0.165099017000001,True,audio/analysis_clips/liangzhuang_2024-04-20-birdnet-11_25_04_01_01.wav
18,18,Spectrogram 1,1,9.39963734,9.828894783,760.2,16072.4,ae5f48c7c2616d9b19fc,liangzhuang_2024-04-20-birdnet-11_25_04_01_01,12.525208333333332,0.4292574430000009,True,audio/analysis_clips/liangzhuang_2024-04-20-birdnet-11_25_04_01_01.wav
19,19,Spectrogram 1,1,9.909609858,10.159092816,977.4,15638.0,92b7c7f87f2dfaefc7e5,liangzhuang_2024-04-20-birdnet-11_25_04_01_01,12.525208333333332,0.2494829579999997,True,audio/analysis_clips/liangzhuang_2024-04-20-birdnet-11_25_04_01_01.wav
20,20,Spectrogram 1,1,10.423251242,10.705754004,1086.0,14443.4,0ae0ab52209d4177d99b,liangzhuang_2024-04-20-birdnet-11_25_04_01_01,12.525208333333332,0.282502762,True,audio/analysis_clips/liangzhuang_2024-04-20-birdnet-11_25_04_01_01.wav
21,21,Spectrogram 1,1,10.903872824,11.234070857,1303.2,15963.8,f63748bd99147f928c66,liangzhuang_2024-04-20-birdnet-11_25_04_01_01,12.525208333333332,0.3301980330000003,True,audio/analysis_clips/liangzhuang_2024-04-20-birdnet-11_25_04_01_01.wav
22,22,Spectrogram 1,1,11.340468001,11.476216081,1194.6,14769.2,46911008551bd40c3047,liangzhuang_2024-04-20-birdnet-11_25_04_01_01,12.525208333333332,0.1357480800000008,True,audio/analysis_clips/liangzhuang_2024-04-20-birdnet-11_25_04_01_01.wav
23,23,Spectrogram 1,1,11.718361305,11.942162194,1194.6,14443.4,fcc57f19f807229dc379,liangzhuang_2024-04-20-birdnet-11_25_04_01_01,12.525208333333332,0.2238008889999996,True,audio/analysis_clips/liangzhuang_2024-04-20-birdnet-11_25_04_01_01.wav
24,24,Spectrogram 1,1,12.121936679,12.389763972,1411.8,14443.4,032280a7352a438be922,liangzhuang_2024-04-20-birdnet-11_25_04_01_01,12.525208333333332,0.2678272930000016,True,audio/analysis_clips/liangzhuang_2024-04-20-birdnet-11_25_04_01_01.wav
1,1,Spectrogram 1,1,0.293086268,0.635941901,1209.3,15534.9,1c0a5bbe66fdb4555262,liangzhuang_2024-04-20-birdnet-11_25_34_01,13.349270833333334,0.342855633,True,audio/analysis_clips/liangzhuang_2024-04-20-birdnet-11_25_34_01.wav
2,2,Spectrogram 1,1,1.103220951,1.316123239,1023.3,15348.8,ac75a1d42215a1729cf0,liangzhuang_2024-04-20-birdnet-11_25_34_01,13.349270833333334,0.212902288,True,audio/analysis_clips/liangzhuang_2024-04-20-birdnet-11_25_34_01.wav
3,3,Spectrogram 1,1,1.871881162,2.043308979,465.1,14232.6,b4c0f9ebbdecf69ed548,liangzhuang_2024-04-20-birdnet-11_25_34_01,13.349270833333334,0.1714278169999998,True,audio/analysis_clips/liangzhuang_2024-04-20-birdnet-11_25_34_01.wav
4,4,Spectrogram 1,1,2.082018486,2.339160211,558.1,14604.7,7ddb3c8ead581487df63,liangzhuang_2024-04-20-birdnet-11_25_34_01,13.349270833333334,0.2571417249999999,True,audio/analysis_clips/liangzhuang_2024-04-20-birdnet-11_25_34_01.wav
5,5,Spectrogram 1,1,2.95021743,3.279248239,1488.4,15720.9,679b54b58112fa0b03b9,liangzhuang_2024-04-20-birdnet-11_25_34_01,13.349270833333334,0.3290308090000002,True,audio/analysis_clips/liangzhuang_2024-04-20-birdnet-11_25_34_01.wav
6,6,Spectrogram 1,1,3.370492077,3.693992958,1023.3,13767.4,868491c8a5418c89ac95,liangzhuang_2024-04-20-birdnet-11_25_34_01,13.349270833333334,0.3235008809999997,True,audio/analysis_clips/liangzhuang_2024-04-20-birdnet-11_25_34_01.wav
7,7,Spectrogram 1,1,3.98984419,4.233161092,1116.3,15255.8,f772ca31e435c9cbc617,liangzhuang_2024-04-20-birdnet-11_25_34_01,13.349270833333334,0.2433169019999996,True,audio/analysis_clips/liangzhuang_2024-04-20-birdnet-11_25_34_01.wav
8,8,Spectrogram 1,1,4.650670775,4.794448944,1023.3,14046.5,aa106b56749da9f0809c,liangzhuang_2024-04-20-birdnet-11_25_34_01,13.349270833333334,0.1437781689999999,True,audio/analysis_clips/liangzhuang_2024-04-20-birdnet-11_25_34_01.wav
9,9,Spectrogram 1,1,4.896752641,5.234078345,837.2,14790.7,cf10024df67894ae360d,liangzhuang_2024-04-20-birdnet-11_25_34_01,13.349270833333334,0.3373257040000004,True,audio/analysis_clips/liangzhuang_2024-04-20-birdnet-11_25_34_01.wav
10,10,Spectrogram 1,1,5.355736796,5.646058094,930.2,15162.8,824310ad10fbf9e24652,liangzhuang_2024-04-20-birdnet-11_25_34_01,13.349270833333334,0.2903212979999994,True,audio/analysis_clips/liangzhuang_2024-04-20-birdnet-11_25_34_01.wav
11,11,Spectrogram 1,1,6.616560735,7.061720066,744.2,16186.0,598357c4c89a143c2f06,liangzhuang_2024-04-20-birdnet-11_25_34_01,13.349270833333334,0.4451593310000001,True,audio/analysis_clips/liangzhuang_2024-04-20-birdnet-11_25_34_01.wav
12,12,Spectrogram 1,1,9.663551932,10.006407566,1116.3,15348.8,327acd53277f9cd70ba3,liangzhuang_2024-04-20-birdnet-11_25_34_01,13.349270833333334,0.3428556339999993,True,audio/analysis_clips/liangzhuang_2024-04-20-birdnet-11_25_34_01.wav
13,13,Spectrogram 1,1,6.116102108,6.48660739,1023.3,14139.5,7996ce5df8fc6f8e5be3,liangzhuang_2024-04-20-birdnet-11_25_34_01,13.349270833333334,0.3705052819999999,True,audio/analysis_clips/liangzhuang_2024-04-20-birdnet-11_25_34_01.wav
14,14,Spectrogram 1,1,7.177848587,7.440520242,1023.3,15534.9,37daff3831bf005f1f45,liangzhuang_2024-04-20-birdnet-11_25_34_01,13.349270833333334,0.2626716550000001,True,audio/analysis_clips/liangzhuang_2024-04-20-birdnet-11_25_34_01.wav
15,15,Spectrogram 1,1,5.673707742,5.95573415,1023.3,16372.1,23aadac389a1bd9636d5,liangzhuang_2024-04-20-birdnet-11_25_34_01,13.349270833333334,0.2820264079999992,True,audio/analysis_clips/liangzhuang_2024-04-20-birdnet-11_25_34_01.wav
16,16,Spectrogram 1,1,9.1713882,9.492124115,744.2,16651.2,c068120827ddc300f18a,liangzhuang_2024-04-20-birdnet-11_25_34_01,13.349270833333334,0.3207359149999984,True,audio/analysis_clips/liangzhuang_2024-04-20-birdnet-11_25_34_01.wav
17,17,Spectrogram 1,1,8.850652284,9.011020242,837.2,10604.7,f322c373c8f744cea77f,liangzhuang_2024-04-20-birdnet-11_25_34_01,13.349270833333334,0.1603679580000001,True,audio/analysis_clips/liangzhuang_2024-04-20-birdnet-11_25_34_01.wav
18,18,Spectrogram 1,1,10.252489432,10.575990312,186.0,14511.6,6befb1aed572a1196b93,liangzhuang_2024-04-20-birdnet-11_25_34_01,13.349270833333334,0.3235008799999992,True,audio/analysis_clips/liangzhuang_2024-04-20-birdnet-11_25_34_01.wav
19,19,Spectrogram 1,1,10.114241193,10.219309855,1302.3,13953.5,d7a96cca52ea0318450b,liangzhuang_2024-04-20-birdnet-11_25_34_01,13.349270833333334,0.1050686620000007,True,audio/analysis_clips/liangzhuang_2024-04-20-birdnet-11_25_34_01.wav
20,20,Spectrogram 1,1,10.816542249,11.093038728,1023.3,15348.8,e25d43de61c66d51e446,liangzhuang_2024-04-20-birdnet-11_25_34_01,13.349270833333334,0.2764964790000004,True,audio/analysis_clips/liangzhuang_2024-04-20-birdnet-11_25_34_01.wav
21,21,Spectrogram 1,1,11.377830101,11.659856509,837.2,14976.7,aebaa78940cd7417145a,liangzhuang_2024-04-20-birdnet-11_25_34_01,13.349270833333334,0.2820264080000001,True,audio/analysis_clips/liangzhuang_2024-04-20-birdnet-11_25_34_01.wav
22,22,Spectrogram 1,1,12.392572174,12.757547526,1302.3,15627.9,ebf4e5b0b5b6b9f5e616,liangzhuang_2024-04-20-birdnet-11_25_34_01,13.349270833333334,0.3649753520000001,True,audio/analysis_clips/liangzhuang_2024-04-20-birdnet-11_25_34_01.wav
23,23,Spectrogram 1,1,11.997182209,12.273678688,1395.3,13860.5,52ef1f174b4b0c63a7d0,liangzhuang_2024-04-20-birdnet-11_25_34_01,13.349270833333334,0.2764964790000004,True,audio/analysis_clips/liangzhuang_2024-04-20-birdnet-11_25_34_01.wav
1,1,Spectrogram 1,1,0.259014913,0.588670257,1023.3,15162.8,cd4e5d47946e6723e5d5,liangzhuang_2024-04-20-birdnet-11_25_34_02,9.4736875,0.3296553439999999,True,audio/analysis_clips/liangzhuang_2024-04-20-birdnet-11_25_34_02.wav
2,2,Spectrogram 1,1,1.028210715,1.373563933,1209.3,14418.6,6ef5a433d20bb4278e37,liangzhuang_2024-04-20-birdnet-11_25_34_02,9.4736875,0.3453532180000001,True,audio/analysis_clips/liangzhuang_2024-04-20-birdnet-11_25_34_02.wav
3,3,Spectrogram 1,1,0.663235156,0.835911765,1209.3,13302.3,988778eefd7595cfdaff,liangzhuang_2024-04-20-birdnet-11_25_34_02,9.4736875,0.1726766089999999,True,audio/analysis_clips/liangzhuang_2024-04-20-birdnet-11_25_34_02.wav
4,4,Spectrogram 1,1,2.103463798,2.355990455,1209.3,15162.8,bef9634e539c4e1f0878,liangzhuang_2024-04-20-birdnet-11_25_34_02,9.4736875,0.2525266570000002,True,audio/analysis_clips/liangzhuang_2024-04-20-birdnet-11_25_34_02.wav
5,5,Spectrogram 1,1,2.466991183,2.76391813,1023.3,14511.6,68e900b4085e2f5ee8b7,liangzhuang_2024-04-20-birdnet-11_25_34_02,9.4736875,0.2969269469999998,True,audio/analysis_clips/liangzhuang_2024-04-20-birdnet-11_25_34_02.wav
6,6,Spectrogram 1,1,2.819418495,3.182945879,744.2,12837.2,50dbc4610c0df26bb987,liangzhuang_2024-04-20-birdnet-11_25_34_02,9.4736875,0.3635273840000002,True,audio/analysis_clips/liangzhuang_2024-04-20-birdnet-11_25_34_02.wav
7,7,Spectrogram 1,1,3.41327239,3.868375375,1674.4,16465.1,2dc102da5b3ea98eb4e7,liangzhuang_2024-04-20-birdnet-11_25_34_02,9.4736875,0.4551029849999999,True,audio/analysis_clips/liangzhuang_2024-04-20-birdnet-11_25_34_02.wav
8,8,Spectrogram 1,1,4.403953889,4.645380472,1023.3,15441.9,45c4c9792914c87c5f42,liangzhuang_2024-04-20-birdnet-11_25_34_02,9.4736875,0.2414265829999999,True,audio/analysis_clips/liangzhuang_2024-04-20-birdnet-11_25_34_02.wav
9,9,Spectrogram 1,1,4.770256291,5.031108003,1209.3,14697.7,a8e0729b360d86015acb,liangzhuang_2024-04-20-birdnet-11_25_34_02,9.4736875,0.260851712,True,audio/analysis_clips/liangzhuang_2024-04-20-birdnet-11_25_34_02.wav
10,10,Spectrogram 1,1,5.361335169,5.583336625,1395.3,15907.0,929a7abd83a73746da38,liangzhuang_2024-04-20-birdnet-11_25_34_02,9.4736875,0.2220014560000001,True,audio/analysis_clips/liangzhuang_2024-04-20-birdnet-11_25_34_02.wav
11,11,Spectrogram 1,1,6.426942159,6.593443251,1023.3,12744.2,5ba7d86f0bfc78885ed1,liangzhuang_2024-04-20-birdnet-11_25_34_02,9.4736875,0.1665010919999998,True,audio/analysis_clips/liangzhuang_2024-04-20-birdnet-11_25_34_02.wav
12,12,Spectrogram 1,1,6.843194891,7.104046602,1116.3,14976.7,331cc0487f2e49f0cf2c,liangzhuang_2024-04-20-birdnet-11_25_34_02,9.4736875,0.2608517110000008,True,audio/analysis_clips/liangzhuang_2024-04-20-birdnet-11_25_34_02.wav
13,13,Spectrogram 1,1,7.456473914,7.753400862,744.2,15627.9,23ec24fae8a8181b97d9,liangzhuang_2024-04-20-birdnet-11_25_34_02,9.4736875,0.2969269480000003,True,audio/analysis_clips/liangzhuang_2024-04-20-birdnet-11_25_34_02.wav
14,14,Spectrogram 1,1,7.911576899,8.227928975,1209.3,13581.4,28c5528b65ef050ff80b,liangzhuang_2024-04-20-birdnet-11_25_34_02,9.4736875,0.3163520759999993,True,audio/analysis_clips/liangzhuang_2024-04-20-birdnet-11_25_34_02.wav
15,15,Spectrogram 1,1,8.524855922,8.663606833,744.2,13395.3,3cebbefb2d3cc034a8ff,liangzhuang_2024-04-20-birdnet-11_25_34_02,9.4736875,0.1387509109999989,True,audio/analysis_clips/liangzhuang_2024-04-20-birdnet-11_25_34_02.wav
16,16,Spectrogram 1,1,8.838432979,8.968858835,1302.3,14976.7,a6d3499cdb7c6554b29e,liangzhuang_2024-04-20-birdnet-11_25_34_02,9.4736875,0.1304258560000004,True,audio/analysis_clips/liangzhuang_2024-04-20-birdnet-11_25_34_02.wav
17,17,Spectrogram 1,1,9.027134217,9.279660874,1116.3,15255.8,552988068d6f5030902b,liangzhuang_2024-04-20-birdnet-11_25_34_02,9.4736875,0.2525266569999989,True,audio/analysis_clips/liangzhuang_2024-04-20-birdnet-11_25_34_02.wav
1,1,Waveform 1,1,0.057362797,0.176044446,716.4,15522.4,e0c77a75fbfba53630ef,liangzhuang_2024-04-20-birdnet-11_26_04__bout_007_01,2.3875,0.118681649,True,audio/analysis_clips/liangzhuang_2024-04-20-birdnet-11_26_04__bout_007_01.wav
3,2,Waveform 1,1,0.249231462,0.508353062,358.2,16477.6,8665d3d3e00134fe1af8,liangzhuang_2024-04-20-birdnet-11_26_04__bout_007_01,2.3875,0.2591215999999999,True,audio/analysis_clips/liangzhuang_2024-04-20-birdnet-11_26_04__bout_007_01.wav
5,3,Waveform 1,1,0.613188518,0.931650942,238.8,17194.0,cd8a631661adb26b16f1,liangzhuang_2024-04-20-birdnet-11_26_04__bout_007_01,2.3875,0.318462424,True,audio/analysis_clips/liangzhuang_2024-04-20-birdnet-11_26_04__bout_007_01.wav
7,4,Waveform 1,1,1.034508371,1.180882405,0.0,14209.0,b76d8db5bc0a854aaaf1,liangzhuang_2024-04-20-birdnet-11_26_04__bout_007_01,2.3875,0.1463740339999999,True,audio/analysis_clips/liangzhuang_2024-04-20-birdnet-11_26_04__bout_007_01.wav
9,5,Waveform 1,1,1.305498136,1.546817488,716.4,15761.2,1b7daac62b13ea52c62e,liangzhuang_2024-04-20-birdnet-11_26_04__bout_007_01,2.3875,0.2413193520000001,True,audio/analysis_clips/liangzhuang_2024-04-20-birdnet-11_26_04__bout_007_01.wav
11,7,Waveform 1,1,1.548795516,2.001763808,0.0,17671.6,ea33f7f79d1bc68d3f7b,liangzhuang_2024-04-20-birdnet-11_26_04__bout_007_01,2.3875,0.4529682920000002,True,audio/analysis_clips/liangzhuang_2024-04-20-birdnet-11_26_04__bout_007_01.wav
13,10,Waveform 1,1,2.104621237,2.33011637,477.6,16119.4,f33c873d86bc130248e8,liangzhuang_2024-04-20-birdnet-11_26_04__bout_007_01,2.3875,0.2254951329999999,True,audio/analysis_clips/liangzhuang_2024-04-20-birdnet-11_26_04__bout_007_01.wav
1,1,Waveform 1,1,0.059437793,0.304181649,1432.8,16238.8,a839ea6ab5ee2022a9f6,liangzhuang_2024-04-20-birdnet-11_26_34_01,4.220104166666666,0.2447438559999999,True,audio/analysis_clips/liangzhuang_2024-04-20-birdnet-11_26_34_01.wav
3,2,Waveform 1,1,0.580392571,0.912544946,1313.4,16597.0,af6044f0e8e6abace9c6,liangzhuang_2024-04-20-birdnet-11_26_34_01,4.220104166666666,0.332152375,True,audio/analysis_clips/liangzhuang_2024-04-20-birdnet-11_26_34_01.wav
5,3,Waveform 1,1,1.188755869,1.496433858,1194.0,16716.4,c46c7aa6d94a77e2cce8,liangzhuang_2024-04-20-birdnet-11_26_34_01,4.220104166666666,0.3076779890000001,True,audio/analysis_clips/liangzhuang_2024-04-20-birdnet-11_26_34_01.wav
7,4,Waveform 1,1,1.660761875,1.835578915,716.4,15522.4,1f55fe1632dbc765402f,liangzhuang_2024-04-20-birdnet-11_26_34_01,4.220104166666666,0.1748170399999999,True,audio/analysis_clips/liangzhuang_2024-04-20-birdnet-11_26_34_01.wav
9,5,Waveform 1,1,2.020884977,2.160738608,1074.6,15880.6,022e66f98fa87663e0f5,liangzhuang_2024-04-20-birdnet-11_26_34_01,4.220104166666666,0.1398536309999998,True,audio/analysis_clips/liangzhuang_2024-04-20-birdnet-11_26_34_01.wav
11,6,Waveform 1,1,2.412475145,2.622255592,1432.8,16000.0,6cb7e6e6f44a99a5e699,liangzhuang_2024-04-20-birdnet-11_26_34_01,4.220104166666666,0.2097804469999999,True,audio/analysis_clips/liangzhuang_2024-04-20-birdnet-11_26_34_01.wav
13,7,Waveform 1,1,2.87748847,3.391450566,716.4,15403.0,da818dd2cf47b7b08726,liangzhuang_2024-04-20-birdnet-11_26_34_01,4.220104166666666,0.5139620960000002,True,audio/analysis_clips/liangzhuang_2024-04-20-birdnet-11_26_34_01.wav
15,8,Waveform 1,1,3.615216377,3.835485846,1074.6,15880.6,19d416fe66dfd2e82867,liangzhuang_2024-04-20-birdnet-11_26_34_01,4.220104166666666,0.2202694690000002,True,audio/analysis_clips/liangzhuang_2024-04-20-birdnet-11_26_34_01.wav
1,1,Waveform 1,1,0.289002727,0.672878815,811.6,15188.4,9742d72ee4d75c5ed2e3,liangzhuang_2024-04-20-birdnet-12_12_34__bout_018,8.507979166666667,0.383876088,True,audio/analysis_clips/liangzhuang_2024-04-20-birdnet-12_12_34__bout_018.wav
3,2,Waveform 1,1,2.093400757,2.720854943,1043.5,15304.3,d406498c4da69dd58940,liangzhuang_2024-04-20-birdnet-12_12_34__bout_018,8.507979166666667,0.627454186,True,audio/analysis_clips/liangzhuang_2024-04-20-birdnet-12_12_34__bout_018.wav
5,3,Waveform 1,1,2.79839226,3.235420775,927.5,15188.4,1c383cf82842544dff6c,liangzhuang_2024-04-20-birdnet-12_12_34__bout_018,8.507979166666667,0.4370285150000002,True,audio/analysis_clips/liangzhuang_2024-04-20-birdnet-12_12_34__bout_018.wav
7,5,Waveform 1,1,1.560081992,1.874092106,579.7,15188.4,0c66492213d9213cfd9c,liangzhuang_2024-04-20-birdnet-12_12_34__bout_018,8.507979166666667,0.314010114,True,audio/analysis_clips/liangzhuang_2024-04-20-birdnet-12_12_34__bout_018.wav
9,6,Waveform 1,1,3.254739748,3.633545599,1159.4,14144.9,d194b88cf51186a22025,liangzhuang_2024-04-20-birdnet-12_12_34__bout_018,8.507979166666667,0.3788058510000001,True,audio/analysis_clips/liangzhuang_2024-04-20-birdnet-12_12_34__bout_018.wav
11,7,Waveform 1,1,3.708309912,3.902697125,927.5,11942.0,a40141982965344923ca,liangzhuang_2024-04-20-birdnet-12_12_34__bout_018,8.507979166666667,0.1943872130000001,True,audio/analysis_clips/liangzhuang_2024-04-20-birdnet-12_12_34__bout_018.wav
13,8,Waveform 1,1,4.166864363,4.81482174,927.5,15188.4,446735465e657374708b,liangzhuang_2024-04-20-birdnet-12_12_34__bout_018,8.507979166666667,0.647957377,True,audio/analysis_clips/liangzhuang_2024-04-20-birdnet-12_12_34__bout_018.wav
15,9,Waveform 1,1,4.944413216,5.566997738,1391.3,15420.3,e5e013235f989b9f62a6,liangzhuang_2024-04-20-birdnet-12_12_34__bout_018,8.507979166666667,0.6225845220000004,True,audio/analysis_clips/liangzhuang_2024-04-20-birdnet-12_12_34__bout_018.wav
17,12,Waveform 1,1,6.444683756,7.122546858,927.5,15072.5,320cd0de58d77f366fac,liangzhuang_2024-04-20-birdnet-12_12_34__bout_018,8.507979166666667,0.6778631019999999,True,audio/analysis_clips/liangzhuang_2024-04-20-birdnet-12_12_34__bout_018.wav
19,13,Waveform 1,1,5.786757804,6.11572078,927.5,15072.5,460bc560d2d4351e3191,liangzhuang_2024-04-20-birdnet-12_12_34__bout_018,8.507979166666667,0.3289629760000006,True,audio/analysis_clips/liangzhuang_2024-04-20-birdnet-12_12_34__bout_018.wav
21,14,Waveform 1,1,6.265249405,6.439699468,1159.4,12637.7,b86d14b75fa9ef905fa2,liangzhuang_2024-04-20-birdnet-12_12_34__bout_018,8.507979166666667,0.1744500630000001,True,audio/analysis_clips/liangzhuang_2024-04-20-birdnet-12_12_34__bout_018.wav
23,15,Waveform 1,1,7.202295458,7.486399847,927.5,16927.5,5b82a982545c4f60dee6,liangzhuang_2024-04-20-birdnet-12_12_34__bout_018,8.507979166666667,0.2841043890000003,True,audio/analysis_clips/liangzhuang_2024-04-20-birdnet-12_12_34__bout_018.wav
25,16,Waveform 1,1,7.685771347,8.214105824,695.7,14029.0,fb25f6ead23c87ee9a11,liangzhuang_2024-04-20-birdnet-12_12_34__bout_018,8.507979166666667,0.5283344770000005,True,audio/analysis_clips/liangzhuang_2024-04-20-birdnet-12_12_34__bout_018.wav
27,19,Waveform 1,1,0.847328878,1.48531768,927.5,13449.3,8792f651a00c649717b1,liangzhuang_2024-04-20-birdnet-12_12_34__bout_018,8.507979166666667,0.6379888020000001,True,audio/analysis_clips/liangzhuang_2024-04-20-birdnet-12_12_34__bout_018.wav
1,1,Waveform 1,1,1.575016225,1.992182684,835.8,16597.0,625576b5f2348ae82cba,liangzhuang_2024-04-20-birdnet-12_13_04__bout_010,5.137979166666667,0.4171664590000001,True,audio/analysis_clips/liangzhuang_2024-04-20-birdnet-12_13_04__bout_010.wav
3,2,Waveform 1,1,3.473549296,3.941797363,835.8,15522.4,c26eb7f48bd856a88cf6,liangzhuang_2024-04-20-birdnet-12_13_04__bout_010,5.137979166666667,0.4682480670000002,True,audio/analysis_clips/liangzhuang_2024-04-20-birdnet-12_13_04__bout_010.wav
5,3,Waveform 1,1,0.174528825,0.481018469,1194.0,16119.4,f16b3a2d7be28fa19f93,liangzhuang_2024-04-20-birdnet-12_13_04__bout_010,5.137979166666667,0.306489644,True,audio/analysis_clips/liangzhuang_2024-04-20-birdnet-12_13_04__bout_010.wav
7,4,Waveform 1,1,0.519329674,0.953523336,955.2,14686.6,8754e74159405a21e0c7,liangzhuang_2024-04-20-birdnet-12_13_04__bout_010,5.137979166666667,0.4341936620000001,True,audio/analysis_clips/liangzhuang_2024-04-20-birdnet-12_13_04__bout_010.wav
9,5,Waveform 1,1,1.013118545,1.570759424,1074.6,14925.4,1494effcb886881d55da,liangzhuang_2024-04-20-birdnet-12_13_04__bout_010,5.137979166666667,0.557640879,True,audio/analysis_clips/liangzhuang_2024-04-20-birdnet-12_13_04__bout_010.wav
11,6,Waveform 1,1,2.073061896,2.554080365,1194.0,15044.8,639e2bf246c4b58cd8bd,liangzhuang_2024-04-20-birdnet-12_13_04__bout_010,5.137979166666667,0.4810184689999999,True,audio/analysis_clips/liangzhuang_2024-04-20-birdnet-12_13_04__bout_010.wav
13,7,Waveform 1,1,2.639216377,3.064896437,1671.6,14686.6,0641191677f7b5bee911,liangzhuang_2024-04-20-birdnet-12_13_04__bout_010,5.137979166666667,0.4256800599999999,True,audio/analysis_clips/liangzhuang_2024-04-20-birdnet-12_13_04__bout_010.wav
15,8,Waveform 1,1,3.064896437,3.477806096,1313.4,13850.7,04671bef49e5a6aaae3e,liangzhuang_2024-04-20-birdnet-12_13_04__bout_010,5.137979166666667,0.4129096590000003,True,audio/analysis_clips/liangzhuang_2024-04-20-birdnet-12_13_04__bout_010.wav
17,9,Waveform 1,1,3.941797363,4.205719,716.4,16238.8,a97f13f506d6641ea58d,liangzhuang_2024-04-20-birdnet-12_13_04__bout_010,5.137979166666667,0.2639216370000001,True,audio/analysis_clips/liangzhuang_2024-04-20-birdnet-12_13_04__bout_010.wav
19,10,Waveform 1,1,4.248287006,4.537749448,835.8,16000.0,e93f409380df412111d7,liangzhuang_2024-04-20-birdnet-12_13_04__bout_010,5.137979166666667,0.2894624419999996,True,audio/analysis_clips/liangzhuang_2024-04-20-birdnet-12_13_04__bout_010.wav
21,11,Waveform 1,1,4.648426263,4.869779895,955.2,14686.6,51a964cd448b01c61359,liangzhuang_2024-04-20-birdnet-12_13_04__bout_010,5.137979166666667,0.2213536319999995,True,audio/analysis_clips/liangzhuang_2024-04-20-birdnet-12_13_04__bout_010.wav
1,1,Waveform 1,1,0.041820526,0.217145039,477.6,14806.0,3e62b2d56c1da052b2c8,liangzhuang_2024-04-20-birdnet-12_13_34__bout_005_01,1.9414583333333333,0.175324513,True,audio/analysis_clips/liangzhuang_2024-04-20-birdnet-12_13_34__bout_005_01.wav
3,2,Waveform 1,1,0.405337407,0.611223074,955.2,16238.8,9fbf5b521c66529c8129,liangzhuang_2024-04-20-birdnet-12_13_34__bout_005_01,1.9414583333333333,0.205885667,True,audio/analysis_clips/liangzhuang_2024-04-20-birdnet-12_13_34__bout_005_01.wav
5,3,Waveform 1,1,0.957046655,1.344690762,1194.0,17194.0,f1e559c888cf6a879a60,liangzhuang_2024-04-20-birdnet-12_13_34__bout_005_01,1.9414583333333333,0.3876441069999999,True,audio/analysis_clips/liangzhuang_2024-04-20-birdnet-12_13_34__bout_005_01.wav
7,5,Waveform 1,1,0.717382871,0.900749793,1194.0,13492.5,e466724c52c4f0568953,liangzhuang_2024-04-20-birdnet-12_13_34__bout_005_01,1.9414583333333333,0.183366922,True,audio/analysis_clips/liangzhuang_2024-04-20-birdnet-12_13_34__bout_005_01.wav
9,6,Waveform 1,1,1.417072442,1.935003573,716.4,16477.6,d03cf3f8fda0b4a67edf,liangzhuang_2024-04-20-birdnet-12_13_34__bout_005_01,1.9414583333333333,0.5179311309999999,True,audio/analysis_clips/liangzhuang_2024-04-20-birdnet-12_13_34__bout_005_01.wav
1,1,Spectrogram 1,1,0.300056839,0.753577862,945.8,14896.6,3a508de621022d3d376a,liangzhuang_2024-04-20-birdnet-12_14_04__bout_011,5.5293125,0.4535210229999999,True,audio/analysis_clips/liangzhuang_2024-04-20-birdnet-12_14_04__bout_011.wav
2,2,Spectrogram 1,1,1.230003987,1.78659797,945.8,15487.7,cf4309afec6bdb665cae,liangzhuang_2024-04-20-birdnet-12_14_04__bout_011,5.5293125,0.5565939830000002,True,audio/analysis_clips/liangzhuang_2024-04-20-birdnet-12_14_04__bout_011.wav
3,3,Spectrogram 1,1,2.598943786,2.990621033,827.6,16670.0,76df4bbe944c7036fa33,liangzhuang_2024-04-20-birdnet-12_14_04__bout_011,5.5293125,0.391677247,True,audio/analysis_clips/liangzhuang_2024-04-20-birdnet-12_14_04__bout_011.wav
4,4,Spectrogram 1,1,4.449676042,4.866548902,827.6,17379.3,c0d38f3958507d7e4b3f,liangzhuang_2024-04-20-birdnet-12_14_04__bout_011,5.5293125,0.4168728599999998,True,audio/analysis_clips/liangzhuang_2024-04-20-birdnet-12_14_04__bout_011.wav
5,5,Spectrogram 1,1,4.903197065,5.489567681,0.0,16551.7,0d14eff7c9240bc79f1d,liangzhuang_2024-04-20-birdnet-12_14_04__bout_011,5.5293125,0.586370616,True,audio/analysis_clips/liangzhuang_2024-04-20-birdnet-12_14_04__bout_011.wav
6,6,Spectrogram 1,1,0.013743061,0.249665614,1300.5,13714.3,0214671d36407956a215,liangzhuang_2024-04-20-birdnet-12_14_04__bout_011,5.5293125,0.235922553,True,audio/analysis_clips/liangzhuang_2024-04-20-birdnet-12_14_04__bout_011.wav
7,7,Spectrogram 1,1,0.790226025,1.033020108,354.7,15960.6,427c74a02d0215d5a020,liangzhuang_2024-04-20-birdnet-12_14_04__bout_011,5.5293125,0.242794083,True,audio/analysis_clips/liangzhuang_2024-04-20-birdnet-12_14_04__bout_011.wav
8,8,Spectrogram 1,1,3.451798899,3.694592982,1064.0,15960.6,672c5889e36be4e9c927,liangzhuang_2024-04-20-birdnet-12_14_04__bout_011,5.5293125,0.2427940830000001,True,audio/analysis_clips/liangzhuang_2024-04-20-birdnet-12_14_04__bout_011.wav
9,9,Spectrogram 1,1,3.012020937,3.289172673,1891.6,15842.4,7f2d38e6aa485278f808,liangzhuang_2024-04-20-birdnet-12_14_04__bout_011,5.5293125,0.277151736,True,audio/analysis_clips/liangzhuang_2024-04-20-birdnet-12_14_04__bout_011.wav
10,10,Spectrogram 1,1,3.799956452,4.065655637,1418.7,13950.7,5b7ec765a914468e2473,liangzhuang_2024-04-20-birdnet-12_14_04__bout_011,5.5293125,0.2656991849999999,True,audio/analysis_clips/liangzhuang_2024-04-20-birdnet-12_14_04__bout_011.wav
11,11,Spectrogram 1,1,4.152695026,4.347388394,1418.7,15487.7,c021bfb58d917e8faf0e,liangzhuang_2024-04-20-birdnet-12_14_04__bout_011,5.5293125,0.1946933680000002,True,audio/analysis_clips/liangzhuang_2024-04-20-birdnet-12_14_04__bout_011.wav
12,12,Spectrogram 1,1,1.882799399,2.029392053,945.8,11349.8,5a716edf14c89a7c3a88,liangzhuang_2024-04-20-birdnet-12_14_04__bout_011,5.5293125,0.146592654,True,audio/analysis_clips/liangzhuang_2024-04-20-birdnet-12_14_04__bout_011.wav
13,13,Spectrogram 1,1,2.290510218,2.476041546,2128.1,15487.7,aaee044d465e31aaa45a,liangzhuang_2024-04-20-birdnet-12_14_04__bout_011,5.5293125,0.1855313279999997,True,audio/analysis_clips/liangzhuang_2024-04-20-birdnet-12_14_04__bout_011.wav
1,1,Spectrogram 1,1,0.0,0.237738366,0.0,18088.7,3044dc5fa0b27757628e,liangzhuang_2024-04-20-birdnet-12_14_34_01,4.62825,0.237738366,True,audio/analysis_clips/liangzhuang_2024-04-20-birdnet-12_14_34_01.wav
2,2,Spectrogram 1,1,0.452469794,0.981629384,0.0,16433.5,6111bea68c792425b9db,liangzhuang_2024-04-20-birdnet-12_14_34_01,4.62825,0.52915959,True,audio/analysis_clips/liangzhuang_2024-04-20-birdnet-12_14_34_01.wav
3,5,Spectrogram 1,1,1.240457444,1.424512954,472.9,13596.1,037387f042e6aea6ecb9,liangzhuang_2024-04-20-birdnet-12_14_34_01,4.62825,0.1840555100000001,True,audio/analysis_clips/liangzhuang_2024-04-20-birdnet-12_14_34_01.wav
4,6,Spectrogram 1,1,1.581727035,1.779203259,0.0,14187.2,5385d8e0ffc40cbbf3c6,liangzhuang_2024-04-20-birdnet-12_14_34_01,4.62825,0.1974762240000001,True,audio/analysis_clips/liangzhuang_2024-04-20-birdnet-12_14_34_01.wav
5,7,Spectrogram 1,1,1.93641734,2.120472849,0.0,15133.0,42cd2c1a353ca471057e,liangzhuang_2024-04-20-birdnet-12_14_34_01,4.62825,0.184055509,True,audio/analysis_clips/liangzhuang_2024-04-20-birdnet-12_14_34_01.wav
6,8,Spectrogram 1,1,2.177332915,2.4457472,0.0,15842.4,a76c36847881cd4a7a1e,liangzhuang_2024-04-20-birdnet-12_14_34_01,4.62825,0.268414285,True,audio/analysis_clips/liangzhuang_2024-04-20-birdnet-12_14_34_01.wav
7,9,Spectrogram 1,1,2.491761077,3.049679341,0.0,16315.3,c10b832143136649a55f,liangzhuang_2024-04-20-birdnet-12_14_34_01,4.62825,0.557918264,True,audio/analysis_clips/liangzhuang_2024-04-20-birdnet-12_14_34_01.wav
8,10,Spectrogram 1,1,3.24140383,3.481059441,0.0,15724.1,d0e431f53ab472540d04,liangzhuang_2024-04-20-birdnet-12_14_34_01,4.62825,0.2396556110000003,True,audio/analysis_clips/liangzhuang_2024-04-20-birdnet-12_14_34_01.wav
9,11,Spectrogram 1,1,3.674701175,4.132922704,0.0,19152.7,19ab0b792a4a89df33d3,liangzhuang_2024-04-20-birdnet-12_14_34_01,4.62825,0.4582215290000002,True,audio/analysis_clips/liangzhuang_2024-04-20-birdnet-12_14_34_01.wav
10,12,Spectrogram 1,1,4.223033214,4.491447498,0.0,16078.8,f55273639d2fd515c4b1,liangzhuang_2024-04-20-birdnet-12_14_34_01,4.62825,0.2684142840000003,True,audio/analysis_clips/liangzhuang_2024-04-20-birdnet-12_14_34_01.wav
1,1,Spectrogram 1,1,1.590024769,2.015400399,0.0,18798.0,79ad1d72f9380b1295d1,liangzhuang_2024-04-20-birdnet-12_14_34_02,7.081791666666667,0.4253756299999998,True,audio/analysis_clips/liangzhuang_2024-04-20-birdnet-12_14_34_02.wav
2,2,Spectrogram 1,1,0.058082812,0.232331249,0.0,16078.8,e9ceed7ea6e5d03acdbe,liangzhuang_2024-04-20-birdnet-12_14_34_02,7.081791666666667,0.1742484369999999,True,audio/analysis_clips/liangzhuang_2024-04-20-birdnet-12_14_34_02.wav
3,3,Spectrogram 1,1,0.419026003,0.777894808,0.0,20335.0,6c9dbbc7e401758c4f18,liangzhuang_2024-04-20-birdnet-12_14_34_02,7.081791666666667,0.358868805,True,audio/analysis_clips/liangzhuang_2024-04-20-birdnet-12_14_34_02.wav
4,4,Spectrogram 1,1,0.871242185,1.053788167,0.0,16315.3,dd7eae9c613ce9cfcca0,liangzhuang_2024-04-20-birdnet-12_14_34_02,7.081791666666667,0.182545982,True,audio/analysis_clips/liangzhuang_2024-04-20-birdnet-12_14_34_02.wav
5,5,Spectrogram 1,1,1.101499049,1.447921536,0.0,14187.2,a23a8c605d1d9ea27484,liangzhuang_2024-04-20-birdnet-12_14_34_02,7.081791666666667,0.3464224869999999,True,audio/analysis_clips/liangzhuang_2024-04-20-birdnet-12_14_34_02.wav
6,6,Spectrogram 1,1,2.13661774,2.395916009,0.0,18443.3,096503d4fda1450734a0,liangzhuang_2024-04-20-birdnet-12_14_34_02,7.081791666666667,0.2592982689999998,True,audio/analysis_clips/liangzhuang_2024-04-20-birdnet-12_14_34_02.wav
7,8,Spectrogram 1,1,2.642767962,2.88132237,0.0,13477.8,e496f6d9acc678903ac0,liangzhuang_2024-04-20-birdnet-12_14_34_02,7.081791666666667,0.2385544079999997,True,audio/analysis_clips/liangzhuang_2024-04-20-birdnet-12_14_34_02.wav
8,9,Spectrogram 1,1,3.294125215,3.51815892,472.9,16670.0,69dcf4ffd6958b5bd36c,liangzhuang_2024-04-20-birdnet-12_14_34_02,7.081791666666667,0.2240337049999996,True,audio/analysis_clips/liangzhuang_2024-04-20-birdnet-12_14_34_02.wav
9,11,Spectrogram 1,1,3.769159644,3.960003171,0.0,13004.9,40cfe08ce987f9b79ad0,liangzhuang_2024-04-20-birdnet-12_14_34_02,7.081791666666667,0.1908435269999997,True,audio/analysis_clips/liangzhuang_2024-04-20-birdnet-12_14_34_02.wav
10,12,Spectrogram 1,1,4.016011597,4.376954788,0.0,16788.2,15dc6d12720ba836e537,liangzhuang_2024-04-20-birdnet-12_14_34_02,7.081791666666667,0.3609431909999996,True,audio/analysis_clips/liangzhuang_2024-04-20-birdnet-12_14_34_02.wav
11,13,Spectrogram 1,1,4.500776923,5.038042937,0.0,19389.2,6652a9da36cab4decaf9,liangzhuang_2024-04-20-birdnet-12_14_34_02,7.081791666666667,0.5372660140000001,True,audio/analysis_clips/liangzhuang_2024-04-20-birdnet-12_14_34_02.wav
12,14,Spectrogram 1,1,5.168729265,5.417655604,0.0,16078.8,dd65df83679a49716318,liangzhuang_2024-04-20-birdnet-12_14_34_02,7.081791666666667,0.2489263390000005,True,audio/analysis_clips/liangzhuang_2024-04-20-birdnet-12_14_34_02.wav
13,15,Spectrogram 1,1,5.567011407,5.882318103,0.0,20453.2,0b0b9a30c4f70a7a5c4f,liangzhuang_2024-04-20-birdnet-12_14_34_02,7.081791666666667,0.3153066960000004,True,audio/analysis_clips/liangzhuang_2024-04-20-birdnet-12_14_34_02.wav
14,16,Spectrogram 1,1,6.21836866,6.475592543,0.0,18325.1,f84e3a7882409409958d,liangzhuang_2024-04-20-birdnet-12_14_34_02,7.081791666666667,0.257223883,True,audio/analysis_clips/liangzhuang_2024-04-20-birdnet-12_14_34_02.wav
15,17,Spectrogram 1,1,6.593832554,6.983817151,0.0,17379.3,6ee38916662e41de0f02,liangzhuang_2024-04-20-birdnet-12_14_34_02,7.081791666666667,0.3899845970000006,True,audio/analysis_clips/liangzhuang_2024-04-20-birdnet-12_14_34_02.wav
1,1,Spectrogram 1,1,0.058803113,0.322017046,0.0,14511.6,fd53037334f3a4748e30,liangzhuang_2024-04-20-birdnet-12_14_34_03,9.559479166666666,0.2632139329999999,True,audio/analysis_clips/liangzhuang_2024-04-20-birdnet-12_14_34_03.wav
2,2,Spectrogram 1,1,0.685081314,0.851401633,0.0,18697.7,5b9696ffe05ecbf3bd36,liangzhuang_2024-04-20-birdnet-12_14_34_03,9.559479166666666,0.166320319,True,audio/analysis_clips/liangzhuang_2024-04-20-birdnet-12_14_34_03.wav
3,3,Spectrogram 1,1,0.999901918,1.197902297,0.0,12279.1,03ede57b92fb7e5228f3,liangzhuang_2024-04-20-birdnet-12_14_34_03,9.559479166666666,0.198000379,True,audio/analysis_clips/liangzhuang_2024-04-20-birdnet-12_14_34_03.wav
4,4,Spectrogram 1,1,1.348382586,1.593903057,0.0,15907.0,9772307c6fbdc33b1778,liangzhuang_2024-04-20-birdnet-12_14_34_03,9.559479166666666,0.2455204709999998,True,audio/analysis_clips/liangzhuang_2024-04-20-birdnet-12_14_34_03.wav
5,5,Spectrogram 1,1,1.673103209,1.99188382,0.0,14511.6,c879c6c3a0fcc41f0db2,liangzhuang_2024-04-20-birdnet-12_14_34_03,9.559479166666666,0.318780611,True,audio/analysis_clips/liangzhuang_2024-04-20-birdnet-12_14_34_03.wav
6,6,Spectrogram 1,1,2.290225209,2.521885653,93.0,13953.5,a130e8e17f57f49f3edd,liangzhuang_2024-04-20-birdnet-12_14_34_03,9.559479166666666,0.231660444,True,audio/analysis_clips/liangzhuang_2024-04-20-birdnet-12_14_34_03.wav
7,7,Spectrogram 1,1,2.668405934,3.048566663,0.0,20186.0,aebf3e0c2e14be3c7bc1,liangzhuang_2024-04-20-birdnet-12_14_34_03,9.559479166666666,0.380160729,True,audio/analysis_clips/liangzhuang_2024-04-20-birdnet-12_14_34_03.wav
8,8,Spectrogram 1,1,3.109946781,3.29210713,0.0,17581.4,618e89da304ee6c40e6c,liangzhuang_2024-04-20-birdnet-12_14_34_03,9.559479166666666,0.1821603490000001,True,audio/analysis_clips/liangzhuang_2024-04-20-birdnet-12_14_34_03.wav
9,9,Spectrogram 1,1,3.397047331,3.658407832,0.0,16093.0,8d429823c166f62d25cb,liangzhuang_2024-04-20-birdnet-12_14_34_03,9.559479166666666,0.2613605009999999,True,audio/analysis_clips/liangzhuang_2024-04-20-birdnet-12_14_34_03.wav
10,10,Spectrogram 1,1,3.836608174,4.028668543,0.0,12651.2,9ee2f4f220818c9b629f,liangzhuang_2024-04-20-birdnet-12_14_34_03,9.559479166666666,0.192060369,True,audio/analysis_clips/liangzhuang_2024-04-20-birdnet-12_14_34_03.wav
11,11,Spectrogram 1,1,4.123708725,4.565249572,0.0,17116.3,30e9acbf09c1b2e8a04a,liangzhuang_2024-04-20-birdnet-12_14_34_03,9.559479166666666,0.4415408469999997,True,audio/analysis_clips/liangzhuang_2024-04-20-birdnet-12_14_34_03.wav
12,12,Spectrogram 1,1,4.634549705,4.882050179,0.0,21209.3,b6ff59a98b5e93ec816a,liangzhuang_2024-04-20-birdnet-12_14_34_03,9.559479166666666,0.2475004739999997,True,audio/analysis_clips/liangzhuang_2024-04-20-birdnet-12_14_34_03.wav
13,13,Spectrogram 1,1,5.01471043,5.192910772,0.0,15255.8,b13d63e92f57bf17c0ba,liangzhuang_2024-04-20-birdnet-12_14_34_03,9.559479166666666,0.1782003420000002,True,audio/analysis_clips/liangzhuang_2024-04-20-birdnet-12_14_34_03.wav
14,14,Spectrogram 1,1,5.422591213,5.872052075,0.0,19255.8,040f4fd66198c8b1ca76,liangzhuang_2024-04-20-birdnet-12_14_34_03,9.559479166666666,0.4494608620000004,True,audio/analysis_clips/liangzhuang_2024-04-20-birdnet-12_14_34_03.wav
15,15,Spectrogram 1,1,5.95323223,6.311612918,93.0,16558.1,94205d44421ee41e4a4a,liangzhuang_2024-04-20-birdnet-12_14_34_03,9.559479166666666,0.3583806879999995,True,audio/analysis_clips/liangzhuang_2024-04-20-birdnet-12_14_34_03.wav
16,16,Spectrogram 1,1,6.399574391,6.819335196,186.0,19255.8,7e7929669ad6e444ab92,liangzhuang_2024-04-20-birdnet-12_14_34_03,9.559479166666666,0.4197608050000001,True,audio/analysis_clips/liangzhuang_2024-04-20-birdnet-12_14_34_03.wav
17,17,Spectrogram 1,1,6.918335386,7.062875663,0.0,18511.6,a3bd0d2ec5920044cca3,liangzhuang_2024-04-20-birdnet-12_14_34_03,9.559479166666666,0.1445402769999999,True,audio/analysis_clips/liangzhuang_2024-04-20-birdnet-12_14_34_03.wav
18,18,Spectrogram 1,1,7.171775872,7.411356331,0.0,15069.8,8e17d4b0976b9b7ed4d6,liangzhuang_2024-04-20-birdnet-12_14_34_03,9.559479166666666,0.2395804589999999,True,audio/analysis_clips/liangzhuang_2024-04-20-birdnet-12_14_34_03.wav
19,19,Spectrogram 1,1,7.508376517,7.682616851,0.0,15720.9,7e93580ce9fd9f681f71,liangzhuang_2024-04-20-birdnet-12_14_34_03,9.559479166666666,0.1742403339999993,True,audio/analysis_clips/liangzhuang_2024-04-20-birdnet-12_14_34_03.wav
20,20,Spectrogram 1,1,7.938037341,8.173657793,0.0,15907.0,9b56bc1b88bb63ed7621,liangzhuang_2024-04-20-birdnet-12_14_34_03,9.559479166666666,0.235620452,True,audio/analysis_clips/liangzhuang_2024-04-20-birdnet-12_14_34_03.wav
21,21,Spectrogram 1,1,8.351858135,8.526098469,93.0,12000.0,966df686281bb9549de1,liangzhuang_2024-04-20-birdnet-12_14_34_03,9.559479166666666,0.1742403340000002,True,audio/analysis_clips/liangzhuang_2024-04-20-birdnet-12_14_34_03.wav
22,22,Spectrogram 1,1,8.577578568,8.963679308,0.0,15814.0,b2198a7daf1b66bd12fc,liangzhuang_2024-04-20-birdnet-12_14_34_03,9.559479166666666,0.3861007399999998,True,audio/analysis_clips/liangzhuang_2024-04-20-birdnet-12_14_34_03.wav
23,23,Spectrogram 1,1,9.045041745,9.401442428,0.0,13581.4,0fe11dd8cafe6cf69fd4,liangzhuang_2024-04-20-birdnet-12_14_34_03,9.559479166666666,0.3564006829999986,True,audio/analysis_clips/liangzhuang_2024-04-20-birdnet-12_14_34_03.wav
1,1,Spectrogram 1,1,0.695701118,1.028091653,1209.3,13116.3,15b38a178f1fb9ac32b7,liangzhuang_2024-04-20-birdnet-12_15_34_01,9.330145833333331,0.3323905349999999,True,audio/analysis_clips/liangzhuang_2024-04-20-birdnet-12_15_34_01.wav
2,2,Spectrogram 1,1,2.295813691,2.686179319,930.2,12186.0,0e0ef13b2e1b1f57ed60,liangzhuang_2024-04-20-birdnet-12_15_34_01,9.330145833333331,0.3903656279999996,True,audio/analysis_clips/liangzhuang_2024-04-20-birdnet-12_15_34_01.wav
3,3,Spectrogram 1,1,4.711643906,5.099725944,1302.3,12186.0,c9a02dafc4dac5e7da1f,liangzhuang_2024-04-20-birdnet-12_15_34_01,9.330145833333331,0.3880820380000003,True,audio/analysis_clips/liangzhuang_2024-04-20-birdnet-12_15_34_01.wav
4,4,Spectrogram 1,1,5.577996062,5.955146213,1023.3,12930.2,869fcd6ea158beebeab8,liangzhuang_2024-04-20-birdnet-12_15_34_01,9.330145833333331,0.3771501509999995,True,audio/analysis_clips/liangzhuang_2024-04-20-birdnet-12_15_34_01.wav
5,5,Spectrogram 1,1,6.600127631,6.908953478,1116.3,15255.8,b1a52e18440afd0106a0,liangzhuang_2024-04-20-birdnet-12_15_34_01,9.330145833333331,0.3088258469999996,True,audio/analysis_clips/liangzhuang_2024-04-20-birdnet-12_15_34_01.wav
6,6,Spectrogram 1,1,7.021005335,7.376291708,837.2,12372.1,714e3ff628f8be553b46,liangzhuang_2024-04-20-birdnet-12_15_34_01,9.330145833333331,0.3552863730000002,True,audio/analysis_clips/liangzhuang_2024-04-20-birdnet-12_15_34_01.wav
7,7,Spectrogram 1,1,7.543003006,7.8081013,1116.3,10790.7,56751bc153330a352cdd,liangzhuang_2024-04-20-birdnet-12_15_34_01,9.330145833333331,0.2650982939999995,True,audio/analysis_clips/liangzhuang_2024-04-20-birdnet-12_15_34_01.wav
8,8,Spectrogram 1,1,7.925619101,8.256308725,1302.3,13209.3,09ef38558088da80eca5,liangzhuang_2024-04-20-birdnet-12_15_34_01,9.330145833333331,0.3306896240000005,True,audio/analysis_clips/liangzhuang_2024-04-20-birdnet-12_15_34_01.wav
9,9,Spectrogram 1,1,1.418412521,1.727238369,1116.3,11162.8,145cc46b24884f09969e,liangzhuang_2024-04-20-birdnet-12_15_34_01,9.330145833333331,0.3088258479999999,True,audio/analysis_clips/liangzhuang_2024-04-20-birdnet-12_15_34_01.wav
10,10,Spectrogram 1,1,1.153314227,1.402014689,1581.4,10976.7,cde1138b2e98b31b0e5c,liangzhuang_2024-04-20-birdnet-12_15_34_01,9.330145833333331,0.2487004619999999,True,audio/analysis_clips/liangzhuang_2024-04-20-birdnet-12_15_34_01.wav
11,11,Spectrogram 1,1,1.847489142,1.989603691,1488.4,10046.5,ae6a187feac22b3e0339,liangzhuang_2024-04-20-birdnet-12_15_34_01,9.330145833333331,0.1421145489999999,True,audio/analysis_clips/liangzhuang_2024-04-20-birdnet-12_15_34_01.wav
12,12,Spectrogram 1,1,2.011467468,2.128985268,651.2,7814.0,f7530b7621fc4868e2ec,liangzhuang_2024-04-20-birdnet-12_15_34_01,9.330145833333331,0.1175177999999999,True,audio/analysis_clips/liangzhuang_2024-04-20-birdnet-12_15_34_01.wav
13,13,Spectrogram 1,1,0.393547983,0.593054946,930.2,7441.9,e5a7ee1fe1f076272c1c,liangzhuang_2024-04-20-birdnet-12_15_34_01,9.330145833333331,0.1995069629999999,True,audio/analysis_clips/liangzhuang_2024-04-20-birdnet-12_15_34_01.wav
14,14,Spectrogram 1,1,2.809495322,3.178446556,1302.3,11627.9,de3d0e48a0be009044f1,liangzhuang_2024-04-20-birdnet-12_15_34_01,9.330145833333331,0.3689512339999998,True,audio/analysis_clips/liangzhuang_2024-04-20-birdnet-12_15_34_01.wav
15,15,Spectrogram 1,1,4.315926984,4.57009339,1116.3,7627.9,33304d37a2e5f6954803,liangzhuang_2024-04-20-birdnet-12_15_34_01,9.330145833333331,0.2541664060000004,True,audio/analysis_clips/liangzhuang_2024-04-20-birdnet-12_15_34_01.wav
16,16,Spectrogram 1,1,5.182279141,5.485639044,1488.4,11814.0,af2473c202aa5b4c9b74,liangzhuang_2024-04-20-birdnet-12_15_34_01,9.330145833333331,0.3033599029999996,True,audio/analysis_clips/liangzhuang_2024-04-20-birdnet-12_15_34_01.wav
17,17,Spectrogram 1,1,6.032233465,6.278200954,1302.3,9395.3,26aef822b9ca07411980,liangzhuang_2024-04-20-birdnet-12_15_34_01,9.330145833333331,0.2459674889999998,True,audio/analysis_clips/liangzhuang_2024-04-20-birdnet-12_15_34_01.wav
18,18,Spectrogram 1,1,6.338326341,6.567895997,1395.3,12837.2,80b3324572829e1e65da,liangzhuang_2024-04-20-birdnet-12_15_34_01,9.330145833333331,0.2295696559999998,True,audio/analysis_clips/liangzhuang_2024-04-20-birdnet-12_15_34_01.wav
19,19,Spectrogram 1,1,8.330663006,8.54383483,1209.3,12744.2,419cb29c0eff4c1c77e3,liangzhuang_2024-04-20-birdnet-12_15_34_01,9.330145833333331,0.2131718239999998,True,audio/analysis_clips/liangzhuang_2024-04-20-birdnet-12_15_34_01.wav
20,20,Spectrogram 1,1,8.612159132,8.942848757,1302.3,11534.9,e35218ecdeafbb823d99,liangzhuang_2024-04-20-birdnet-12_15_34_01,9.330145833333331,0.3306896249999997,True,audio/analysis_clips/liangzhuang_2024-04-20-birdnet-12_15_34_01.wav
1,1,Spectrogram 1,1,0.341756184,0.751863604,1381.3,9340.4,a21bd7b75f9c82c75a1f,liangzhuang_2024-06-15-birdnet-12_07_44,30.0,0.4101074199999999,True,audio/analysis_clips/liangzhuang_2024-06-15-birdnet-12_07_44.wav
2,2,Spectrogram 1,1,0.869924831,1.090512913,1118.2,7498.6,4dc21d2c3d9c00732998,liangzhuang_2024-06-15-birdnet-12_07_44,30.0,0.220588082,True,audio/analysis_clips/liangzhuang_2024-06-15-birdnet-12_07_44.wav
3,3,Spectrogram 1,1,1.314207869,1.687032797,1118.2,10195.5,ca15b941ca513df597e9,liangzhuang_2024-06-15-birdnet-12_07_44,30.0,0.372824928,True,audio/analysis_clips/liangzhuang_2024-06-15-birdnet-12_07_44.wav
4,4,Spectrogram 1,1,1.795773401,2.041216478,1512.9,7959.1,d4b5c13ce9f93f53bce7,liangzhuang_2024-06-15-birdnet-12_07_44,30.0,0.245443077,True,audio/analysis_clips/liangzhuang_2024-06-15-birdnet-12_07_44.wav
5,5,Spectrogram 1,1,2.140636459,2.510354512,1118.2,9208.8,9850d3314badfd261b7a,liangzhuang_2024-06-15-birdnet-12_07_44,30.0,0.3697180530000001,True,audio/analysis_clips/liangzhuang_2024-06-15-birdnet-12_07_44.wav
6,6,Spectrogram 1,1,2.619095116,2.995026918,986.7,9800.8,6d74eb7013a5e24aae37,liangzhuang_2024-06-15-birdnet-12_07_44,30.0,0.3759318020000002,True,audio/analysis_clips/liangzhuang_2024-06-15-birdnet-12_07_44.wav
7,7,Spectrogram 1,1,3.206294377,3.37095872,1249.8,7169.7,a900a16446bdb47b0d6f,liangzhuang_2024-06-15-birdnet-12_07_44,30.0,0.1646643430000001,True,audio/analysis_clips/liangzhuang_2024-06-15-birdnet-12_07_44.wav
8,8,Spectrogram 1,1,3.927089236,4.303021038,1315.5,9011.5,6453e52a02223b4380c2,liangzhuang_2024-06-15-birdnet-12_07_44,30.0,0.3759318019999997,True,audio/analysis_clips/liangzhuang_2024-06-15-birdnet-12_07_44.wav
9,9,Spectrogram 1,1,4.461471632,4.769052198,1578.7,8156.4,d3de0e07b40a42255eca,liangzhuang_2024-06-15-birdnet-12_07_44,30.0,0.3075805659999995,True,audio/analysis_clips/liangzhuang_2024-06-15-birdnet-12_07_44.wav
10,10,Spectrogram 1,1,4.818762188,5.16673212,1052.4,9208.8,cae7946001966d47d540,liangzhuang_2024-06-15-birdnet-12_07_44,30.0,0.3479699319999998,True,audio/analysis_clips/liangzhuang_2024-06-15-birdnet-12_07_44.wav
11,11,Spectrogram 1,1,5.294113971,5.68247327,1776.0,9077.3,35b227588860248c99a2,liangzhuang_2024-06-15-birdnet-12_07_44,30.0,0.3883592990000002,True,audio/analysis_clips/liangzhuang_2024-06-15-birdnet-12_07_44.wav
12,12,Spectrogram 1,1,5.918595724,6.098794439,1184.0,6643.5,1ada6e87cd0d0c65514e,liangzhuang_2024-06-15-birdnet-12_07_44,30.0,0.1801987149999995,True,audio/analysis_clips/liangzhuang_2024-06-15-birdnet-12_07_44.wav
13,13,Spectrogram 1,1,6.350451265,6.571039347,1512.9,8024.8,0e5f30060f02a2b7dd3b,liangzhuang_2024-06-15-birdnet-12_07_44,30.0,0.2205880819999999,True,audio/analysis_clips/liangzhuang_2024-06-15-birdnet-12_07_44.wav
14,14,Spectrogram 1,1,6.707741821,7.037070507,1315.5,9866.6,2f30d268a2f3029a45ce,liangzhuang_2024-06-15-birdnet-12_07_44,30.0,0.3293286860000002,True,audio/analysis_clips/liangzhuang_2024-06-15-birdnet-12_07_44.wav
15,15,Spectrogram 1,1,7.158238613,7.419216063,1644.4,9471.9,c31edd2e3c86cd83860f,liangzhuang_2024-06-15-birdnet-12_07_44,30.0,0.2609774500000004,True,audio/analysis_clips/liangzhuang_2024-06-15-birdnet-12_07_44.wav
16,16,Spectrogram 1,1,7.764079121,7.922529715,2039.1,5854.2,45ee850ac930c3fe539f,liangzhuang_2024-06-15-birdnet-12_07_44,30.0,0.1584505939999996,True,audio/analysis_clips/liangzhuang_2024-06-15-birdnet-12_07_44.wav
17,17,Spectrogram 1,1,8.164865918,8.419629618,2039.1,7498.6,d8de40aea5f1cc6d6589,liangzhuang_2024-06-15-birdnet-12_07_44,30.0,0.2547636999999998,True,audio/analysis_clips/liangzhuang_2024-06-15-birdnet-12_07_44.wav
18,18,Spectrogram 1,1,8.503515227,8.863912657,1578.7,9406.2,217948e17eeb570cf950,liangzhuang_2024-06-15-birdnet-12_07_44,30.0,0.3603974300000008,True,audio/analysis_clips/liangzhuang_2024-06-15-birdnet-12_07_44.wav
19,19,Spectrogram 1,1,8.910515773,9.289554449,1776.0,8353.7,76327dca91798bab51b5,liangzhuang_2024-06-15-birdnet-12_07_44,30.0,0.3790386760000004,True,audio/analysis_clips/liangzhuang_2024-06-15-birdnet-12_07_44.wav
20,20,Spectrogram 1,1,9.500821908,9.662379376,1249.8,6314.6,eb1f31ea9ccdb431bd07,liangzhuang_2024-06-15-birdnet-12_07_44,30.0,0.1615574679999998,True,audio/analysis_clips/liangzhuang_2024-06-15-birdnet-12_07_44.wav
21,21,Spectrogram 1,1,10.134624285,10.299288628,1907.5,7630.2,86dc5a9bb520490fde6e,liangzhuang_2024-06-15-birdnet-12_07_44,30.0,0.1646643430000001,True,audio/analysis_clips/liangzhuang_2024-06-15-birdnet-12_07_44.wav
22,22,Spectrogram 1,1,10.435991101,10.811922903,1512.9,9208.8,1999352972b7308aec74,liangzhuang_2024-06-15-birdnet-12_07_44,30.0,0.3759318019999984,True,audio/analysis_clips/liangzhuang_2024-06-15-birdnet-12_07_44.wav
23,23,Spectrogram 1,1,10.818136652,11.253099067,855.1,9340.4,191575e638c8dc3c5b02,liangzhuang_2024-06-15-birdnet-12_07_44,30.0,0.4349624150000011,True,audio/analysis_clips/liangzhuang_2024-06-15-birdnet-12_07_44.wav
24,24,Spectrogram 1,1,11.392908415,12.017390169,1249.8,7498.6,2c3ffca4239cd45805ed,liangzhuang_2024-06-15-birdnet-12_07_44,30.0,0.6244817539999996,True,audio/analysis_clips/liangzhuang_2024-06-15-birdnet-12_07_44.wav
25,25,Spectrogram 1,1,13.601896116,13.999576038,1118.2,9143.1,98499073bca5f736550d,liangzhuang_2024-06-15-birdnet-12_07_44,30.0,0.397679922,True,audio/analysis_clips/liangzhuang_2024-06-15-birdnet-12_07_44.wav
26,26,Spectrogram 1,1,14.027537908,14.213950372,1447.1,6380.4,21d330c3ffd14b65fa14,liangzhuang_2024-06-15-birdnet-12_07_44,30.0,0.186412464,True,audio/analysis_clips/liangzhuang_2024-06-15-birdnet-12_07_44.wav
27,27,Spectrogram 1,1,14.57567969,14.839764014,1512.9,7235.5,8b972e6e090801a503c1,liangzhuang_2024-06-15-birdnet-12_07_44,30.0,0.2640843240000006,True,audio/analysis_clips/liangzhuang_2024-06-15-birdnet-12_07_44.wav
28,28,Spectrogram 1,1,14.898794627,15.274726429,1052.4,9735.1,a0ec67e5ec9673597f39,liangzhuang_2024-06-15-birdnet-12_07_44,30.0,0.3759318020000002,True,audio/analysis_clips/liangzhuang_2024-06-15-birdnet-12_07_44.wav
29,29,Spectrogram 1,1,15.343077666,15.715902593,1381.3,9406.2,85b566a36b4810dfc11e,liangzhuang_2024-06-15-birdnet-12_07_44,30.0,0.3728249269999999,True,audio/analysis_clips/liangzhuang_2024-06-15-birdnet-12_07_44.wav
30,30,Spectrogram 1,1,15.87302165,16.36080093,986.7,8879.9,b029cc4348c9be5a84fd,liangzhuang_2024-06-15-birdnet-12_07_44,30.0,0.4877792799999998,True,audio/analysis_clips/liangzhuang_2024-06-15-birdnet-12_07_44.wav
31,31,Spectrogram 1,1,16.621778379,16.985282683,1381.3,9340.4,da642502f7a78d974d2f,liangzhuang_2024-06-15-birdnet-12_07_44,30.0,0.3635043040000028,True,audio/analysis_clips/liangzhuang_2024-06-15-birdnet-12_07_44.wav
32,32,Spectrogram 1,1,17.056740794,17.376748857,1907.5,7893.3,724da8aeece146dea9b6,liangzhuang_2024-06-15-birdnet-12_07_44,30.0,0.3200080629999995,True,audio/analysis_clips/liangzhuang_2024-06-15-birdnet-12_07_44.wav
33,33,Spectrogram 1,1,17.46374134,17.821031896,1118.2,9143.1,5aaecce80518998f3357,liangzhuang_2024-06-15-birdnet-12_07_44,30.0,0.3572905560000023,True,audio/analysis_clips/liangzhuang_2024-06-15-birdnet-12_07_44.wav
34,34,Spectrogram 1,1,17.957734369,18.374055538,1315.5,9143.1,fafa5dfaa2b3f7aeb050,liangzhuang_2024-06-15-birdnet-12_07_44,30.0,0.4163211689999997,True,audio/analysis_clips/liangzhuang_2024-06-15-birdnet-12_07_44.wav
35,35,Spectrogram 1,1,18.607071118,18.880476065,1315.5,9077.3,4a0cf665f44cd3eaa96e,liangzhuang_2024-06-15-birdnet-12_07_44,30.0,0.2734049469999995,True,audio/analysis_clips/liangzhuang_2024-06-15-birdnet-12_07_44.wav
36,36,Spectrogram 1,1,19.066888529,19.303010983,1512.9,8879.9,c5954756afad27b23b5e,liangzhuang_2024-06-15-birdnet-12_07_44,30.0,0.2361224540000002,True,audio/analysis_clips/liangzhuang_2024-06-15-birdnet-12_07_44.wav
37,37,Spectrogram 1,1,19.436606582,19.806324635,1052.4,9208.8,f66ac334a25234424369,liangzhuang_2024-06-15-birdnet-12_07_44,30.0,0.3697180529999997,True,audio/analysis_clips/liangzhuang_2024-06-15-birdnet-12_07_44.wav
38,38,Spectrogram 1,1,19.949240862,20.346920785,1381.3,8353.7,ceb6e64a49422a1f9c21,liangzhuang_2024-06-15-birdnet-12_07_44,30.0,0.3976799229999983,True,audio/analysis_clips/liangzhuang_2024-06-15-birdnet-12_07_44.wav
39,39,Spectrogram 1,1,20.611005109,20.881303181,1447.1,9143.1,c74e7caf70326165d513,liangzhuang_2024-06-15-birdnet-12_07_44,30.0,0.2702980719999992,True,audio/analysis_clips/liangzhuang_2024-06-15-birdnet-12_07_44.wav
40,40,Spectrogram 1,1,21.09257064,21.232379988,1315.5,7367.1,775f9a559616ac8210b3,liangzhuang_2024-06-15-birdnet-12_07_44,30.0,0.139809348,True,audio/analysis_clips/liangzhuang_2024-06-15-birdnet-12_07_44.wav
41,41,Spectrogram 1,1,21.282089978,21.65802178,1184.0,9603.5,7a5f8e018be5f279b383,liangzhuang_2024-06-15-birdnet-12_07_44,30.0,0.3759318020000002,True,audio/analysis_clips/liangzhuang_2024-06-15-birdnet-12_07_44.wav
42,42,Spectrogram 1,1,21.779189881,22.298037905,1249.8,8945.7,4dcc95a220565ffb8ce6,liangzhuang_2024-06-15-birdnet-12_07_44,30.0,0.5188480240000004,True,audio/analysis_clips/liangzhuang_2024-06-15-birdnet-12_07_44.wav
43,43,Spectrogram 1,1,22.562122229,22.86659592,1381.3,8156.4,203febe1a9e765bcc7a2,liangzhuang_2024-06-15-birdnet-12_07_44,30.0,0.3044736910000019,True,audio/analysis_clips/liangzhuang_2024-06-15-birdnet-12_07_44.wav
44,44,Spectrogram 1,1,23.279810215,23.677490137,1381.3,8945.7,5e2d0f5fbe4af24e1a58,liangzhuang_2024-06-15-birdnet-12_07_44,30.0,0.3976799219999982,True,audio/analysis_clips/liangzhuang_2024-06-15-birdnet-12_07_44.wav
45,45,Spectrogram 1,1,23.770696369,24.016139446,1644.4,7827.5,eedce4f6a0b2d7ff9b57,liangzhuang_2024-06-15-birdnet-12_07_44,30.0,0.2454430770000009,True,audio/analysis_clips/liangzhuang_2024-06-15-birdnet-12_07_44.wav
46,46,Spectrogram 1,1,24.326826886,24.715186185,1710.2,8814.2,77775d457d86a401d85f,liangzhuang_2024-06-15-birdnet-12_07_44,30.0,0.3883592990000011,True,audio/analysis_clips/liangzhuang_2024-06-15-birdnet-12_07_44.wav
47,47,Spectrogram 1,1,24.839461161,25.143934852,1644.4,7630.2,7188a322de11cd96cce3,liangzhuang_2024-06-15-birdnet-12_07_44,30.0,0.3044736910000019,True,audio/analysis_clips/liangzhuang_2024-06-15-birdnet-12_07_44.wav
48,48,Spectrogram 1,1,25.193644842,25.662782876,1381.3,9077.3,24293d1a4455f484dd1d,liangzhuang_2024-06-15-birdnet-12_07_44,30.0,0.4691380340000002,True,audio/analysis_clips/liangzhuang_2024-06-15-birdnet-12_07_44.wav
49,49,Spectrogram 1,1,25.839874722,26.237554645,1315.5,9143.1,5a4b1364f73ad9a8d101,liangzhuang_2024-06-15-birdnet-12_07_44,30.0,0.3976799229999983,True,audio/analysis_clips/liangzhuang_2024-06-15-birdnet-12_07_44.wav
50,50,Spectrogram 1,1,26.402218988,26.697372055,1512.9,8879.9,742450615a3db364e3f9,liangzhuang_2024-06-15-birdnet-12_07_44,30.0,0.2951530669999975,True,audio/analysis_clips/liangzhuang_2024-06-15-birdnet-12_07_44.wav
51,51,Spectrogram 1,1,26.914853263,27.163403215,1118.2,7761.7,30c5a0b6064f8096e5ec,liangzhuang_2024-06-15-birdnet-12_07_44,30.0,0.2485499519999976,True,audio/analysis_clips/liangzhuang_2024-06-15-birdnet-12_07_44.wav
52,52,Spectrogram 1,1,27.321853809,27.52069377,1249.8,8485.3,fcf9bab9572dc4b058c9,liangzhuang_2024-06-15-birdnet-12_07_44,30.0,0.1988399610000009,True,audio/analysis_clips/liangzhuang_2024-06-15-birdnet-12_07_44.wav
53,53,Spectrogram 1,1,27.585938133,28.011579925,1578.7,9143.1,04e634c799d7012437ac,liangzhuang_2024-06-15-birdnet-12_07_44,30.0,0.4256417920000004,True,audio/analysis_clips/liangzhuang_2024-06-15-birdnet-12_07_44.wav
54,54,Spectrogram 1,1,28.123427403,28.431007968,1184.0,8551.1,2ac7392b4ef238cd7031,liangzhuang_2024-06-15-birdnet-12_07_44,30.0,0.3075805649999985,True,audio/analysis_clips/liangzhuang_2024-06-15-birdnet-12_07_44.wav
55,55,Spectrogram 1,1,29.086558466,29.269864055,2039.1,8551.1,38571dda1c74f46f38be,liangzhuang_2024-06-15-birdnet-12_07_44,30.0,0.1833055889999997,True,audio/analysis_clips/liangzhuang_2024-06-15-birdnet-12_07_44.wav
1,1,Spectrogram 1,1,0.237953846,0.455892882,1767.4,8790.7,68d51579d7ddabab66b1,liangzhuang_2024-07-12-birdnet-05_36_19_01,21.4736875,0.217939036,True,audio/analysis_clips/liangzhuang_2024-07-12-birdnet-05_36_19_01.wav
2,2,Spectrogram 1,1,0.64269777,0.782801436,1627.9,8744.2,df4286b39e1b652227bb,liangzhuang_2024-07-12-birdnet-05_36_19_01,21.4736875,0.140103666,True,audio/analysis_clips/liangzhuang_2024-07-12-birdnet-05_36_19_01.wav
3,3,Spectrogram 1,1,1.647885978,1.852481808,1767.4,7581.4,6dd93a5403aba9cd74b2,liangzhuang_2024-07-12-birdnet-05_36_19_01,21.4736875,0.2045958300000001,True,audio/analysis_clips/liangzhuang_2024-07-12-birdnet-05_36_19_01.wav
4,4,Spectrogram 1,1,2.272792806,2.450702223,2000.0,8511.6,c64c22480a4060bc7706,liangzhuang_2024-07-12-birdnet-05_36_19_01,21.4736875,0.1779094169999999,True,audio/analysis_clips/liangzhuang_2024-07-12-birdnet-05_36_19_01.wav
5,5,Spectrogram 1,1,2.719790217,3.082280655,1907.0,8604.7,89155306f6a4c2a063b7,liangzhuang_2024-07-12-birdnet-05_36_19_01,21.4736875,0.362490438,True,audio/analysis_clips/liangzhuang_2024-07-12-birdnet-05_36_19_01.wav
6,6,Spectrogram 1,1,3.19347404,3.400293738,2000.0,8651.2,7a2c0f6ee3ce39674661,liangzhuang_2024-07-12-birdnet-05_36_19_01,21.4736875,0.2068196979999998,True,audio/analysis_clips/liangzhuang_2024-07-12-birdnet-05_36_19_01.wav
7,7,Spectrogram 1,1,3.671605599,3.831724075,3395.3,8000.0,c4318b6af1339d272e27,liangzhuang_2024-07-12-birdnet-05_36_19_01,21.4736875,0.160118476,True,audio/analysis_clips/liangzhuang_2024-07-12-birdnet-05_36_19_01.wav
8,8,Spectrogram 1,1,4.165304232,4.320974972,1907.0,7116.3,64c3b2a387f02d2f678d,liangzhuang_2024-07-12-birdnet-05_36_19_01,21.4736875,0.1556707399999997,True,audio/analysis_clips/liangzhuang_2024-07-12-birdnet-05_36_19_01.wav
9,9,Spectrogram 1,1,4.432168358,4.656778998,1534.9,8883.7,631b20d8206f777cd4a9,liangzhuang_2024-07-12-birdnet-05_36_19_01,21.4736875,0.2246106399999998,True,audio/analysis_clips/liangzhuang_2024-07-12-birdnet-05_36_19_01.wav
10,10,Spectrogram 1,1,4.883613505,5.217193662,1860.5,8465.1,331576924e79d1d252b8,liangzhuang_2024-07-12-birdnet-05_36_19_01,21.4736875,0.3335801570000001,True,audio/analysis_clips/liangzhuang_2024-07-12-birdnet-05_36_19_01.wav
11,11,Spectrogram 1,1,5.599698913,5.802070875,2046.5,8511.6,0ec1b0178556c882b937,liangzhuang_2024-07-12-birdnet-05_36_19_01,21.4736875,0.2023719619999999,True,audio/analysis_clips/liangzhuang_2024-07-12-birdnet-05_36_19_01.wav
12,12,Spectrogram 1,1,6.142322636,6.286874037,1627.9,8325.6,f85410d175a6ee3f92b2,liangzhuang_2024-07-12-birdnet-05_36_19_01,21.4736875,0.1445514009999993,True,audio/analysis_clips/liangzhuang_2024-07-12-birdnet-05_36_19_01.wav
13,13,Spectrogram 1,1,6.558185899,6.75166239,2186.0,8697.7,901163e6f178b2f11c3a,liangzhuang_2024-07-12-birdnet-05_36_19_01,21.4736875,0.1934764910000002,True,audio/analysis_clips/liangzhuang_2024-07-12-birdnet-05_36_19_01.wav
14,14,Spectrogram 1,1,7.047436796,7.416598837,2000.0,9023.3,2bde50a990b7dcebd8d7,liangzhuang_2024-07-12-birdnet-05_36_19_01,21.4736875,0.369162041,True,audio/analysis_clips/liangzhuang_2024-07-12-birdnet-05_36_19_01.wav
15,15,Spectrogram 1,1,7.621194667,7.823566629,2000.0,8418.6,32049705b1ec8d86cc91,liangzhuang_2024-07-12-birdnet-05_36_19_01,21.4736875,0.2023719619999999,True,audio/analysis_clips/liangzhuang_2024-07-12-birdnet-05_36_19_01.wav
16,16,Spectrogram 1,1,8.103773961,8.310593659,3255.8,8418.6,4194234acf2d970035b3,liangzhuang_2024-07-12-birdnet-05_36_19_01,21.4736875,0.2068196980000003,True,audio/analysis_clips/liangzhuang_2024-07-12-birdnet-05_36_19_01.wav
17,17,Spectrogram 1,1,8.55299524,8.719785319,1627.9,8046.5,b64f8e26e50b96c735db,liangzhuang_2024-07-12-birdnet-05_36_19_01,21.4736875,0.1667900790000001,True,audio/analysis_clips/liangzhuang_2024-07-12-birdnet-05_36_19_01.wav
18,18,Spectrogram 1,1,8.833202572,9.057813211,1534.9,9069.8,bc9eb9f9e69745def0f6,liangzhuang_2024-07-12-birdnet-05_36_19_01,21.4736875,0.2246106389999997,True,audio/analysis_clips/liangzhuang_2024-07-12-birdnet-05_36_19_01.wav
19,19,Spectrogram 1,1,9.233498761,9.600436934,1767.4,8883.7,4625fb9a16dcba9268a5,liangzhuang_2024-07-12-birdnet-05_36_19_01,21.4736875,0.3669381729999994,True,audio/analysis_clips/liangzhuang_2024-07-12-birdnet-05_36_19_01.wav
20,20,Spectrogram 1,1,9.749436075,9.962927376,1814.0,8046.5,d79091c5cd46770cf125,liangzhuang_2024-07-12-birdnet-05_36_19_01,21.4736875,0.2134913009999994,True,audio/analysis_clips/liangzhuang_2024-07-12-birdnet-05_36_19_01.wav
21,21,Spectrogram 1,1,10.283164327,10.614520616,1581.4,7953.5,d99b150ed6f8bb9cd52e,liangzhuang_2024-07-12-birdnet-05_36_19_01,21.4736875,0.3313562890000003,True,audio/analysis_clips/liangzhuang_2024-07-12-birdnet-05_36_19_01.wav
22,22,Spectrogram 1,1,10.914742758,11.057070292,1488.4,8000.0,05b2915f3f344a242852,liangzhuang_2024-07-12-birdnet-05_36_19_01,21.4736875,0.1423275340000014,True,audio/analysis_clips/liangzhuang_2024-07-12-birdnet-05_36_19_01.wav
23,23,Spectrogram 1,1,11.196538783,11.483417719,1720.9,9348.8,a393c78e3f5c8661cecf,liangzhuang_2024-07-12-birdnet-05_36_19_01,21.4736875,0.2868789360000008,True,audio/analysis_clips/liangzhuang_2024-07-12-birdnet-05_36_19_01.wav
24,24,Spectrogram 1,1,11.594611105,11.948206072,1395.3,8744.2,aad771cceb229e8a2b27,liangzhuang_2024-07-12-birdnet-05_36_19_01,21.4736875,0.3535949669999993,True,audio/analysis_clips/liangzhuang_2024-07-12-birdnet-05_36_19_01.wav
25,25,Spectrogram 1,1,12.088309738,12.279562361,2093.0,8232.6,4f6d69422a16d102ea9f,liangzhuang_2024-07-12-birdnet-05_36_19_01,21.4736875,0.1912526230000004,True,audio/analysis_clips/liangzhuang_2024-07-12-birdnet-05_36_19_01.wav
26,26,Spectrogram 1,1,12.677634682,13.002319369,1720.9,7860.5,b00616037899c76f5499,liangzhuang_2024-07-12-birdnet-05_36_19_01,21.4736875,0.3246846869999995,True,audio/analysis_clips/liangzhuang_2024-07-12-birdnet-05_36_19_01.wav
27,27,Spectrogram 1,1,13.242497082,13.398167822,1674.4,7395.3,4c0a72b14f4412693f91,liangzhuang_2024-07-12-birdnet-05_36_19_01,21.4736875,0.1556707399999997,True,audio/analysis_clips/liangzhuang_2024-07-12-birdnet-05_36_19_01.wav
28,28,Spectrogram 1,1,13.584972711,13.78067307,2930.2,8744.2,ace29facdd52ee6a2326,liangzhuang_2024-07-12-birdnet-05_36_19_01,21.4736875,0.1957003589999999,True,audio/analysis_clips/liangzhuang_2024-07-12-birdnet-05_36_19_01.wav
29,29,Spectrogram 1,1,13.99416437,14.349983205,1674.4,8465.1,4e1062231d7b7732d54b,liangzhuang_2024-07-12-birdnet-05_36_19_01,21.4736875,0.3558188349999991,True,audio/analysis_clips/liangzhuang_2024-07-12-birdnet-05_36_19_01.wav
30,30,Spectrogram 1,1,14.498982342,14.679115627,2325.6,8139.5,950cbc7eee1f01f49c13,liangzhuang_2024-07-12-birdnet-05_36_19_01,21.4736875,0.1801332850000001,True,audio/analysis_clips/liangzhuang_2024-07-12-birdnet-05_36_19_01.wav
31,31,Spectrogram 1,1,14.937084286,15.26399284,2139.5,7581.4,ec22394d66b0d3be2c7b,liangzhuang_2024-07-12-birdnet-05_36_19_01,21.4736875,0.3269085540000009,True,audio/analysis_clips/liangzhuang_2024-07-12-birdnet-05_36_19_01.wav
32,32,Spectrogram 1,1,15.444126125,15.599796865,1534.9,6558.1,b80715918d4c5abdb872,liangzhuang_2024-07-12-birdnet-05_36_19_01,21.4736875,0.1556707399999997,True,audio/analysis_clips/liangzhuang_2024-07-12-birdnet-05_36_19_01.wav
33,33,Spectrogram 1,1,15.753243738,15.962287303,1720.9,8744.2,f5003cf0db64e1735645,liangzhuang_2024-07-12-birdnet-05_36_19_01,21.4736875,0.209043565,True,audio/analysis_clips/liangzhuang_2024-07-12-birdnet-05_36_19_01.wav
34,34,Spectrogram 1,1,16.142420588,16.487120084,1488.4,9116.3,9c933da99a9f77c5f66d,liangzhuang_2024-07-12-birdnet-05_36_19_01,21.4736875,0.3446994960000005,True,audio/analysis_clips/liangzhuang_2024-07-12-birdnet-05_36_19_01.wav
35,35,Spectrogram 1,1,16.785118358,16.980818717,1907.0,8279.1,e5dcf79e2da6f468d834,liangzhuang_2024-07-12-birdnet-05_36_19_01,21.4736875,0.1957003589999999,True,audio/analysis_clips/liangzhuang_2024-07-12-birdnet-05_36_19_01.wav
36,36,Spectrogram 1,1,17.212100959,17.385562641,1720.9,8511.6,f425c57c42c7c1b6c41e,liangzhuang_2024-07-12-birdnet-05_36_19_01,21.4736875,0.1734616819999992,True,audio/analysis_clips/liangzhuang_2024-07-12-birdnet-05_36_19_01.wav
37,37,Spectrogram 1,1,17.592382339,17.761396285,1767.4,8046.5,fb1fd588cd50d8580888,liangzhuang_2024-07-12-birdnet-05_36_19_01,21.4736875,0.1690139459999997,True,audio/analysis_clips/liangzhuang_2024-07-12-birdnet-05_36_19_01.wav
38,38,Spectrogram 1,1,17.954872776,18.135006061,2511.6,9116.3,ffa13ecfec54b794bd21,liangzhuang_2024-07-12-birdnet-05_36_19_01,21.4736875,0.1801332850000001,True,audio/analysis_clips/liangzhuang_2024-07-12-birdnet-05_36_19_01.wav
39,39,Spectrogram 1,1,18.401870187,18.831076657,1348.8,8279.1,a7905e21d3cea4075683,liangzhuang_2024-07-12-birdnet-05_36_19_01,21.4736875,0.4292064700000004,True,audio/analysis_clips/liangzhuang_2024-07-12-birdnet-05_36_19_01.wav
40,40,Spectrogram 1,1,19.458207356,19.680594128,1627.9,7814.0,b95860455468a5da9404,liangzhuang_2024-07-12-birdnet-05_36_19_01,21.4736875,0.2223867720000001,True,audio/analysis_clips/liangzhuang_2024-07-12-birdnet-05_36_19_01.wav
41,41,Spectrogram 1,1,19.876294487,20.098681259,3162.8,8000.0,e5fbe041e3774b245213,liangzhuang_2024-07-12-birdnet-05_36_19_01,21.4736875,0.2223867720000001,True,audio/analysis_clips/liangzhuang_2024-07-12-birdnet-05_36_19_01.wav
42,42,Spectrogram 1,1,20.276590676,20.436709151,1488.4,8697.7,69ccdb9d64dc4b46fbeb,liangzhuang_2024-07-12-birdnet-05_36_19_01,21.4736875,0.1601184749999973,True,audio/analysis_clips/liangzhuang_2024-07-12-birdnet-05_36_19_01.wav
43,43,Spectrogram 1,1,20.976156919,21.23857331,1860.5,10325.6,a7bf21cc4c8697f845a7,liangzhuang_2024-07-12-birdnet-05_36_19_01,21.4736875,0.2624163909999986,True,audio/analysis_clips/liangzhuang_2024-07-12-birdnet-05_36_19_01.wav
1,1,Spectrogram 1,1,0.28019282,0.751946036,1348.8,8930.2,51fb38b1699d024a4b6d,liangzhuang_2024-07-12-birdnet-05_38_49_01,9.760770833333334,0.471753216,True,audio/analysis_clips/liangzhuang_2024-07-12-birdnet-05_38_49_01.wav
2,2,Spectrogram 1,1,0.860592232,1.137925941,1441.9,8511.6,6d607bded9d60961c823,liangzhuang_2024-07-12-birdnet-05_38_49_01,9.760770833333334,0.277333709,True,audio/analysis_clips/liangzhuang_2024-07-12-birdnet-05_38_49_01.wav
3,3,Spectrogram 1,1,1.329486338,1.621115599,1255.8,8186.0,789b7afc377a12c05bc1,liangzhuang_2024-07-12-birdnet-05_38_49_01,9.760770833333334,0.291629261,True,audio/analysis_clips/liangzhuang_2024-07-12-birdnet-05_38_49_01.wav
4,4,Spectrogram 1,1,1.76978934,1.941335964,2139.5,7534.9,138f6e5d810fd6237f41,liangzhuang_2024-07-12-birdnet-05_38_49_01,9.760770833333334,0.1715466240000001,True,audio/analysis_clips/liangzhuang_2024-07-12-birdnet-05_38_49_01.wav
5,5,Spectrogram 1,1,2.258697219,2.538890038,1907.0,8883.7,c86159b8bfb21435c87b,liangzhuang_2024-07-12-birdnet-05_38_49_01,9.760770833333334,0.2801928189999998,True,audio/analysis_clips/liangzhuang_2024-07-12-birdnet-05_38_49_01.wav
6,6,Spectrogram 1,1,2.744745988,3.1879081,1674.4,9348.8,3b968c64d947f25e5a60,liangzhuang_2024-07-12-birdnet-05_38_49_01,9.760770833333334,0.443162112,True,audio/analysis_clips/liangzhuang_2024-07-12-birdnet-05_38_49_01.wav
7,7,Spectrogram 1,1,5.38370489,5.858317217,1581.4,8465.1,b1c3f42a9c4fa09f130e,liangzhuang_2024-07-12-birdnet-05_38_49_01,9.760770833333334,0.474612327,True,audio/analysis_clips/liangzhuang_2024-07-12-birdnet-05_38_49_01.wav
8,8,Spectrogram 1,1,4.062795884,4.31725671,1674.4,8558.1,ceedaca457bcaa170970,liangzhuang_2024-07-12-birdnet-05_38_49_01,9.760770833333334,0.2544608259999998,True,audio/analysis_clips/liangzhuang_2024-07-12-birdnet-05_38_49_01.wav
9,9,Spectrogram 1,1,4.488803334,4.666068179,1907.0,8279.1,4ee87001525d867073f0,liangzhuang_2024-07-12-birdnet-05_38_49_01,9.760770833333334,0.1772648449999998,True,audio/analysis_clips/liangzhuang_2024-07-12-birdnet-05_38_49_01.wav
10,10,Spectrogram 1,1,4.917669894,5.143539616,1627.9,8046.5,cccf114961fa9e70e5e2,liangzhuang_2024-07-12-birdnet-05_38_49_01,9.760770833333334,0.2258697219999996,True,audio/analysis_clips/liangzhuang_2024-07-12-birdnet-05_38_49_01.wav
11,11,Spectrogram 1,1,5.944090529,6.187114914,1814.0,8604.7,055f0bab653a71c02b76,liangzhuang_2024-07-12-birdnet-05_38_49_01,9.760770833333334,0.243024385,True,audio/analysis_clips/liangzhuang_2024-07-12-birdnet-05_38_49_01.wav
12,12,Spectrogram 1,1,6.352943317,6.58453126,1534.9,8976.7,8acfbdd5aef3e99ebe16,liangzhuang_2024-07-12-birdnet-05_38_49_01,9.760770833333334,0.231587943,True,audio/analysis_clips/liangzhuang_2024-07-12-birdnet-05_38_49_01.wav
13,13,Spectrogram 1,1,3.297399509,3.531846562,1674.4,8093.0,7b2359c16ddda99995b3,liangzhuang_2024-07-12-birdnet-05_38_49_01,9.760770833333334,0.2344470530000002,True,audio/analysis_clips/liangzhuang_2024-07-12-birdnet-05_38_49_01.wav
14,14,Spectrogram 1,1,6.98851104,7.165775885,1767.4,7860.5,9bbe88954d2c78021241,liangzhuang_2024-07-12-birdnet-05_38_49_01,9.760770833333334,0.1772648450000007,True,audio/analysis_clips/liangzhuang_2024-07-12-birdnet-05_38_49_01.wav
15,15,Spectrogram 1,1,7.614656219,7.871976155,1488.4,7907.0,06ddf4a9ed49f24392b9,liangzhuang_2024-07-12-birdnet-05_38_49_01,9.760770833333334,0.257319936,True,audio/analysis_clips/liangzhuang_2024-07-12-birdnet-05_38_49_01.wav
16,16,Spectrogram 1,1,8.47810756,8.96987455,1767.4,8186.0,5faaebccd3309994ed53,liangzhuang_2024-07-12-birdnet-05_38_49_01,9.760770833333334,0.4917669900000003,True,audio/analysis_clips/liangzhuang_2024-07-12-birdnet-05_38_49_01.wav
17,17,Spectrogram 1,1,9.147139395,9.427332214,1488.4,9116.3,7ee3b01c20241ec90e5a,liangzhuang_2024-07-12-birdnet-05_38_49_01,9.760770833333334,0.2801928189999998,True,audio/analysis_clips/liangzhuang_2024-07-12-birdnet-05_38_49_01.wav
1,1,Spectrogram 1,1,0.471598818,0.723508745,1381.3,8814.2,d05f97d64c66af4e91f9,liangzhuang_2024-07-12-birdnet-05_39_19_02,10.0,0.251909927,True,audio/analysis_clips/liangzhuang_2024-07-12-birdnet-05_39_19_02.wav
2,2,Spectrogram 1,1,0.910976598,1.209753489,1578.7,8419.5,abe2ea35263dc19c244d,liangzhuang_2024-07-12-birdnet-05_39_19_02,10.0,0.2987768909999999,True,audio/analysis_clips/liangzhuang_2024-07-12-birdnet-05_39_19_02.wav
3,3,Spectrogram 1,1,1.362071119,1.80730727,1578.7,8748.4,b1cfff0d51d64085e976,liangzhuang_2024-07-12-birdnet-05_39_19_02,10.0,0.4452361509999998,True,audio/analysis_clips/liangzhuang_2024-07-12-birdnet-05_39_19_02.wav
4,4,Spectrogram 1,1,1.909828752,2.199818088,1315.5,9208.8,748fac95b6e4e4d14364,liangzhuang_2024-07-12-birdnet-05_39_19_02,10.0,0.2899893359999999,True,audio/analysis_clips/liangzhuang_2024-07-12-birdnet-05_39_19_02.wav
5,5,Spectrogram 1,1,2.700708757,2.929185203,1512.9,8419.5,08b0c4a3233f8d016b78,liangzhuang_2024-07-12-birdnet-05_39_19_02,10.0,0.2284764459999997,True,audio/analysis_clips/liangzhuang_2024-07-12-birdnet-05_39_19_02.wav
6,6,Spectrogram 1,1,3.097948315,3.654493504,1907.5,8945.7,a4757f30d0db5c1f1740,liangzhuang_2024-07-12-birdnet-05_39_19_02,10.0,0.5565451889999999,True,audio/analysis_clips/liangzhuang_2024-07-12-birdnet-05_39_19_02.wav
7,7,Spectrogram 1,1,3.783377653,4.070437803,1841.8,8879.9,63402d27edb35f5da9d2,liangzhuang_2024-07-12-birdnet-05_39_19_02,10.0,0.2870601499999998,True,audio/analysis_clips/liangzhuang_2024-07-12-birdnet-05_39_19_02.wav
8,8,Spectrogram 1,1,4.281339138,4.7441504,1710.2,8814.2,e267b94d0df4c6451e0c,liangzhuang_2024-07-12-birdnet-05_39_19_02,10.0,0.4628112619999998,True,audio/analysis_clips/liangzhuang_2024-07-12-birdnet-05_39_19_02.wav
9,9,Spectrogram 1,1,5.004847883,5.271403736,1644.4,9406.2,2361d66dc9084594ec3b,liangzhuang_2024-07-12-birdnet-05_39_19_02,10.0,0.2665558529999998,True,audio/analysis_clips/liangzhuang_2024-07-12-birdnet-05_39_19_02.wav
10,10,Spectrogram 1,1,5.420792182,5.693206405,1710.2,8353.7,9a529fb1e92c3a084ceb,liangzhuang_2024-07-12-birdnet-05_39_19_02,10.0,0.2724142230000002,True,audio/analysis_clips/liangzhuang_2024-07-12-birdnet-05_39_19_02.wav
11,11,Spectrogram 1,1,6.135513371,6.375706558,1315.5,8024.8,9a136fb715d918994732,liangzhuang_2024-07-12-birdnet-05_39_19_02,10.0,0.240193187,True,audio/analysis_clips/liangzhuang_2024-07-12-birdnet-05_39_19_02.wav
12,12,Spectrogram 1,1,6.5455993,6.823871894,1578.7,8551.1,5120c55b38fc64708692,liangzhuang_2024-07-12-birdnet-05_39_19_02,10.0,0.2782725939999997,True,audio/analysis_clips/liangzhuang_2024-07-12-birdnet-05_39_19_02.wav
13,13,Spectrogram 1,1,6.952756043,7.105073673,2104.9,8551.1,b848b65c6b9fe8fcde13,liangzhuang_2024-07-12-birdnet-05_39_19_02,10.0,0.1523176299999997,True,audio/analysis_clips/liangzhuang_2024-07-12-birdnet-05_39_19_02.wav
14,14,Spectrogram 1,1,7.585460049,7.849086717,1249.8,10129.7,dc2b43162398eaa01280,liangzhuang_2024-07-12-birdnet-05_39_19_02,10.0,0.2636266679999997,True,audio/analysis_clips/liangzhuang_2024-07-12-birdnet-05_39_19_02.wav
15,15,Spectrogram 1,1,8.054129681,8.493507462,1710.2,9208.8,4f8882ce27d1633cf06e,liangzhuang_2024-07-12-birdnet-05_39_19_02,10.0,0.439377781000001,True,audio/analysis_clips/liangzhuang_2024-07-12-birdnet-05_39_19_02.wav
16,16,Spectrogram 1,1,8.777638426,9.029548354,1578.7,9208.8,0f474d53617414762aa4,liangzhuang_2024-07-12-birdnet-05_39_19_02,10.0,0.2519099279999999,True,audio/analysis_clips/liangzhuang_2024-07-12-birdnet-05_39_19_02.wav
17,17,Spectrogram 1,1,9.243378874,9.501147172,2433.8,8485.3,3e81dc2bf00f698a0987,liangzhuang_2024-07-12-birdnet-05_39_19_02,10.0,0.2577682980000002,True,audio/analysis_clips/liangzhuang_2024-07-12-birdnet-05_39_19_02.wav
1,1,Spectrogram 1,1,0.256033344,0.630042837,1381.3,8814.2,96192922aa3018e27268,liangzhuang_2024-07-12-birdnet-05_46_49_01,17.13875,0.3740094929999999,True,audio/analysis_clips/liangzhuang_2024-07-12-birdnet-05_46_49_01.wav
2,2,Spectrogram 1,1,0.888586311,1.154660179,1249.8,9406.2,a62c602b4ebdd006168d,liangzhuang_2024-07-12-birdnet-05_46_49_01,17.13875,0.266073868,True,audio/analysis_clips/liangzhuang_2024-07-12-birdnet-05_46_49_01.wav
3,3,Spectrogram 1,1,1.317818682,1.639115428,1447.1,9866.6,a7a2e036537c0033ca80,liangzhuang_2024-07-12-birdnet-05_46_49_01,17.13875,0.321296746,True,audio/analysis_clips/liangzhuang_2024-07-12-birdnet-05_46_49_01.wav
4,4,Spectrogram 1,1,1.809804324,1.990533743,1907.5,9143.1,66a7c163bbf7cee5707b,liangzhuang_2024-07-12-birdnet-05_46_49_01,17.13875,0.1807294190000001,True,audio/analysis_clips/liangzhuang_2024-07-12-birdnet-05_46_49_01.wav
5,5,Spectrogram 1,1,2.249077218,2.570373963,1249.8,10327.0,a3dffb2041eb0ceac906,liangzhuang_2024-07-12-birdnet-05_46_49_01,17.13875,0.3212967450000001,True,audio/analysis_clips/liangzhuang_2024-07-12-birdnet-05_46_49_01.wav
6,6,Spectrogram 1,1,2.789269281,3.045302625,1578.7,9274.6,eb0d4df9fd54de68d484,liangzhuang_2024-07-12-birdnet-05_46_49_01,17.13875,0.256033344,True,audio/analysis_clips/liangzhuang_2024-07-12-birdnet-05_46_49_01.wav
7,7,Spectrogram 1,1,3.221011782,3.7029569,986.7,11050.6,ca23d56eb990f14ad64c,liangzhuang_2024-07-12-birdnet-05_46_49_01,17.13875,0.481945118,True,audio/analysis_clips/liangzhuang_2024-07-12-birdnet-05_46_49_01.wav
8,8,Spectrogram 1,1,3.841014096,4.215023588,1315.5,10655.9,c1a3048215a81f6d809a,liangzhuang_2024-07-12-birdnet-05_46_49_01,17.13875,0.3740094920000003,True,audio/analysis_clips/liangzhuang_2024-07-12-birdnet-05_46_49_01.wav
9,9,Spectrogram 1,1,4.415834054,4.661826875,1381.3,9932.4,ef79467581cf4e7ed2cd,liangzhuang_2024-07-12-birdnet-05_46_49_01,17.13875,0.2459928209999997,True,audio/analysis_clips/liangzhuang_2024-07-12-birdnet-05_46_49_01.wav
10,11,Spectrogram 1,1,5.115310723,5.434947168,1118.2,9406.2,b00976c9af68dcbaa049,liangzhuang_2024-07-12-birdnet-05_46_49_01,17.13875,0.3196364449999995,True,audio/analysis_clips/liangzhuang_2024-07-12-birdnet-05_46_49_01.wav
11,12,Spectrogram 1,1,6.642320094,6.938515532,1447.1,10392.8,6e48175e6ab5d1bb90ef,liangzhuang_2024-07-12-birdnet-05_46_49_01,17.13875,0.2961954380000007,True,audio/analysis_clips/liangzhuang_2024-07-12-birdnet-05_46_49_01.wav
12,13,Spectrogram 1,1,8.494796633,8.808562986,920.9,10129.7,972b2faa9a4b8c7223a2,liangzhuang_2024-07-12-birdnet-05_46_49_01,17.13875,0.3137663530000001,True,audio/analysis_clips/liangzhuang_2024-07-12-birdnet-05_46_49_01.wav
13,14,Spectrogram 1,1,9.521440139,9.88791924,1184.0,9537.7,4000ee5575dbf62777f4,liangzhuang_2024-07-12-birdnet-05_46_49_01,17.13875,0.3664791010000012,True,audio/analysis_clips/liangzhuang_2024-07-12-birdnet-05_46_49_01.wav
14,15,Spectrogram 1,1,11.542095452,11.896023898,1184.0,11182.2,6ed0fd871aaf2b415338,liangzhuang_2024-07-12-birdnet-05_46_49_01,17.13875,0.3539284459999994,True,audio/analysis_clips/liangzhuang_2024-07-12-birdnet-05_46_49_01.wav
15,16,Spectrogram 1,1,13.005501724,13.35943017,1315.5,10195.5,739428ea1d62d8f68e97,liangzhuang_2024-07-12-birdnet-05_46_49_01,17.13875,0.3539284459999994,True,audio/analysis_clips/liangzhuang_2024-07-12-birdnet-05_46_49_01.wav
16,17,Spectrogram 1,1,14.132550463,14.443806685,1381.3,10590.2,147f17b17f8502364e6a,liangzhuang_2024-07-12-birdnet-05_46_49_01,17.13875,0.3112562220000008,True,audio/analysis_clips/liangzhuang_2024-07-12-birdnet-05_46_49_01.wav
17,18,Spectrogram 1,1,15.590936472,16.025189104,1447.1,10721.7,884969ae69f8f07ef9a7,liangzhuang_2024-07-12-birdnet-05_46_49_01,17.13875,0.4342526319999997,True,audio/analysis_clips/liangzhuang_2024-07-12-birdnet-05_46_49_01.wav
18,19,Spectrogram 1,1,5.615162653,5.780831288,1578.7,10721.7,8204a6569745e7257cb4,liangzhuang_2024-07-12-birdnet-05_46_49_01,17.13875,0.1656686350000002,True,audio/analysis_clips/liangzhuang_2024-07-12-birdnet-05_46_49_01.wav
19,20,Spectrogram 1,1,4.854257117,5.022435882,1973.3,9537.7,75c46f53da2dcfad7cf0,liangzhuang_2024-07-12-birdnet-05_46_49_01,17.13875,0.1681787649999995,True,audio/analysis_clips/liangzhuang_2024-07-12-birdnet-05_46_49_01.wav
20,21,Spectrogram 1,1,6.202197369,6.425599013,1052.4,10327.0,7c28a0d7824ef6cdca8a,liangzhuang_2024-07-12-birdnet-05_46_49_01,17.13875,0.2234016439999999,True,audio/analysis_clips/liangzhuang_2024-07-12-birdnet-05_46_49_01.wav
21,22,Spectrogram 1,1,7.158557213,7.412080426,1249.8,10458.6,caa0cc4116a890d5dd39,liangzhuang_2024-07-12-birdnet-05_46_49_01,17.13875,0.2535232130000002,True,audio/analysis_clips/liangzhuang_2024-07-12-birdnet-05_46_49_01.wav
22,23,Spectrogram 1,1,7.567708537,7.904066068,1381.3,10458.6,ceb2359ee5dc2fb84bb5,liangzhuang_2024-07-12-birdnet-05_46_49_01,17.13875,0.336357531,True,audio/analysis_clips/liangzhuang_2024-07-12-birdnet-05_46_49_01.wav
23,24,Spectrogram 1,1,8.112406926,8.345849092,1184.0,9603.5,2b17cbab8bc2fecdbf7a,liangzhuang_2024-07-12-birdnet-05_46_49_01,17.13875,0.2334421659999996,True,audio/analysis_clips/liangzhuang_2024-07-12-birdnet-05_46_49_01.wav
24,25,Spectrogram 1,1,8.993462845,9.151601087,2039.1,10195.5,3773af3b37ff5d60cd28,liangzhuang_2024-07-12-birdnet-05_46_49_01,17.13875,0.1581382419999997,True,audio/analysis_clips/liangzhuang_2024-07-12-birdnet-05_46_49_01.wav
25,26,Spectrogram 1,1,10.07281909,10.328852434,1447.1,10261.3,8c654ff7cc92759add2d,liangzhuang_2024-07-12-birdnet-05_46_49_01,17.13875,0.2560333440000004,True,audio/analysis_clips/liangzhuang_2024-07-12-birdnet-05_46_49_01.wav
26,27,Spectrogram 1,1,10.569824993,10.720432842,1315.5,8551.1,fc24d702c85c6e64af3b,liangzhuang_2024-07-12-birdnet-05_46_49_01,17.13875,0.150607849,True,audio/analysis_clips/liangzhuang_2024-07-12-birdnet-05_46_49_01.wav
27,28,Spectrogram 1,1,10.918733177,11.139624689,920.9,9800.8,6145f205c8f52eed4e19,liangzhuang_2024-07-12-birdnet-05_46_49_01,17.13875,0.2208915119999996,True,audio/analysis_clips/liangzhuang_2024-07-12-birdnet-05_46_49_01.wav
28,29,Spectrogram 1,1,12.221491074,12.462463633,1644.4,10787.5,fe44fd736919ce8c90e7,liangzhuang_2024-07-12-birdnet-05_46_49_01,17.13875,0.2409725590000011,True,audio/analysis_clips/liangzhuang_2024-07-12-birdnet-05_46_49_01.wav
29,30,Spectrogram 1,1,12.640682922,12.833962995,1776.0,10655.9,e0398c690de5072f5777,liangzhuang_2024-07-12-birdnet-05_46_49_01,17.13875,0.1932800730000003,True,audio/analysis_clips/liangzhuang_2024-07-12-birdnet-05_46_49_01.wav
30,31,Spectrogram 1,1,13.682387213,13.900768595,1512.9,10129.7,374e90d07ac6db55b6b0,liangzhuang_2024-07-12-birdnet-05_46_49_01,17.13875,0.2183813820000004,True,audio/analysis_clips/liangzhuang_2024-07-12-birdnet-05_46_49_01.wav
31,32,Spectrogram 1,1,14.623686274,14.914861449,1315.5,10392.8,8ce53bbb1e657b83d053,liangzhuang_2024-07-12-birdnet-05_46_49_01,17.13875,0.2911751749999993,True,audio/analysis_clips/liangzhuang_2024-07-12-birdnet-05_46_49_01.wav
32,33,Spectrogram 1,1,15.060449037,15.28385068,1447.1,9998.2,430054c6abb23facb804,liangzhuang_2024-07-12-birdnet-05_46_49_01,17.13875,0.2234016430000007,True,audio/analysis_clips/liangzhuang_2024-07-12-birdnet-05_46_49_01.wav
33,34,Spectrogram 1,1,16.39970268,16.595492884,1512.9,9866.6,dc3fd21a4961f1325ab0,liangzhuang_2024-07-12-birdnet-05_46_49_01,17.13875,0.1957902039999979,True,audio/analysis_clips/liangzhuang_2024-07-12-birdnet-05_46_49_01.wav
34,35,Spectrogram 1,1,16.783752696,17.012174601,1052.4,9143.1,62bcffd1cb1bf3bd0a72,liangzhuang_2024-07-12-birdnet-05_46_49_01,17.13875,0.2284219050000011,True,audio/analysis_clips/liangzhuang_2024-07-12-birdnet-05_46_49_01.wav
1,1,Spectrogram 1,1,0.615689105,0.927113246,1767.4,10976.7,ecfcfef9e6169b170222,liangzhuang_2024-07-13-birdnet-05_39_02_01,8.641145833333333,0.311424141,True,audio/analysis_clips/liangzhuang_2024-07-13-birdnet-05_39_02_01.wav
2,2,Spectrogram 1,1,0.161081452,0.318583316,465.1,7255.8,db033ba96b88429d4ea4,liangzhuang_2024-07-13-birdnet-05_39_02_01,8.641145833333333,0.157501864,True,audio/analysis_clips/liangzhuang_2024-07-13-birdnet-05_39_02_01.wav
3,3,Spectrogram 1,1,1.170525217,1.392459662,930.2,9953.5,18390ab871c97dbeea97,liangzhuang_2024-07-13-birdnet-05_39_02_01,8.641145833333333,0.221934445,True,audio/analysis_clips/liangzhuang_2024-07-13-birdnet-05_39_02_01.wav
4,4,Spectrogram 1,1,1.897181545,2.16923022,930.2,10511.6,c3276f10c481df2122c5,liangzhuang_2024-07-13-birdnet-05_39_02_01,8.641145833333333,0.2720486750000002,True,audio/analysis_clips/liangzhuang_2024-07-13-birdnet-05_39_02_01.wav
5,5,Spectrogram 1,1,2.323152496,2.605939934,1209.3,9116.3,f0b32b8e4a50a5b9ddc0,liangzhuang_2024-07-13-birdnet-05_39_02_01,8.641145833333333,0.2827874379999997,True,audio/analysis_clips/liangzhuang_2024-07-13-birdnet-05_39_02_01.wav
6,6,Spectrogram 1,1,2.741964271,3.23594739,837.2,9302.3,43a3a71dfed0f982b7ea,liangzhuang_2024-07-13-birdnet-05_39_02_01,8.641145833333333,0.4939831190000001,True,audio/analysis_clips/liangzhuang_2024-07-13-birdnet-05_39_02_01.wav
7,7,Spectrogram 1,1,3.439983896,3.615383699,4279.1,9953.5,277b198c81a1ed909ad2,liangzhuang_2024-07-13-birdnet-05_39_02_01,8.641145833333333,0.1753998029999999,True,audio/analysis_clips/liangzhuang_2024-07-13-birdnet-05_39_02_01.wav
8,8,Spectrogram 1,1,4.246413959,4.436132114,1488.4,10418.6,0cae6bb78e988ede5ee5,liangzhuang_2024-07-13-birdnet-05_39_02_01,8.641145833333333,0.1897181550000004,True,audio/analysis_clips/liangzhuang_2024-07-13-birdnet-05_39_02_01.wav
9,9,Spectrogram 1,1,4.726078728,4.912217294,1209.3,7907.0,14f3b38dd5548f6e9ba4,liangzhuang_2024-07-13-birdnet-05_39_02_01,8.641145833333333,0.1861385660000003,True,audio/analysis_clips/liangzhuang_2024-07-13-birdnet-05_39_02_01.wav
10,10,Spectrogram 1,1,5.155629266,5.302392367,1023.3,7907.0,ff336de33584a1a78ce0,liangzhuang_2024-07-13-birdnet-05_39_02_01,8.641145833333333,0.1467631010000003,True,audio/analysis_clips/liangzhuang_2024-07-13-birdnet-05_39_02_01.wav
11,11,Spectrogram 1,1,1.547404742,1.690588255,744.2,8465.1,ea0c5a2f36b0dff46b08,liangzhuang_2024-07-13-birdnet-05_39_02_01,8.641145833333333,0.1431835129999998,True,audio/analysis_clips/liangzhuang_2024-07-13-birdnet-05_39_02_01.wav
12,12,Spectrogram 1,1,5.481371758,5.728363317,2139.5,8372.1,d75ddfe55600ba10227d,liangzhuang_2024-07-13-birdnet-05_39_02_01,8.641145833333333,0.2469915590000004,True,audio/analysis_clips/liangzhuang_2024-07-13-birdnet-05_39_02_01.wav
13,13,Spectrogram 1,1,6.107799626,6.598203158,1302.3,9302.3,c78b5c2596f60d4aa1cb,liangzhuang_2024-07-13-birdnet-05_39_02_01,8.641145833333333,0.4904035319999993,True,audio/analysis_clips/liangzhuang_2024-07-13-birdnet-05_39_02_01.wav
14,14,Spectrogram 1,1,6.719909144,6.98837823,1116.3,9674.4,dfb08153afd7f04145d5,liangzhuang_2024-07-13-birdnet-05_39_02_01,8.641145833333333,0.2684690860000005,True,audio/analysis_clips/liangzhuang_2024-07-13-birdnet-05_39_02_01.wav
15,15,Spectrogram 1,1,7.271165668,7.525316404,1860.5,9116.3,898ca70d58de904025ec,liangzhuang_2024-07-13-birdnet-05_39_02_01,8.641145833333333,0.2541507359999997,True,audio/analysis_clips/liangzhuang_2024-07-13-birdnet-05_39_02_01.wav
16,16,Spectrogram 1,1,8.030038286,8.23765438,2046.5,9302.3,ca05af9f6bec0b1f5344,liangzhuang_2024-07-13-birdnet-05_39_02_01,8.641145833333333,0.2076160940000004,True,audio/analysis_clips/liangzhuang_2024-07-13-birdnet-05_39_02_01.wav
1,1,Spectrogram 1,1,0.057416227,0.222910056,1447.1,8748.4,5023599f12b00262b215,liangzhuang_2024-07-13-birdnet-05_41_32_01,16.306229166666668,0.1654938289999999,True,audio/analysis_clips/liangzhuang_2024-07-13-birdnet-05_41_32_01.wav
2,2,Spectrogram 1,1,0.587671966,0.773430346,1381.3,10129.7,0e5bf1d5a5633bac44fa,liangzhuang_2024-07-13-birdnet-05_41_32_01,16.306229166666668,0.18575838,True,audio/analysis_clips/liangzhuang_2024-07-13-birdnet-05_41_32_01.wav
3,3,Spectrogram 1,1,1.009850102,1.161834231,1315.5,7893.3,eaede85e22e23f9105ac,liangzhuang_2024-07-13-birdnet-05_41_32_01,16.306229166666668,0.1519841290000001,True,audio/analysis_clips/liangzhuang_2024-07-13-birdnet-05_41_32_01.wav
4,4,Spectrogram 1,1,1.367857161,1.617786618,1710.2,9406.2,8414242b621afc783b5b,liangzhuang_2024-07-13-birdnet-05_41_32_01,16.306229166666668,0.2499294569999999,True,audio/analysis_clips/liangzhuang_2024-07-13-birdnet-05_41_32_01.wav
5,5,Spectrogram 1,1,1.887980625,2.175061758,1249.8,8551.1,53a02c56835416456749,liangzhuang_2024-07-13-birdnet-05_41_32_01,16.306229166666668,0.287081133,True,audio/analysis_clips/liangzhuang_2024-07-13-birdnet-05_41_32_01.wav
6,6,Spectrogram 1,1,2.445255765,2.918095278,1381.3,8616.8,2b90e064c92115723bd5,liangzhuang_2024-07-13-birdnet-05_41_32_01,16.306229166666668,0.4728395129999998,True,audio/analysis_clips/liangzhuang_2024-07-13-birdnet-05_41_32_01.wav
7,7,Spectrogram 1,1,3.090343957,3.299744313,1710.2,8090.6,8e5695123aca3cf6e218,liangzhuang_2024-07-13-birdnet-05_41_32_01,16.306229166666668,0.2094003560000001,True,audio/analysis_clips/liangzhuang_2024-07-13-birdnet-05_41_32_01.wav
8,8,Spectrogram 1,1,3.620599696,3.880661428,1249.8,9208.8,948cec707520bf55e1ef,liangzhuang_2024-07-13-birdnet-05_41_32_01,16.306229166666668,0.2600617319999996,True,audio/analysis_clips/liangzhuang_2024-07-13-birdnet-05_41_32_01.wav
9,9,Spectrogram 1,1,4.204894237,4.735149976,1512.9,10853.3,feddfd738925601fd734,liangzhuang_2024-07-13-birdnet-05_41_32_01,16.306229166666668,0.5302557389999993,True,audio/analysis_clips/liangzhuang_2024-07-13-birdnet-05_41_32_01.wav
10,10,Spectrogram 1,1,5.07626991,5.305934816,1644.4,11247.9,b4deba35f02caced3975,liangzhuang_2024-07-13-birdnet-05_41_32_01,16.306229166666668,0.229664906,True,audio/analysis_clips/liangzhuang_2024-07-13-birdnet-05_41_32_01.wav
11,11,Spectrogram 1,1,5.711225827,6.052345761,1249.8,12958.1,40c37de3f811810095fb,liangzhuang_2024-07-13-birdnet-05_41_32_01,16.306229166666668,0.3411199339999999,True,audio/analysis_clips/liangzhuang_2024-07-13-birdnet-05_41_32_01.wav
12,12,Spectrogram 1,1,5.484938346,5.663941876,1315.5,6709.3,a45d7296ebad5d072f3c,liangzhuang_2024-07-13-birdnet-05_41_32_01,16.306229166666668,0.1790035300000001,True,audio/analysis_clips/liangzhuang_2024-07-13-birdnet-05_41_32_01.wav
13,13,Spectrogram 1,1,6.241481566,6.511675573,1249.8,8814.2,c7b0d45a8a9f77880c81,liangzhuang_2024-07-13-birdnet-05_41_32_01,16.306229166666668,0.2701940069999997,True,audio/analysis_clips/liangzhuang_2024-07-13-birdnet-05_41_32_01.wav
14,14,Spectrogram 1,1,6.964250535,7.16014119,1644.4,9471.9,5c8910452e600871bdb7,liangzhuang_2024-07-13-birdnet-05_41_32_01,16.306229166666668,0.1958906550000003,True,audio/analysis_clips/liangzhuang_2024-07-13-birdnet-05_41_32_01.wav
15,15,Spectrogram 1,1,7.433712623,7.649867828,1710.2,8485.3,1e5b148dff74e677d6f6,liangzhuang_2024-07-13-birdnet-05_41_32_01,16.306229166666668,0.2161552049999997,True,audio/analysis_clips/liangzhuang_2024-07-13-birdnet-05_41_32_01.wav
16,16,Spectrogram 1,1,8.018007157,8.247672064,1512.9,8814.2,ec43bd79ca895b2314e1,liangzhuang_2024-07-13-birdnet-05_41_32_01,16.306229166666668,0.229664907,True,audio/analysis_clips/liangzhuang_2024-07-13-birdnet-05_41_32_01.wav
17,17,Spectrogram 1,1,7.774832551,7.92681668,1118.2,6775.1,dc0bca15aa8ddac90989,liangzhuang_2024-07-13-birdnet-05_41_32_01,16.306229166666668,0.1519841289999997,True,audio/analysis_clips/liangzhuang_2024-07-13-birdnet-05_41_32_01.wav
18,18,Spectrogram 1,1,8.527998346,8.788060078,1841.8,10327.0,9b4bfff27341d27c3306,liangzhuang_2024-07-13-birdnet-05_41_32_01,16.306229166666668,0.2600617320000005,True,audio/analysis_clips/liangzhuang_2024-07-13-birdnet-05_41_32_01.wav
19,19,Spectrogram 1,1,9.125802587,9.581754974,1315.5,10261.3,1e9ac76c5c3b7bacdf49,liangzhuang_2024-07-13-birdnet-05_41_32_01,16.306229166666668,0.4559523869999999,True,audio/analysis_clips/liangzhuang_2024-07-13-birdnet-05_41_32_01.wav
20,20,Spectrogram 1,1,9.659435751,9.885723232,1447.1,8090.6,dd8fa8e0632fac5a2ae0,liangzhuang_2024-07-13-birdnet-05_41_32_01,16.306229166666668,0.2262874809999999,True,audio/analysis_clips/liangzhuang_2024-07-13-birdnet-05_41_32_01.wav
21,21,Spectrogram 1,1,10.122142988,10.36869502,1512.9,9735.1,1b7bf9052a7ba2b49701,liangzhuang_2024-07-13-birdnet-05_41_32_01,16.306229166666668,0.2465520320000003,True,audio/analysis_clips/liangzhuang_2024-07-13-birdnet-05_41_32_01.wav
22,22,Spectrogram 1,1,10.566519891,10.813071923,1644.4,9011.5,63ab17a29bd9791f02eb,liangzhuang_2024-07-13-birdnet-05_41_32_01,16.306229166666668,0.2465520320000003,True,audio/analysis_clips/liangzhuang_2024-07-13-birdnet-05_41_32_01.wav
23,23,Spectrogram 1,1,11.096775631,11.279156585,1710.2,9735.1,4d028e97e4466d171140,liangzhuang_2024-07-13-birdnet-05_41_32_01,16.306229166666668,0.1823809540000009,True,audio/analysis_clips/liangzhuang_2024-07-13-birdnet-05_41_32_01.wav
24,24,Spectrogram 1,1,11.45478269,11.603389394,1052.4,7104.0,781056f83d5b745540be,liangzhuang_2024-07-13-birdnet-05_41_32_01,16.306229166666668,0.1486067040000005,True,audio/analysis_clips/liangzhuang_2024-07-13-birdnet-05_41_32_01.wav
25,25,Spectrogram 1,1,11.701334722,11.995170704,1973.3,8024.8,beca80c2f147f9988504,liangzhuang_2024-07-13-birdnet-05_41_32_01,16.306229166666668,0.2938359819999991,True,audio/analysis_clips/liangzhuang_2024-07-13-birdnet-05_41_32_01.wav
26,26,Spectrogram 1,1,12.133645133,12.309271238,1644.4,8485.3,423a874d12e7867e0512,liangzhuang_2024-07-13-birdnet-05_41_32_01,16.306229166666668,0.1756261049999992,True,audio/analysis_clips/liangzhuang_2024-07-13-birdnet-05_41_32_01.wav
27,27,Spectrogram 1,1,12.528803869,12.802375301,1512.9,8945.7,bcc0c22537e824626bb3,liangzhuang_2024-07-13-birdnet-05_41_32_01,16.306229166666668,0.2735714319999989,True,audio/analysis_clips/liangzhuang_2024-07-13-birdnet-05_41_32_01.wav
28,28,Spectrogram 1,1,12.96111428,13.241440563,1381.3,8419.5,d9e902f796b2664032ae,liangzhuang_2024-07-13-birdnet-05_41_32_01,16.306229166666668,0.280326282999999,True,audio/analysis_clips/liangzhuang_2024-07-13-birdnet-05_41_32_01.wav
29,29,Spectrogram 1,1,13.410311817,13.832489953,1776.0,8222.2,47625ab66a457a4d1cd8,liangzhuang_2024-07-13-birdnet-05_41_32_01,16.306229166666668,0.4221781359999994,True,audio/analysis_clips/liangzhuang_2024-07-13-birdnet-05_41_32_01.wav
30,30,Spectrogram 1,1,14.106061385,14.278310065,1841.8,8551.1,0affe40089c620d981f6,liangzhuang_2024-07-13-birdnet-05_41_32_01,16.306229166666668,0.1722486799999991,True,audio/analysis_clips/liangzhuang_2024-07-13-birdnet-05_41_32_01.wav
31,31,Spectrogram 1,1,14.48095557,14.619429999,1512.9,6512.0,42d78c08502b6ae16560,liangzhuang_2024-07-13-birdnet-05_41_32_01,16.306229166666668,0.1384744289999986,True,audio/analysis_clips/liangzhuang_2024-07-13-birdnet-05_41_32_01.wav
32,32,Spectrogram 1,1,14.751149578,14.994324184,1776.0,8945.7,8c7f69cade57692ce903,liangzhuang_2024-07-13-birdnet-05_41_32_01,16.306229166666668,0.2431746060000001,True,audio/analysis_clips/liangzhuang_2024-07-13-birdnet-05_41_32_01.wav
33,33,Spectrogram 1,1,15.271273036,15.7913965,986.7,9603.5,ecd114caf79c1a65a6bc,liangzhuang_2024-07-13-birdnet-05_41_32_01,16.306229166666668,0.5201234639999992,True,audio/analysis_clips/liangzhuang_2024-07-13-birdnet-05_41_32_01.wav
34,34,Spectrogram 1,1,15.872454702,16.129139009,1841.8,8222.2,c05047369079ab8e9027,liangzhuang_2024-07-13-birdnet-05_41_32_01,16.306229166666668,0.2566843069999986,True,audio/analysis_clips/liangzhuang_2024-07-13-birdnet-05_41_32_01.wav
1,1,Spectrogram 1,1,0.153002326,0.331986179,1581.4,7674.4,c8370180899eadc44945,liujiaxia_2023-07-04-birdnet-15_04_45_01,13.937666666666669,0.178983853,True,audio/analysis_clips/liujiaxia_2023-07-04-birdnet-15_04_45_01.wav
2,2,Spectrogram 1,1,0.603348794,0.814087847,1023.3,7814.0,febce8f0a98f4818dad9,liujiaxia_2023-07-04-birdnet-15_04_45_01,13.937666666666669,0.210739053,True,audio/analysis_clips/liujiaxia_2023-07-04-birdnet-15_04_45_01.wav
3,3,Spectrogram 1,1,1.172055553,1.408776132,744.2,9348.8,47be5ab6ed84b953ce61,liujiaxia_2023-07-04-birdnet-15_04_45_01,13.937666666666669,0.236720579,True,audio/analysis_clips/liujiaxia_2023-07-04-birdnet-15_04_45_01.wav
4,4,Spectrogram 1,1,1.925519837,2.130485216,697.7,9534.9,67760ead57148ee31cfd,liujiaxia_2023-07-04-birdnet-15_04_45_01,13.937666666666669,0.2049653789999999,True,audio/analysis_clips/liujiaxia_2023-07-04-birdnet-15_04_45_01.wav
5,5,Spectrogram 1,1,2.352771614,2.618360557,837.2,7767.4,939604100cc595e43cd9,liujiaxia_2023-07-04-birdnet-15_04_45_01,13.937666666666669,0.265588943,True,audio/analysis_clips/liujiaxia_2023-07-04-birdnet-15_04_45_01.wav
6,6,Spectrogram 1,1,2.967667754,3.155312116,976.7,8093.0,241612080e67b572404a,liujiaxia_2023-07-04-birdnet-15_04_45_01,13.937666666666669,0.1876443620000003,True,audio/analysis_clips/liujiaxia_2023-07-04-birdnet-15_04_45_01.wav
7,7,Spectrogram 1,1,3.562356039,3.825058146,1209.3,8418.6,61e9f477ac1181686590,liujiaxia_2023-07-04-birdnet-15_04_45_01,13.937666666666669,0.2627021069999999,True,audio/analysis_clips/liujiaxia_2023-07-04-birdnet-15_04_45_01.wav
8,8,Spectrogram 1,1,3.957852618,4.171478506,930.2,9814.0,52698494b3e30126e738,liujiaxia_2023-07-04-birdnet-15_04_45_01,13.937666666666669,0.2136258879999997,True,audio/analysis_clips/liujiaxia_2023-07-04-birdnet-15_04_45_01.wav
9,9,Spectrogram 1,1,4.425520104,4.910508609,511.6,7674.4,eee29666ed25fe86cf49,liujiaxia_2023-07-04-birdnet-15_04_45_01,13.937666666666669,0.4849885049999995,True,audio/analysis_clips/liujiaxia_2023-07-04-birdnet-15_04_45_01.wav
10,10,Spectrogram 1,1,5.066397771,5.288684169,930.2,9860.5,76dfd3524226b6a0031f,liujiaxia_2023-07-04-birdnet-15_04_45_01,13.937666666666669,0.2222863979999996,True,audio/analysis_clips/liujiaxia_2023-07-04-birdnet-15_04_45_01.wav
11,11,Spectrogram 1,1,5.513857403,5.767899001,930.2,8930.2,fe62080fcc4b7204d3f1,liujiaxia_2023-07-04-birdnet-15_04_45_01,13.937666666666669,0.2540415979999997,True,audio/analysis_clips/liujiaxia_2023-07-04-birdnet-15_04_45_01.wav
12,12,Spectrogram 1,1,6.134527215,6.388568813,837.2,9581.4,0449141547c7193f81e8,liujiaxia_2023-07-04-birdnet-15_04_45_01,13.937666666666669,0.2540415979999997,True,audio/analysis_clips/liujiaxia_2023-07-04-birdnet-15_04_45_01.wav
13,13,Spectrogram 1,1,6.566319086,7.045533918,558.1,8418.6,9725fd7ed6a78c0254cb,liujiaxia_2023-07-04-birdnet-15_04_45_01,13.937666666666669,0.4792148320000002,True,audio/analysis_clips/liujiaxia_2023-07-04-birdnet-15_04_45_01.wav
14,14,Spectrogram 1,1,7.20142308,7.400614787,651.2,9720.9,5b2e8b7dc7c0e25e7b1d,liujiaxia_2023-07-04-birdnet-15_04_45_01,13.937666666666669,0.1991917070000006,True,audio/analysis_clips/liujiaxia_2023-07-04-birdnet-15_04_45_01.wav
15,15,Spectrogram 1,1,7.588259149,8.113663362,790.7,8372.1,9ee00b2bd06dfa7eb17f,liujiaxia_2023-07-04-birdnet-15_04_45_01,13.937666666666669,0.5254042130000007,True,audio/analysis_clips/liujiaxia_2023-07-04-birdnet-15_04_45_01.wav
16,17,Spectrogram 1,1,8.246457834,8.445649541,976.7,9255.8,d4939f78dffdce2a5309,liujiaxia_2023-07-04-birdnet-15_04_45_01,13.937666666666669,0.1991917070000006,True,audio/analysis_clips/liujiaxia_2023-07-04-birdnet-15_04_45_01.wav
17,18,Spectrogram 1,1,8.607312376,9.118282408,604.7,7907.0,2de44697ce31050cf987,liujiaxia_2023-07-04-birdnet-15_04_45_01,13.937666666666669,0.5109700320000012,True,audio/analysis_clips/liujiaxia_2023-07-04-birdnet-15_04_45_01.wav
18,19,Spectrogram 1,1,9.256850552,9.473363277,883.7,8465.1,f5a91b55983ad016ac28,liujiaxia_2023-07-04-birdnet-15_04_45_01,13.937666666666669,0.2165127250000011,True,audio/analysis_clips/liujiaxia_2023-07-04-birdnet-15_04_45_01.wav
19,20,Spectrogram 1,1,9.7732596,10.304437486,837.2,8418.6,e84d6aac34c2746b0d6d,liujiaxia_2023-07-04-birdnet-15_04_45_01,13.937666666666669,0.531177886,True,audio/analysis_clips/liujiaxia_2023-07-04-birdnet-15_04_45_01.wav
20,21,Spectrogram 1,1,10.385268903,10.590234283,837.2,8325.6,a319f44d1b79a2f0bd64,liujiaxia_2023-07-04-birdnet-15_04_45_01,13.937666666666669,0.2049653799999991,True,audio/analysis_clips/liujiaxia_2023-07-04-birdnet-15_04_45_01.wav
21,22,Spectrogram 1,1,10.818294354,11.173375223,651.2,8976.7,9c5bb127ce2598fdfd7d,liujiaxia_2023-07-04-birdnet-15_04_45_01,13.937666666666669,0.355080869,True,audio/analysis_clips/liujiaxia_2023-07-04-birdnet-15_04_45_01.wav
22,23,Spectrogram 1,1,11.294622349,11.55443762,744.2,8325.6,8b14b6a33488a66343cd,liujiaxia_2023-07-04-birdnet-15_04_45_01,13.937666666666669,0.259815270999999,True,audio/analysis_clips/liujiaxia_2023-07-04-birdnet-15_04_45_01.wav
23,24,Spectrogram 1,1,11.923952671,12.146239069,1023.3,9814.0,e02cccab9ca0746f85b9,liujiaxia_2023-07-04-birdnet-15_04_45_01,13.937666666666669,0.2222863979999996,True,audio/analysis_clips/liujiaxia_2023-07-04-birdnet-15_04_45_01.wav
24,25,Spectrogram 1,1,12.489772593,12.706285318,651.2,9209.3,4ed73d7f77379be8692f,liujiaxia_2023-07-04-birdnet-15_04_45_01,13.937666666666669,0.2165127250000011,True,audio/analysis_clips/liujiaxia_2023-07-04-birdnet-15_04_45_01.wav
25,26,Spectrogram 1,1,12.963213752,13.168179132,1209.3,8465.1,20c60fe2d3511e466a9b,liujiaxia_2023-07-04-birdnet-15_04_45_01,13.937666666666669,0.2049653800000008,True,audio/analysis_clips/liujiaxia_2023-07-04-birdnet-15_04_45_01.wav
26,27,Spectrogram 1,1,13.373144512,13.693583345,697.7,8232.6,52e6e55a44b8f68fa0c6,liujiaxia_2023-07-04-birdnet-15_04_45_01,13.937666666666669,0.3204388330000007,True,audio/analysis_clips/liujiaxia_2023-07-04-birdnet-15_04_45_01.wav
1,1,Spectrogram 1,1,0.176668652,0.522939209,1023.3,15441.9,c78647cd78ce01389aa7,liujiaxia_2024-05-02-birdnet-01_11_18_01,5.686395833333333,0.346270557,True,audio/analysis_clips/liujiaxia_2024-05-02-birdnet-01_11_18_01.wav
2,2,Spectrogram 1,1,0.777342067,1.180146593,651.2,15441.9,eef1fc8c61eca02dbdfb,liujiaxia_2024-05-02-birdnet-01_11_18_01,5.686395833333333,0.4028045259999999,True,audio/analysis_clips/liujiaxia_2024-05-02-birdnet-01_11_18_01.wav
3,4,Spectrogram 1,1,4.042178749,4.470894677,837.2,17209.3,911853c4f5572914818e,liujiaxia_2024-05-02-birdnet-01_11_18_01,5.686395833333333,0.4287159280000008,True,audio/analysis_clips/liujiaxia_2024-05-02-birdnet-01_11_18_01.wav
4,7,Spectrogram 1,1,2.405049244,2.765453293,279.1,15627.9,eb30dfd962473e6b91b3,liujiaxia_2024-05-02-birdnet-01_11_18_01,5.686395833333333,0.360404049,True,audio/analysis_clips/liujiaxia_2024-05-02-birdnet-01_11_18_01.wav
5,8,Spectrogram 1,1,5.005611796,5.377793755,930.2,14139.5,b9ef19662aa06a48ccbf,liujiaxia_2024-05-02-birdnet-01_11_18_01,5.686395833333333,0.3721819589999997,True,audio/analysis_clips/liujiaxia_2024-05-02-birdnet-01_11_18_01.wav
6,9,Spectrogram 1,1,1.651262997,1.853843051,465.1,11162.8,76719d8dc95955e01c2b,liujiaxia_2024-05-02-birdnet-01_11_18_01,5.686395833333333,0.202580054,True,audio/analysis_clips/liujiaxia_2024-05-02-birdnet-01_11_18_01.wav
7,10,Spectrogram 1,1,1.260236382,1.359170826,1023.3,13860.5,adc484ac6f90a3aaf9ee,liujiaxia_2024-05-02-birdnet-01_11_18_01,5.686395833333333,0.0989344439999999,True,audio/analysis_clips/liujiaxia_2024-05-02-birdnet-01_11_18_01.wav
8,11,Spectrogram 1,1,1.408638049,1.56175088,1023.3,12279.1,b0b8bff695825495b1f5,liujiaxia_2024-05-02-birdnet-01_11_18_01,5.686395833333333,0.153112831,True,audio/analysis_clips/liujiaxia_2024-05-02-birdnet-01_11_18_01.wav
9,12,Spectrogram 1,1,2.15535755,2.310825963,0.0,12186.0,dbf85ce7f0ce80e17c6a,liujiaxia_2024-05-02-birdnet-01_11_18_01,5.686395833333333,0.1554684129999999,True,audio/analysis_clips/liujiaxia_2024-05-02-birdnet-01_11_18_01.wav
10,13,Spectrogram 1,1,3.721819594,3.929110812,93.0,9860.5,fb7023ea7ea311201298,liujiaxia_2024-05-02-birdnet-01_11_18_01,5.686395833333333,0.2072912179999999,True,audio/analysis_clips/liujiaxia_2024-05-02-birdnet-01_11_18_01.wav
11,14,Spectrogram 1,1,4.605162852,4.701741715,558.1,14232.6,375ca59093a15a94f630,liujiaxia_2024-05-02-birdnet-01_11_18_01,5.686395833333333,0.0965788629999995,True,audio/analysis_clips/liujiaxia_2024-05-02-birdnet-01_11_18_01.wav
12,15,Spectrogram 1,1,4.713519625,4.861921292,93.0,12093.0,1173eb7d967e29308377,liujiaxia_2024-05-02-birdnet-01_11_18_01,5.686395833333333,0.1484016669999999,True,audio/analysis_clips/liujiaxia_2024-05-02-birdnet-01_11_18_01.wav
1,1,Spectrogram 1,1,0.237264331,0.540435421,1116.3,9581.4,bdfb412caf5ded7bce42,liujiaxia_2024-06-26-birdnet-09_09_36,30.0,0.30317109,True,audio/analysis_clips/liujiaxia_2024-06-26-birdnet-09_09_36.wav
2,2,Spectrogram 1,1,0.58437326,0.918300837,837.2,9023.3,e022a984af51f7055938,liujiaxia_2024-06-26-birdnet-09_09_36,30.0,0.333927577,True,audio/analysis_clips/liujiaxia_2024-06-26-birdnet-09_09_36.wav
3,3,Spectrogram 1,1,1.036933002,1.401617066,744.2,10046.5,6f0fed465bc50b25a27b,liujiaxia_2024-06-26-birdnet-09_09_36,30.0,0.364684064,True,audio/analysis_clips/liujiaxia_2024-06-26-birdnet-09_09_36.wav
4,5,Spectrogram 1,1,1.603731126,1.876145728,1581.4,9488.4,2478bc16e6c2fed5a549,liujiaxia_2024-06-26-birdnet-09_09_36,30.0,0.272414602,True,audio/analysis_clips/liujiaxia_2024-06-26-birdnet-09_09_36.wav
5,6,Spectrogram 1,1,2.016746813,2.333099255,1674.4,9209.3,38db5eba3e3938a8e962,liujiaxia_2024-06-26-birdnet-09_09_36,30.0,0.3163524419999999,True,audio/analysis_clips/liujiaxia_2024-06-26-birdnet-09_09_36.wav
6,7,Spectrogram 1,1,2.486881692,2.768083862,1302.3,8558.1,1d3017e18a916246173d,liujiaxia_2024-06-26-birdnet-09_09_36,30.0,0.2812021700000002,True,audio/analysis_clips/liujiaxia_2024-06-26-birdnet-09_09_36.wav
7,8,Spectrogram 1,1,3.022923328,3.365638473,1023.3,9116.3,1b1c58ce8de37a5e9a1d,liujiaxia_2024-06-26-birdnet-09_09_36,30.0,0.3427151450000001,True,audio/analysis_clips/liujiaxia_2024-06-26-birdnet-09_09_36.wav
8,9,Spectrogram 1,1,3.444726583,3.826985783,1302.3,8930.2,c251f97fd1a67058d318,liujiaxia_2024-06-26-birdnet-09_09_36,30.0,0.3822592,True,audio/analysis_clips/liujiaxia_2024-06-26-birdnet-09_09_36.wav
9,10,Spectrogram 1,1,4.068643898,4.446509314,1209.3,10232.6,eb189e19ad109c16f077,liujiaxia_2024-06-26-birdnet-09_09_36,30.0,0.3778654159999997,True,audio/analysis_clips/liujiaxia_2024-06-26-birdnet-09_09_36.wav
10,11,Spectrogram 1,1,4.573929047,4.855131218,1302.3,9395.3,85839fbb019fdc84a73a,liujiaxia_2024-06-26-birdnet-09_09_36,30.0,0.2812021710000003,True,audio/analysis_clips/liujiaxia_2024-06-26-birdnet-09_09_36.wav
11,12,Spectrogram 1,1,5.011388401,5.281686473,1023.3,11069.8,9a9c06058aff09526057,liujiaxia_2024-06-26-birdnet-09_09_36,30.0,0.2702980720000001,True,audio/analysis_clips/liujiaxia_2024-06-26-birdnet-09_09_36.wav
12,13,Spectrogram 1,1,5.486740183,5.909275101,1302.3,10046.5,39422e8fa6b90a377ffb,liujiaxia_2024-06-26-birdnet-09_09_36,30.0,0.4225349180000002,True,audio/analysis_clips/liujiaxia_2024-06-26-birdnet-09_09_36.wav
13,14,Spectrogram 1,1,5.980733212,6.319382521,1023.3,9395.3,e437c8c47c471907525d,liujiaxia_2024-06-26-birdnet-09_09_36,30.0,0.338649309,True,audio/analysis_clips/liujiaxia_2024-06-26-birdnet-09_09_36.wav
14,15,Spectrogram 1,1,6.471619367,6.71395557,1116.3,9674.4,44833d3b03d22077f80e,liujiaxia_2024-06-26-birdnet-09_09_36,30.0,0.2423362030000007,True,audio/analysis_clips/liujiaxia_2024-06-26-birdnet-09_09_36.wav
15,16,Spectrogram 1,1,6.828909922,7.17377298,1116.3,11069.8,575a11987687989c36bf,liujiaxia_2024-06-26-birdnet-09_09_36,30.0,0.3448630579999996,True,audio/analysis_clips/liujiaxia_2024-06-26-birdnet-09_09_36.wav
16,17,Spectrogram 1,1,7.270086092,7.555918536,1674.4,10325.6,58d75895e7848cda838f,liujiaxia_2024-06-26-birdnet-09_09_36,30.0,0.2858324440000004,True,audio/analysis_clips/liujiaxia_2024-06-26-birdnet-09_09_36.wav
17,18,Spectrogram 1,1,7.767185995,8.140010922,1116.3,9674.4,26f58dfabba6fd8671fc,liujiaxia_2024-06-26-birdnet-09_09_36,30.0,0.3728249269999999,True,audio/analysis_clips/liujiaxia_2024-06-26-birdnet-09_09_36.wav
18,22,Spectrogram 1,1,8.183507164,8.553225217,1116.3,10511.6,e0aa488ad152db4ff6a5,liujiaxia_2024-06-26-birdnet-09_09_36,30.0,0.3697180529999997,True,audio/analysis_clips/liujiaxia_2024-06-26-birdnet-09_09_36.wav
19,23,Spectrogram 1,1,8.851485159,9.134210729,1488.4,13209.3,636b84fc2a464a37d25d,liujiaxia_2024-06-26-birdnet-09_09_36,30.0,0.2827255700000002,True,audio/analysis_clips/liujiaxia_2024-06-26-birdnet-09_09_36.wav
20,24,Spectrogram 1,1,9.401401927,9.665486251,1674.4,10046.5,522661005ccf2f04afb3,liujiaxia_2024-06-26-birdnet-09_09_36,30.0,0.2640843240000006,True,audio/analysis_clips/liujiaxia_2024-06-26-birdnet-09_09_36.wav
21,25,Spectrogram 1,1,11.203389077,11.551359009,1302.3,10604.7,18dedcd98506b1eda194,liujiaxia_2024-06-26-birdnet-09_09_36,30.0,0.3479699319999998,True,audio/analysis_clips/liujiaxia_2024-06-26-birdnet-09_09_36.wav
22,26,Spectrogram 1,1,11.635244618,11.942825183,1767.4,12000.0,4a33d1de7583bd6d768b,liujiaxia_2024-06-26-birdnet-09_09_36,30.0,0.3075805650000003,True,audio/analysis_clips/liujiaxia_2024-06-26-birdnet-09_09_36.wav
23,27,Spectrogram 1,1,12.62633755,12.890421874,1953.5,10604.7,35a96d9997e83567588e,liujiaxia_2024-06-26-birdnet-09_09_36,30.0,0.2640843239999988,True,audio/analysis_clips/liujiaxia_2024-06-26-birdnet-09_09_36.wav
24,28,Spectrogram 1,1,13.129651208,13.480728014,1023.3,11255.8,9b7467cc7586a587ffe7,liujiaxia_2024-06-26-birdnet-09_09_36,30.0,0.351076806,True,audio/analysis_clips/liujiaxia_2024-06-26-birdnet-09_09_36.wav
25,29,Spectrogram 1,1,13.583254869,13.881514811,1581.4,11441.9,ecd8dab738d2aa917a07,liujiaxia_2024-06-26-birdnet-09_09_36,30.0,0.2982599420000014,True,audio/analysis_clips/liujiaxia_2024-06-26-birdnet-09_09_36.wav
26,30,Spectrogram 1,1,14.356866594,14.630271541,1395.3,11720.9,49683d9214304f5601e7,liujiaxia_2024-06-26-birdnet-09_09_36,30.0,0.2734049470000013,True,audio/analysis_clips/liujiaxia_2024-06-26-birdnet-09_09_36.wav
27,31,Spectrogram 1,1,15.105623323,15.385242019,1023.3,10697.7,8e82e0f95479849a7300,liujiaxia_2024-06-26-birdnet-09_09_36,30.0,0.279618696,True,audio/analysis_clips/liujiaxia_2024-06-26-birdnet-09_09_36.wav
28,32,Spectrogram 1,1,16.991496082,17.277328526,1674.4,11162.8,8240f2233743b529b29b,liujiaxia_2024-06-26-birdnet-09_09_36,30.0,0.2858324440000004,True,audio/analysis_clips/liujiaxia_2024-06-26-birdnet-09_09_36.wav
29,33,Spectrogram 1,1,16.239632478,16.516144299,1302.3,11069.8,ea638a41650b1eec37a4,liujiaxia_2024-06-26-birdnet-09_09_36,30.0,0.2765118209999997,True,audio/analysis_clips/liujiaxia_2024-06-26-birdnet-09_09_36.wav
30,34,Spectrogram 1,1,17.606657212,17.935985898,744.2,10790.7,f6dd535589ff6230c428,liujiaxia_2024-06-26-birdnet-09_09_36,30.0,0.3293286860000002,True,audio/analysis_clips/liujiaxia_2024-06-26-birdnet-09_09_36.wav
31,35,Spectrogram 1,1,18.231138966,18.504543912,1488.4,10790.7,bd21e685474f1e36846b,liujiaxia_2024-06-26-birdnet-09_09_36,30.0,0.2734049459999994,True,audio/analysis_clips/liujiaxia_2024-06-26-birdnet-09_09_36.wav
32,36,Spectrogram 1,1,18.774841985,19.141453164,1395.3,11162.8,1dbe67ea1da5dac67b60,liujiaxia_2024-06-26-birdnet-09_09_36,30.0,0.366611179000003,True,audio/analysis_clips/liujiaxia_2024-06-26-birdnet-09_09_36.wav
33,37,Spectrogram 1,1,15.558783616,15.875684804,1395.3,12186.0,778c33b9cf6cd78288a7,liujiaxia_2024-06-26-birdnet-09_09_36,30.0,0.316901188000001,True,audio/analysis_clips/liujiaxia_2024-06-26-birdnet-09_09_36.wav
34,38,Spectrogram 1,1,19.215574785,19.510727852,1395.3,12093.0,14f8ce942869c2a59f1d,liujiaxia_2024-06-26-birdnet-09_09_36,30.0,0.2951530669999975,True,audio/analysis_clips/liujiaxia_2024-06-26-birdnet-09_09_36.wav
35,39,Spectrogram 1,1,19.681605944,19.942583393,1395.3,10232.6,ef5fc94a811aa0c27d21,liujiaxia_2024-06-26-birdnet-09_09_36,30.0,0.2609774489999985,True,audio/analysis_clips/liujiaxia_2024-06-26-birdnet-09_09_36.wav
36,40,Spectrogram 1,1,20.128995857,20.427255799,1395.3,12651.2,bb6b36b54b3a4f1f2d51,liujiaxia_2024-06-26-birdnet-09_09_36,30.0,0.2982599420000014,True,audio/analysis_clips/liujiaxia_2024-06-26-birdnet-09_09_36.wav
37,41,Spectrogram 1,1,20.616775137,20.9367832,1116.3,10697.7,f8d02b040e627c555ac9,liujiaxia_2024-06-26-birdnet-09_09_36,30.0,0.3200080629999995,True,audio/analysis_clips/liujiaxia_2024-06-26-birdnet-09_09_36.wav
38,42,Spectrogram 1,1,21.163585031,21.53019621,1302.3,11069.8,229f59a4bb150a8b9dd9,liujiaxia_2024-06-26-birdnet-09_09_36,30.0,0.3666111789999995,True,audio/analysis_clips/liujiaxia_2024-06-26-birdnet-09_09_36.wav
39,43,Spectrogram 1,1,21.663791809,22.045937359,1395.3,10325.6,4a3aa53d86cfa6220c00,liujiaxia_2024-06-26-birdnet-09_09_36,30.0,0.3821455500000006,True,audio/analysis_clips/liujiaxia_2024-06-26-birdnet-09_09_36.wav
40,44,Spectrogram 1,1,22.123609219,22.440510408,1209.3,10418.6,10f6b7ed184cc112cf5d,liujiaxia_2024-06-26-birdnet-09_09_36,30.0,0.3169011890000028,True,audio/analysis_clips/liujiaxia_2024-06-26-birdnet-09_09_36.wav
41,45,Spectrogram 1,1,22.605174751,22.887900321,1674.4,11162.8,dfbfd21f8af7806048a4,liujiaxia_2024-06-26-birdnet-09_09_36,30.0,0.2827255700000002,True,audio/analysis_clips/liujiaxia_2024-06-26-birdnet-09_09_36.wav
42,46,Spectrogram 1,1,23.117809026,23.434710214,1395.3,10883.7,b1b7da2630648bc43f90,liujiaxia_2024-06-26-birdnet-09_09_36,30.0,0.3169011879999992,True,audio/analysis_clips/liujiaxia_2024-06-26-birdnet-09_09_36.wav
43,47,Spectrogram 1,1,23.602481432,23.863458881,1116.3,10883.7,e68d48bfb4a91ee818c6,liujiaxia_2024-06-26-birdnet-09_09_36,30.0,0.2609774489999985,True,audio/analysis_clips/liujiaxia_2024-06-26-birdnet-09_09_36.wav
44,48,Spectrogram 1,1,24.04987135,24.264245683,837.2,9674.4,b61da4048a98d346b16b,liujiaxia_2024-06-26-birdnet-09_09_36,30.0,0.2143743329999985,True,audio/analysis_clips/liujiaxia_2024-06-26-birdnet-09_09_36.wav
45,49,Spectrogram 1,1,24.512795635,24.752024964,1302.3,10697.7,49171f2f18d6000557ab,liujiaxia_2024-06-26-birdnet-09_09_36,30.0,0.2392293290000005,True,audio/analysis_clips/liujiaxia_2024-06-26-birdnet-09_09_36.wav
46,50,Spectrogram 1,1,25.177666756,25.416896084,1767.4,11162.8,48d1c8197109bb8de30b,liujiaxia_2024-06-26-birdnet-09_09_36,30.0,0.2392293280000004,True,audio/analysis_clips/liujiaxia_2024-06-26-birdnet-09_09_36.wav
47,51,Spectrogram 1,1,25.656125413,25.898461616,1581.4,11162.8,76e75d24c1558af94e02,liujiaxia_2024-06-26-birdnet-09_09_36,30.0,0.2423362029999971,True,audio/analysis_clips/liujiaxia_2024-06-26-birdnet-09_09_36.wav
48,52,Spectrogram 1,1,26.115942823,26.407989017,1395.3,11627.9,65f1cb7e92956f8cb987,liujiaxia_2024-06-26-birdnet-09_09_36,30.0,0.2920461939999974,True,audio/analysis_clips/liujiaxia_2024-06-26-birdnet-09_09_36.wav
49,53,Spectrogram 1,1,26.634790847,26.852272055,837.2,9395.3,5a7d04629cc384eae9f9,liujiaxia_2024-06-26-birdnet-09_09_36,30.0,0.2174812079999988,True,audio/analysis_clips/liujiaxia_2024-06-26-birdnet-09_09_36.wav
50,54,Spectrogram 1,1,26.970333282,27.246845103,1209.3,10046.5,5e9fe7252431929d309f,liujiaxia_2024-06-26-birdnet-09_09_36,30.0,0.2765118209999997,True,audio/analysis_clips/liujiaxia_2024-06-26-birdnet-09_09_36.wav
51,55,Spectrogram 1,1,27.405295698,27.709769388,1116.3,13209.3,5bf0e75ad07e45eaa8c1,liujiaxia_2024-06-26-birdnet-09_09_36,30.0,0.3044736900000018,True,audio/analysis_clips/liujiaxia_2024-06-26-birdnet-09_09_36.wav
52,56,Spectrogram 1,1,28.023563702,28.321823644,837.2,10790.7,28fa9f5e4d18acee8782,liujiaxia_2024-06-26-birdnet-09_09_36,30.0,0.2982599419999978,True,audio/analysis_clips/liujiaxia_2024-06-26-birdnet-09_09_36.wav
53,57,Spectrogram 1,1,28.613869838,28.930771026,1116.3,11814.0,99ca25ef36be740ec158,liujiaxia_2024-06-26-birdnet-09_09_36,30.0,0.3169011879999992,True,audio/analysis_clips/liujiaxia_2024-06-26-birdnet-09_09_36.wav
54,58,Spectrogram 1,1,29.101649118,29.334664698,1023.3,10139.5,60bb42849604e5c1cb7e,liujiaxia_2024-06-26-birdnet-09_09_36,30.0,0.23301558,True,audio/analysis_clips/liujiaxia_2024-06-26-birdnet-09_09_36.wav
55,59,Spectrogram 1,1,29.458939673,29.695062127,1581.4,10511.6,e330daf3e5633a99f908,liujiaxia_2024-06-26-birdnet-09_09_36,30.0,0.2361224540000002,True,audio/analysis_clips/liujiaxia_2024-06-26-birdnet-09_09_36.wav
1,1,Spectrogram 1,1,0.102987437,0.27806608,558.1,13209.3,0839f841b3f36ed6c176,minqin_2023-06-03-birdnet-10_23_15_01,8.789770833333334,0.1750786429999999,True,audio/analysis_clips/minqin_2023-06-03-birdnet-10_23_15_01.wav
2,2,Spectrogram 1,1,0.419673806,0.584453706,465.1,9395.3,1e9382ed2797ac39b1e7,minqin_2023-06-03-birdnet-10_23_15_01,8.789770833333334,0.1647799,True,audio/analysis_clips/minqin_2023-06-03-birdnet-10_23_15_01.wav
3,3,Spectrogram 1,1,0.661694283,0.924312248,558.1,12465.1,7917f8ddd89d33103c8b,minqin_2023-06-03-birdnet-10_23_15_01,8.789770833333334,0.262617965,True,audio/analysis_clips/minqin_2023-06-03-birdnet-10_23_15_01.wav
4,4,Spectrogram 1,1,0.962932537,1.027299685,744.2,10325.6,037bd5909853158a2774,minqin_2023-06-03-birdnet-10_23_15_01,8.789770833333334,0.0643671479999999,True,audio/analysis_clips/minqin_2023-06-03-birdnet-10_23_15_01.wav
5,5,Spectrogram 1,1,1.13801118,1.390330401,651.2,12186.0,598a2017bf3cf92e68f8,minqin_2023-06-03-birdnet-10_23_15_01,8.789770833333334,0.252319221,True,audio/analysis_clips/minqin_2023-06-03-birdnet-10_23_15_01.wav
6,6,Spectrogram 1,1,1.565409044,1.838325753,372.1,13488.4,dea09646e3ebdd4e4665,minqin_2023-06-03-birdnet-10_23_15_01,8.789770833333334,0.272916709,True,audio/analysis_clips/minqin_2023-06-03-birdnet-10_23_15_01.wav
7,7,Spectrogram 1,1,1.879520727,2.201356468,372.1,13209.3,83e1a90f05dd9e4681ea,minqin_2023-06-03-birdnet-10_23_15_01,8.789770833333334,0.3218357410000001,True,audio/analysis_clips/minqin_2023-06-03-birdnet-10_23_15_01.wav
8,8,Spectrogram 1,1,2.211655212,2.533490953,0.0,8744.2,4ef3163f58b64dbdb02f,minqin_2023-06-03-birdnet-10_23_15_01,8.789770833333334,0.3218357409999997,True,audio/analysis_clips/minqin_2023-06-03-birdnet-10_23_15_01.wav
9,10,Spectrogram 1,1,2.608963129,2.884454523,372.1,13395.3,04a5b0d88c6ba1e22338,minqin_2023-06-03-birdnet-10_23_15_01,8.789770833333334,0.2754913939999999,True,audio/analysis_clips/minqin_2023-06-03-birdnet-10_23_15_01.wav
10,11,Spectrogram 1,1,2.977143216,3.252634611,372.1,11720.9,67cd9c1db4a64e5dfbb2,minqin_2023-06-03-birdnet-10_23_15_01,8.789770833333334,0.275491395,True,audio/analysis_clips/minqin_2023-06-03-birdnet-10_23_15_01.wav
11,12,Spectrogram 1,1,3.445736055,3.713503392,558.1,11348.8,21cfffe3ac93e42760b5,minqin_2023-06-03-birdnet-10_23_15_01,8.789770833333334,0.267767337,True,audio/analysis_clips/minqin_2023-06-03-birdnet-10_23_15_01.wav
12,13,Spectrogram 1,1,4.009592274,4.182096231,465.1,7720.9,1b7e5fb6080489cdd8b1,minqin_2023-06-03-birdnet-10_23_15_01,8.789770833333334,0.1725039569999999,True,audio/analysis_clips/minqin_2023-06-03-birdnet-10_23_15_01.wav
13,14,Spectrogram 1,1,3.754698367,3.811341457,837.2,7627.9,72027b9106260ae8b269,minqin_2023-06-03-birdnet-10_23_15_01,8.789770833333334,0.0566430900000001,True,audio/analysis_clips/minqin_2023-06-03-birdnet-10_23_15_01.wav
14,15,Spectrogram 1,1,4.272210238,4.609494095,465.1,10604.7,972e1061afff6a4822f4,minqin_2023-06-03-birdnet-10_23_15_01,8.789770833333334,0.3372838569999992,True,audio/analysis_clips/minqin_2023-06-03-birdnet-10_23_15_01.wav
15,16,Spectrogram 1,1,4.788626612,5.190277617,744.2,12279.1,7974fb59f81df43b216d,minqin_2023-06-03-birdnet-10_23_15_01,8.789770833333334,0.4016510049999997,True,audio/analysis_clips/minqin_2023-06-03-birdnet-10_23_15_01.wav
16,17,Spectrogram 1,1,5.28296631,5.555883019,465.1,11720.9,eb9edf0decbc49390eba,minqin_2023-06-03-birdnet-10_23_15_01,8.789770833333334,0.2729167090000004,True,audio/analysis_clips/minqin_2023-06-03-birdnet-10_23_15_01.wav
17,18,Spectrogram 1,1,5.733536348,6.057946774,744.2,8558.1,db1712a18d926a242c41,minqin_2023-06-03-birdnet-10_23_15_01,8.789770833333334,0.324410426,True,audio/analysis_clips/minqin_2023-06-03-birdnet-10_23_15_01.wav
18,19,Spectrogram 1,1,6.091417692,6.426126862,1395.3,10139.5,60fe2212d832229bb2fe,minqin_2023-06-03-birdnet-10_23_15_01,8.789770833333334,0.33470917,True,audio/analysis_clips/minqin_2023-06-03-birdnet-10_23_15_01.wav
19,20,Spectrogram 1,1,6.534263671,6.804605694,1116.3,11255.8,fd2c708435d58d440783,minqin_2023-06-03-birdnet-10_23_15_01,8.789770833333334,0.2703420230000004,True,audio/analysis_clips/minqin_2023-06-03-birdnet-10_23_15_01.wav
20,21,Spectrogram 1,1,6.845800668,7.298945392,744.2,10046.5,4002074c0c1f6f673e09,minqin_2023-06-03-birdnet-10_23_15_01,8.789770833333334,0.4531447240000004,True,audio/analysis_clips/minqin_2023-06-03-birdnet-10_23_15_01.wav
21,22,Spectrogram 1,1,7.394208771,7.667125479,744.2,12186.0,bf863dde12bcdf11a03c,minqin_2023-06-03-birdnet-10_23_15_01,8.789770833333334,0.2729167080000003,True,audio/analysis_clips/minqin_2023-06-03-birdnet-10_23_15_01.wav
22,23,Spectrogram 1,1,7.700596396,8.094523343,1116.3,13302.3,76ae4374531badef6a87,minqin_2023-06-03-birdnet-10_23_15_01,8.789770833333334,0.3939269470000006,True,audio/analysis_clips/minqin_2023-06-03-birdnet-10_23_15_01.wav
23,24,Spectrogram 1,1,8.205234838,8.534794637,1023.3,12186.0,125c66e2af34b23d07a9,minqin_2023-06-03-birdnet-10_23_15_01,8.789770833333334,0.3295597989999983,True,audio/analysis_clips/minqin_2023-06-03-birdnet-10_23_15_01.wav
1,1,Spectrogram 1,1,5.502274555,5.927916347,1118.2,11642.6,208845df1a57c57d6124,minqin_2023-06-11-birdnet-09_36_33,30.0,0.4256417920000004,True,audio/analysis_clips/minqin_2023-06-11-birdnet-09_36_33.wav
2,2,Spectrogram 1,1,4.032722966,4.514288497,920.9,9471.9,5dea522fb270d82becb7,minqin_2023-06-11-birdnet-09_36_33,30.0,0.4815655310000002,True,audio/analysis_clips/minqin_2023-06-11-birdnet-09_36_33.wav
3,3,Spectrogram 1,1,4.700700961,5.036243396,855.1,9932.4,6c52920203d8f3855dbc,minqin_2023-06-11-birdnet-09_36_33,30.0,0.3355424349999998,True,audio/analysis_clips/minqin_2023-06-11-birdnet-09_36_33.wav
4,4,Spectrogram 1,1,5.179159618,5.281686473,1184.0,8945.7,2a09fd2343a8cc45e0a1,minqin_2023-06-11-birdnet-09_36_33,30.0,0.1025268549999998,True,audio/analysis_clips/minqin_2023-06-11-birdnet-09_36_33.wav
5,5,Spectrogram 1,1,0.229908705,0.733222357,723.6,9537.7,abb2d41e4199fbc379c5,minqin_2023-06-11-birdnet-09_36_33,30.0,0.5033136520000001,True,audio/analysis_clips/minqin_2023-06-11-birdnet-09_36_33.wav
6,6,Spectrogram 1,1,0.972451686,1.460230966,855.1,10919.0,b8009d8bc918cc531fe3,minqin_2023-06-11-birdnet-09_36_33,30.0,0.4877792799999999,True,audio/analysis_clips/minqin_2023-06-11-birdnet-09_36_33.wav
7,7,Spectrogram 1,1,2.115781464,2.504140763,592.0,11642.6,bcbe79c0af78731eb574,minqin_2023-06-11-birdnet-09_36_33,30.0,0.3883592990000002,True,audio/analysis_clips/minqin_2023-06-11-birdnet-09_36_33.wav
8,9,Spectrogram 1,1,1.640429681,2.028788981,986.7,10063.9,f39217bc93680174b935,minqin_2023-06-11-birdnet-09_36_33,30.0,0.3883592999999998,True,audio/analysis_clips/minqin_2023-06-11-birdnet-09_36_33.wav
9,10,Spectrogram 1,1,2.706087599,2.929782555,920.9,8024.8,819293b4605866754d61,minqin_2023-06-11-birdnet-09_36_33,30.0,0.2236949560000001,True,audio/analysis_clips/minqin_2023-06-11-birdnet-09_36_33.wav
10,11,Spectrogram 1,1,3.10998127,3.277752488,1184.0,10458.6,2799ab633cb450281391,minqin_2023-06-11-birdnet-09_36_33,30.0,0.1677712179999999,True,audio/analysis_clips/minqin_2023-06-11-birdnet-09_36_33.wav
11,12,Spectrogram 1,1,3.46682805,3.842759852,855.1,11642.6,f337e750b1000b20fcf2,minqin_2023-06-11-birdnet-09_36_33,30.0,0.3759318019999997,True,audio/analysis_clips/minqin_2023-06-11-birdnet-09_36_33.wav
12,13,Spectrogram 1,1,6.054854422,6.589236818,789.3,10063.9,86d44a7802c4f2816518,minqin_2023-06-11-birdnet-09_36_33,30.0,0.5343823959999998,True,audio/analysis_clips/minqin_2023-06-11-birdnet-09_36_33.wav
13,14,Spectrogram 1,1,6.825359272,7.0645886,2039.1,10195.5,ddbe67fa241c2ada57e1,minqin_2023-06-11-birdnet-09_36_33,30.0,0.2392293280000004,True,audio/analysis_clips/minqin_2023-06-11-birdnet-09_36_33.wav
14,15,Spectrogram 1,1,7.42498603,7.571009127,1710.2,9274.6,56ee9d5a2dd861cdb054,minqin_2023-06-11-birdnet-09_36_33,30.0,0.1460230969999996,True,audio/analysis_clips/minqin_2023-06-11-birdnet-09_36_33.wav
15,16,Spectrogram 1,1,8.046360909,8.260735243,789.3,7498.6,1a458b04a6e599e78e0c,minqin_2023-06-11-birdnet-09_36_33,30.0,0.2143743339999986,True,audio/analysis_clips/minqin_2023-06-11-birdnet-09_36_33.wav
16,18,Spectrogram 1,1,8.86968263,9.031240098,1644.4,11050.6,196d074752c776147e29,minqin_2023-06-11-birdnet-09_36_33,30.0,0.1615574679999998,True,audio/analysis_clips/minqin_2023-06-11-birdnet-09_36_33.wav
17,19,Spectrogram 1,1,10.168356127,10.525646683,1249.8,11774.2,f95997845c5d2a803db0,minqin_2023-06-11-birdnet-09_36_33,30.0,0.3572905560000006,True,audio/analysis_clips/minqin_2023-06-11-birdnet-09_36_33.wav
18,20,Spectrogram 1,1,9.396864172,9.702232153,1512.9,7761.7,51367143225aa4b2ceee,minqin_2023-06-11-birdnet-09_36_33,30.0,0.3053679809999998,True,audio/analysis_clips/minqin_2023-06-11-birdnet-09_36_33.wav
19,21,Spectrogram 1,1,9.842833238,9.932905809,1052.4,8945.7,dccd4b5770bea3f94156,minqin_2023-06-11-birdnet-09_36_33,30.0,0.0900725709999985,True,audio/analysis_clips/minqin_2023-06-11-birdnet-09_36_33.wav
20,22,Spectrogram 1,1,10.688636641,11.119227464,920.9,9340.4,571ddd95450bf6734b52,minqin_2023-06-11-birdnet-09_36_33,30.0,0.4305908229999993,True,audio/analysis_clips/minqin_2023-06-11-birdnet-09_36_33.wav
21,23,Spectrogram 1,1,11.319144631,11.699206939,723.6,10721.7,f220db15152247c5306d,minqin_2023-06-11-birdnet-09_36_33,30.0,0.3800623079999994,True,audio/analysis_clips/minqin_2023-06-11-birdnet-09_36_33.wav
22,24,Spectrogram 1,1,11.943061946,12.44175642,855.1,10984.8,fc9a6cbcdb715b7824c9,minqin_2023-06-11-birdnet-09_36_33,30.0,0.4986944740000005,True,audio/analysis_clips/minqin_2023-06-11-birdnet-09_36_33.wav
23,25,Spectrogram 1,1,12.538419666,12.659248723,986.7,11576.8,8e14f2c62ab38642280a,minqin_2023-06-11-birdnet-09_36_33,30.0,0.1208290569999999,True,audio/analysis_clips/minqin_2023-06-11-birdnet-09_36_33.wav
24,26,Spectrogram 1,1,13.0766582,13.346875911,1315.5,9932.4,6ad797b14595e64c145b,minqin_2023-06-11-birdnet-09_36_33,30.0,0.270217710999999,True,audio/analysis_clips/minqin_2023-06-11-birdnet-09_36_33.wav
25,27,Spectrogram 1,1,13.505052131,13.700575515,657.8,9011.5,0c1899b64b59a7fdd518,minqin_2023-06-11-birdnet-09_36_33,30.0,0.1955233840000012,True,audio/analysis_clips/minqin_2023-06-11-birdnet-09_36_33.wav
26,28,Spectrogram 1,1,13.779663625,14.085031607,789.3,11839.9,d8fe2c001289bcc527e1,minqin_2023-06-11-birdnet-09_36_33,30.0,0.3053679819999999,True,audio/analysis_clips/minqin_2023-06-11-birdnet-09_36_33.wav
27,29,Spectrogram 1,1,14.285546989,14.665609297,920.9,12629.3,d2b1800e50a158667c10,minqin_2023-06-11-birdnet-09_36_33,30.0,0.3800623079999994,True,audio/analysis_clips/minqin_2023-06-11-birdnet-09_36_33.wav
28,30,Spectrogram 1,1,14.797422815,15.249982557,789.3,12892.4,39bb2f8d7d6527109dd6,minqin_2023-06-11-birdnet-09_36_33,30.0,0.452559742,True,audio/analysis_clips/minqin_2023-06-11-birdnet-09_36_33.wav
29,31,Spectrogram 1,1,15.307101748,15.592697702,986.7,13221.3,8d1d672ed327960941fc,minqin_2023-06-11-birdnet-09_36_33,30.0,0.2855959540000015,True,audio/analysis_clips/minqin_2023-06-11-birdnet-09_36_33.wav
30,32,Spectrogram 1,1,15.768449058,16.102376635,789.3,11445.3,5e2dc1ebbfd245d424c2,minqin_2023-06-11-birdnet-09_36_33,30.0,0.333927576999999,True,audio/analysis_clips/minqin_2023-06-11-birdnet-09_36_33.wav
31,33,Spectrogram 1,1,16.317672047,16.693340571,1184.0,13221.3,c57518b75c34a9a79ed2,minqin_2023-06-11-birdnet-09_36_33,30.0,0.3756685240000017,True,audio/analysis_clips/minqin_2023-06-11-birdnet-09_36_33.wav
32,34,Spectrogram 1,1,16.831744764,17.01848058,1052.4,9274.6,b6b59f8cd6028ae7b7a6,minqin_2023-06-11-birdnet-09_36_33,30.0,0.1867358159999987,True,audio/analysis_clips/minqin_2023-06-11-birdnet-09_36_33.wav
33,35,Spectrogram 1,1,17.082190446,17.231579099,986.7,10721.7,bb6053203ca8146b2436,minqin_2023-06-11-birdnet-09_36_33,30.0,0.1493886530000026,True,audio/analysis_clips/minqin_2023-06-11-birdnet-09_36_33.wav
34,36,Spectrogram 1,1,17.431496267,17.809361683,986.7,12431.9,f63a65e55ce23697d130,minqin_2023-06-11-birdnet-09_36_33,30.0,0.3778654159999988,True,audio/analysis_clips/minqin_2023-06-11-birdnet-09_36_33.wav
35,37,Spectrogram 1,1,17.932387633,18.033444662,1184.0,11708.4,5ec5bab60fcd679b007e,minqin_2023-06-11-birdnet-09_36_33,30.0,0.1010570289999996,True,audio/analysis_clips/minqin_2023-06-11-birdnet-09_36_33.wav
36,38,Spectrogram 1,1,18.167455078,18.545320494,920.9,11774.2,0c0fdea2b448818c4927,minqin_2023-06-11-birdnet-09_36_33,30.0,0.3778654159999988,True,audio/analysis_clips/minqin_2023-06-11-birdnet-09_36_33.wav
37,39,Spectrogram 1,1,18.565092521,18.725465634,1907.5,6577.7,fed85f70857c37e23bb5,minqin_2023-06-11-birdnet-09_36_33,30.0,0.1603731129999985,True,audio/analysis_clips/minqin_2023-06-11-birdnet-09_36_33.wav
38,40,Spectrogram 1,1,18.925382802,19.37354876,1184.0,9735.1,ed38828a1c0078651500,minqin_2023-06-11-birdnet-09_36_33,30.0,0.448165957999997,True,audio/analysis_clips/minqin_2023-06-11-birdnet-09_36_33.wav
39,41,Spectrogram 1,1,19.536118765,19.881030802,592.0,12168.8,82329212c578042c23a2,minqin_2023-06-11-birdnet-09_36_33,30.0,0.3449120370000003,True,audio/analysis_clips/minqin_2023-06-11-birdnet-09_36_33.wav
40,42,Spectrogram 1,1,20.017238103,20.406087978,1249.8,12892.4,373b3d474d2575c0fcf5,minqin_2023-06-11-birdnet-09_36_33,30.0,0.3888498749999982,True,audio/analysis_clips/minqin_2023-06-11-birdnet-09_36_33.wav
41,44,Spectrogram 1,1,20.507145008,20.931145155,1118.2,13550.1,df57a79417313296dcfa,minqin_2023-06-11-birdnet-09_36_33,30.0,0.424000147000001,True,audio/analysis_clips/minqin_2023-06-11-birdnet-09_36_33.wav
42,45,Spectrogram 1,1,21.199165974,21.337570167,1381.3,12103.0,f88740ca8036c97c5cb7,minqin_2023-06-11-birdnet-09_36_33,30.0,0.1384041929999995,True,audio/analysis_clips/minqin_2023-06-11-birdnet-09_36_33.wav
43,46,Spectrogram 1,1,21.548471794,21.932812303,1118.2,9274.6,7924abf3866601976c2b,minqin_2023-06-11-birdnet-09_36_33,30.0,0.3843405089999976,True,audio/analysis_clips/minqin_2023-06-11-birdnet-09_36_33.wav
44,49,Spectrogram 1,1,22.095497891,22.416244116,855.1,12037.3,7f3e523c857e2bb58237,minqin_2023-06-11-birdnet-09_36_33,30.0,0.3207462250000006,True,audio/analysis_clips/minqin_2023-06-11-birdnet-09_36_33.wav
45,50,Spectrogram 1,1,22.743581023,23.09947752,920.9,13023.9,ea4482c782faedc3fa60,minqin_2023-06-11-birdnet-09_36_33,30.0,0.3558964969999998,True,audio/analysis_clips/minqin_2023-06-11-birdnet-09_36_33.wav
46,51,Spectrogram 1,1,22.488741557,22.664492913,723.6,12300.4,7bb2136dac0602a558b1,minqin_2023-06-11-birdnet-09_36_33,30.0,0.1757513559999992,True,audio/analysis_clips/minqin_2023-06-11-birdnet-09_36_33.wav
47,52,Spectrogram 1,1,24.52745729,25.021757979,0.0,12168.8,a3b7122070472268886f,minqin_2023-06-11-birdnet-09_36_33,30.0,0.4943006889999992,True,audio/analysis_clips/minqin_2023-06-11-birdnet-09_36_33.wav
48,53,Spectrogram 1,1,25.566587184,25.882939625,855.1,13023.9,659e4e7168586ddfff2e,minqin_2023-06-11-birdnet-09_36_33,30.0,0.3163524409999994,True,audio/analysis_clips/minqin_2023-06-11-birdnet-09_36_33.wav
49,54,Spectrogram 1,1,26.049903413,26.355271395,1052.4,11116.4,c96482d454f835d62afb,minqin_2023-06-11-birdnet-09_36_33,30.0,0.3053679819999999,True,audio/analysis_clips/minqin_2023-06-11-birdnet-09_36_33.wav
50,55,Spectrogram 1,1,24.089675391,24.265426747,1776.0,12168.8,f0857eb51453bf1f2d3a,minqin_2023-06-11-birdnet-09_36_33,30.0,0.1757513559999992,True,audio/analysis_clips/minqin_2023-06-11-birdnet-09_36_33.wav
51,56,Spectrogram 1,1,26.818215197,27.202671289,460.4,10392.8,a1d260d2fb185af02363,minqin_2023-06-11-birdnet-09_36_33,30.0,0.3844560920000006,True,audio/analysis_clips/minqin_2023-06-11-birdnet-09_36_33.wav
52,57,Spectrogram 1,1,27.989158614,28.160516187,1973.3,12431.9,6aa186b824adb6b7dd17,minqin_2023-06-11-birdnet-09_36_33,30.0,0.1713575729999981,True,audio/analysis_clips/minqin_2023-06-11-birdnet-09_36_33.wav
53,58,Spectrogram 1,1,28.336267543,28.727314311,1118.2,11247.9,e7cea728322286d565d4,minqin_2023-06-11-birdnet-09_36_33,30.0,0.3910467679999989,True,audio/analysis_clips/minqin_2023-06-11-birdnet-09_36_33.wav
54,59,Spectrogram 1,1,29.399563249,29.764247313,723.6,10327.0,cc1b8e85c223e18ff154,minqin_2023-06-11-birdnet-09_36_33,30.0,0.3646840639999986,True,audio/analysis_clips/minqin_2023-06-11-birdnet-09_36_33.wav
1,1,Spectrogram 1,1,0.198304283,0.345017208,186.0,14139.5,f42bcfa88fb9628f91c6,minqin_2023-07-07-birdnet-16_50_52_01,11.008041666666667,0.146712925,True,audio/analysis_clips/minqin_2023-07-07-birdnet-16_50_52_01.wav
2,2,Spectrogram 1,1,0.483668984,0.727115706,0.0,14790.7,f406d7627f27dcba7ed3,minqin_2023-07-07-birdnet-16_50_52_01,11.008041666666667,0.2434467219999999,True,audio/analysis_clips/minqin_2023-07-07-birdnet-16_50_52_01.wav
3,3,Spectrogram 1,1,0.830298422,1.052786155,558.1,12930.2,693b60305fd209fd7d20,minqin_2023-07-07-birdnet-16_50_52_01,11.008041666666667,0.2224877329999999,True,audio/analysis_clips/minqin_2023-07-07-birdnet-16_50_52_01.wav
4,4,Spectrogram 1,1,1.123724272,1.452619181,558.1,13209.3,19a59fa51d7f3b981253,minqin_2023-07-07-birdnet-16_50_52_01,11.008041666666667,0.3288949089999999,True,audio/analysis_clips/minqin_2023-07-07-birdnet-16_50_52_01.wav
5,5,Spectrogram 1,1,1.552577438,1.912104716,837.2,14325.6,16993144e7e531029678,minqin_2023-07-07-birdnet-16_50_52_01,11.008041666666667,0.359527278,True,audio/analysis_clips/minqin_2023-07-07-birdnet-16_50_52_01.wav
6,6,Spectrogram 1,1,2.042695341,2.321611122,1209.3,12558.1,8fc66cc0eeb5ee67033f,minqin_2023-07-07-birdnet-16_50_52_01,11.008041666666667,0.2789157810000002,True,audio/analysis_clips/minqin_2023-07-07-birdnet-16_50_52_01.wav
7,7,Spectrogram 1,1,2.548935544,2.708546309,651.2,12093.0,519b46ef44bcca7bc74a,minqin_2023-07-07-birdnet-16_50_52_01,11.008041666666667,0.159610765,True,audio/analysis_clips/minqin_2023-07-07-birdnet-16_50_52_01.wav
8,8,Spectrogram 1,1,2.779484427,2.937482961,1581.4,11720.9,815cec7479931e655506,minqin_2023-07-07-birdnet-16_50_52_01,11.008041666666667,0.1579985340000003,True,audio/analysis_clips/minqin_2023-07-07-birdnet-16_50_52_01.wav
9,9,Spectrogram 1,1,3.598497239,3.761332464,744.2,13209.3,c342a61d3df52cd2606a,minqin_2023-07-07-birdnet-16_50_52_01,11.008041666666667,0.1628352250000002,True,audio/analysis_clips/minqin_2023-07-07-birdnet-16_50_52_01.wav
10,10,Spectrogram 1,1,4.20953239,4.427183432,744.2,10139.5,c7b068f6c8ea6c9f7014,minqin_2023-07-07-birdnet-16_50_52_01,11.008041666666667,0.2176510419999999,True,audio/analysis_clips/minqin_2023-07-07-birdnet-16_50_52_01.wav
11,11,Spectrogram 1,1,4.653600249,4.91155704,1209.3,12744.2,62267683c918b6d8189e,minqin_2023-07-07-birdnet-16_50_52_01,11.008041666666667,0.2579567909999998,True,audio/analysis_clips/minqin_2023-07-07-birdnet-16_50_52_01.wav
12,12,Spectrogram 1,1,4.945413869,5.279145468,744.2,14604.7,5350cd3ad910c1ac71f1,minqin_2023-07-07-birdnet-16_50_52_01,11.008041666666667,0.333731599,True,audio/analysis_clips/minqin_2023-07-07-birdnet-16_50_52_01.wav
13,13,Spectrogram 1,1,5.490792058,5.835809267,0.0,15534.9,0f43151cf560259e0ad4,minqin_2023-07-07-birdnet-16_50_52_01,11.008041666666667,0.3450172089999999,True,audio/analysis_clips/minqin_2023-07-07-birdnet-16_50_52_01.wav
14,14,Spectrogram 1,1,6.271111352,6.432334347,558.1,14232.6,9a1ae77726c8577dbbc3,minqin_2023-07-07-birdnet-16_50_52_01,11.008041666666667,0.1612229950000001,True,audio/analysis_clips/minqin_2023-07-07-birdnet-16_50_52_01.wav
15,15,Spectrogram 1,1,6.980492528,7.285203988,930.2,15255.8,8ef33dabbcda4ed9281d,minqin_2023-07-07-birdnet-16_50_52_01,11.008041666666667,0.30471146,True,audio/analysis_clips/minqin_2023-07-07-birdnet-16_50_52_01.wav
16,16,Spectrogram 1,1,7.419019074,7.591527678,1674.4,12744.2,037fc1ba89e9f0797266,minqin_2023-07-07-birdnet-16_50_52_01,11.008041666666667,0.1725086039999999,True,audio/analysis_clips/minqin_2023-07-07-birdnet-16_50_52_01.wav
17,17,Spectrogram 1,1,7.807566491,7.960728336,930.2,12837.2,87b5120abcbd123801c0,minqin_2023-07-07-birdnet-16_50_52_01,11.008041666666667,0.1531618449999996,True,audio/analysis_clips/minqin_2023-07-07-birdnet-16_50_52_01.wav
18,18,Spectrogram 1,1,6.674168839,6.828942914,1023.3,15069.8,1c3fa24887490da4c669,minqin_2023-07-07-birdnet-16_50_52_01,11.008041666666667,0.1547740749999997,True,audio/analysis_clips/minqin_2023-07-07-birdnet-16_50_52_01.wav
19,19,Spectrogram 1,1,8.455682929,8.592722474,1209.3,12372.1,407762a29faaf09efdc9,minqin_2023-07-07-birdnet-16_50_52_01,11.008041666666667,0.1370395450000003,True,audio/analysis_clips/minqin_2023-07-07-birdnet-16_50_52_01.wav
20,20,Spectrogram 1,1,8.782965609,9.04737132,837.2,15720.9,2c0c190b7cec0a066d0f,minqin_2023-07-07-birdnet-16_50_52_01,11.008041666666667,0.2644057110000002,True,audio/analysis_clips/minqin_2023-07-07-birdnet-16_50_52_01.wav
21,21,Spectrogram 1,1,9.168288566,9.65679424,1116.3,15348.8,29d1dfee0fb38fed7f38,minqin_2023-07-07-birdnet-16_50_52_01,11.008041666666667,0.4885056740000006,True,audio/analysis_clips/minqin_2023-07-07-birdnet-16_50_52_01.wav
22,22,Spectrogram 1,1,9.724507897,9.95828124,1209.3,14697.7,cad9b7a236447b895a6b,minqin_2023-07-07-birdnet-16_50_52_01,11.008041666666667,0.2337733429999993,True,audio/analysis_clips/minqin_2023-07-07-birdnet-16_50_52_01.wav
23,23,Spectrogram 1,1,10.009872598,10.393583325,651.2,16372.1,84d5e696c9c54ee10b6e,minqin_2023-07-07-birdnet-16_50_52_01,11.008041666666667,0.3837107270000004,True,audio/analysis_clips/minqin_2023-07-07-birdnet-16_50_52_01.wav
24,24,Spectrogram 1,1,10.483868202,10.880476769,1116.3,13674.4,a57dd0c0965b9d88ab16,minqin_2023-07-07-birdnet-16_50_52_01,11.008041666666667,0.3966085669999994,True,audio/analysis_clips/minqin_2023-07-07-birdnet-16_50_52_01.wav
1,1,Spectrogram 1,1,0.129196688,0.410389478,592.0,10261.3,e77d8c34648cfd2753d1,minqin_2024-05-20-birdnet-05_56_42_01_01,8.648375,0.2811927899999999,True,audio/analysis_clips/minqin_2024-05-20-birdnet-05_56_42_01_01.wav
2,3,Spectrogram 1,1,1.540227177,1.872085335,592.0,9537.7,372f56d48867011bd4f3,minqin_2024-05-20-birdnet-05_56_42_01_01,8.648375,0.3318581579999999,True,audio/analysis_clips/minqin_2024-05-20-birdnet-05_56_42_01_01.wav
3,7,Spectrogram 1,1,3.275944003,3.558063274,394.7,9998.2,27c3af9652fac9c1f8c5,minqin_2024-05-20-birdnet-05_56_42_01_01,8.648375,0.282119271,True,audio/analysis_clips/minqin_2024-05-20-birdnet-05_56_42_01_01.wav
4,8,Spectrogram 1,1,3.686333481,3.949793393,789.3,9866.6,ee7f4fea135d409488e0,minqin_2024-05-20-birdnet-05_56_42_01_01,8.648375,0.2634599120000001,True,audio/analysis_clips/minqin_2024-05-20-birdnet-05_56_42_01_01.wav
5,11,Spectrogram 1,1,4.249128818,4.360592627,1512.9,10655.9,1e476cf3c4d8954be6c9,minqin_2024-05-20-birdnet-05_56_42_01_01,8.648375,0.1114638089999999,True,audio/analysis_clips/minqin_2024-05-20-birdnet-05_56_42_01_01.wav
6,12,Spectrogram 1,1,4.464456631,4.611386197,3617.8,9340.4,ef36c01e910ef6493c7b,minqin_2024-05-20-birdnet-05_56_42_01_01,8.648375,0.1469295659999998,True,audio/analysis_clips/minqin_2024-05-20-birdnet-05_56_42_01_01.wav
7,13,Spectrogram 1,1,5.209237535,5.513229741,1315.5,9735.1,8e32239c045c4fc8c297,minqin_2024-05-20-birdnet-05_56_42_01_01,8.648375,0.3039922060000002,True,audio/analysis_clips/minqin_2024-05-20-birdnet-05_56_42_01_01.wav
8,14,Spectrogram 1,1,5.612027208,5.933752293,1512.9,13484.4,f79d9c53863d04b2cfd7,minqin_2024-05-20-birdnet-05_56_42_01_01,8.648375,0.3217250850000006,True,audio/analysis_clips/minqin_2024-05-20-birdnet-05_56_42_01_01.wav
9,15,Spectrogram 1,1,6.171879521,6.420139823,1184.0,11708.4,7bf293572718a2b96f39,minqin_2024-05-20-birdnet-05_56_42_01_01,8.648375,0.2482603020000002,True,audio/analysis_clips/minqin_2024-05-20-birdnet-05_56_42_01_01.wav
10,16,Spectrogram 1,1,6.693732803,7.248518579,1052.4,13484.4,7bb7683d8402dc7b6b76,minqin_2024-05-20-birdnet-05_56_42_01_01,8.648375,0.5547857760000001,True,audio/analysis_clips/minqin_2024-05-20-birdnet-05_56_42_01_01.wav
11,17,Spectrogram 1,1,7.71717323,7.856502991,1315.5,12300.4,3cbab6e2bd5fd537f839,minqin_2024-05-20-birdnet-05_56_42_01_01,8.648375,0.1393297609999999,True,audio/analysis_clips/minqin_2024-05-20-birdnet-05_56_42_01_01.wav
1,1,Spectrogram 1,1,0.059870927,0.419096486,0.0,16465.1,ca3621d16d1a2e28e623,minqin_2024-05-20-birdnet-08_20_14_01,5.16175,0.3592255589999999,True,audio/analysis_clips/minqin_2024-05-20-birdnet-08_20_14_01.wav
2,2,Spectrogram 1,1,0.421234733,0.697068645,0.0,13767.4,757261e362ce77db27b8,minqin_2024-05-20-birdnet-08_20_14_01,5.16175,0.275833912,True,audio/analysis_clips/minqin_2024-05-20-birdnet-08_20_14_01.wav
3,3,Spectrogram 1,1,0.893787403,1.300054405,0.0,13302.3,a4dde6c32102627e4c1a,minqin_2024-05-20-birdnet-08_20_14_01,5.16175,0.406267002,True,audio/analysis_clips/minqin_2024-05-20-birdnet-08_20_14_01.wav
4,4,Spectrogram 1,1,1.449731721,1.695630169,0.0,11814.0,9572bd46be5e94fc5e1b,minqin_2024-05-20-birdnet-08_20_14_01,5.16175,0.2458984479999999,True,audio/analysis_clips/minqin_2024-05-20-birdnet-08_20_14_01.wav
5,5,Spectrogram 1,1,2.245159745,2.499611183,0.0,12372.1,2014614ad863e15e52c3,minqin_2024-05-20-birdnet-08_20_14_01,5.16175,0.2544514379999998,True,audio/analysis_clips/minqin_2024-05-20-birdnet-08_20_14_01.wav
6,6,Spectrogram 1,1,2.852422,3.128255912,0.0,14046.5,abd57481dd1dfbd97279,minqin_2024-05-20-birdnet-08_20_14_01,5.16175,0.2758339120000004,True,audio/analysis_clips/minqin_2024-05-20-birdnet-08_20_14_01.wav
7,7,Spectrogram 1,1,3.218062302,3.677785487,0.0,15162.8,6b35a278ef0052b0f595,minqin_2024-05-20-birdnet-08_20_14_01,5.16175,0.4597231850000001,True,audio/analysis_clips/minqin_2024-05-20-birdnet-08_20_14_01.wav
8,8,Spectrogram 1,1,3.729103424,4.045564036,0.0,12558.1,582ff6bd3a132cc61ad1,minqin_2024-05-20-birdnet-08_20_14_01,5.16175,0.3164606120000002,True,audio/analysis_clips/minqin_2024-05-20-birdnet-08_20_14_01.wav
9,9,Spectrogram 1,1,4.355609906,4.622890828,0.0,13674.4,ad3ee83512ccec833cd0,minqin_2024-05-20-birdnet-08_20_14_01,5.16175,0.2672809220000003,True,audio/analysis_clips/minqin_2024-05-20-birdnet-08_20_14_01.wav
10,10,Spectrogram 1,1,4.746909176,5.041987314,372.1,14232.6,d24540bfd314ad55df6c,minqin_2024-05-20-birdnet-08_20_14_01,5.16175,0.295078138,True,audio/analysis_clips/minqin_2024-05-20-birdnet-08_20_14_01.wav
1,1,Spectrogram 1,1,0.544828448,0.911348557,930.2,13581.4,16f90dcf760143e353b4,minqin_2024-05-21-birdnet-06_09_55_01,10.0,0.366520109,True,audio/analysis_clips/minqin_2024-05-21-birdnet-06_09_55_01.wav
2,2,Spectrogram 1,1,0.237264001,0.455674279,837.2,11627.9,0823ea1b409a682aa853,minqin_2024-05-21-birdnet-06_09_55_01,10.0,0.218410278,True,audio/analysis_clips/minqin_2024-05-21-birdnet-06_09_55_01.wav
3,4,Spectrogram 1,1,1.016427266,1.303487415,372.1,13395.3,2cb03f95bc74b18c9a62,minqin_2024-05-21-birdnet-06_09_55_01,10.0,0.287060149,True,audio/analysis_clips/minqin_2024-05-21-birdnet-06_09_55_01.wav
4,5,Spectrogram 1,1,1.417725638,1.73407764,465.1,13860.5,4feed6b4aeeaeb24dd53,minqin_2024-05-21-birdnet-06_09_55_01,10.0,0.3163520019999999,True,audio/analysis_clips/minqin_2024-05-21-birdnet-06_09_55_01.wav
5,6,Spectrogram 1,1,1.985987568,2.261330977,1209.3,10232.6,942f2f410bf329eb69fc,minqin_2024-05-21-birdnet-06_09_55_01,10.0,0.275343409,True,audio/analysis_clips/minqin_2024-05-21-birdnet-06_09_55_01.wav
6,7,Spectrogram 1,1,3.113723871,3.38906728,1116.3,11162.8,5c335e7d944f300076b5,minqin_2024-05-21-birdnet-06_09_55_01,10.0,0.275343409,True,audio/analysis_clips/minqin_2024-05-21-birdnet-06_09_55_01.wav
7,8,Spectrogram 1,1,3.869453653,4.46407825,744.2,10604.7,ce1d39d3fe31937d28bb,minqin_2024-05-21-birdnet-06_09_55_01,10.0,0.5946245970000001,True,audio/analysis_clips/minqin_2024-05-21-birdnet-06_09_55_01.wav
8,9,Spectrogram 1,1,4.642758547,5.014765068,1581.4,11441.9,4ae4b55f8b4e269e5413,minqin_2024-05-21-birdnet-06_09_55_01,10.0,0.3720065210000003,True,audio/analysis_clips/minqin_2024-05-21-birdnet-06_09_55_01.wav
9,10,Spectrogram 1,1,5.369196477,6.019475593,930.2,12000.0,8be76dd4af0bf7e5cc6d,minqin_2024-05-21-birdnet-06_09_55_01,10.0,0.6502791160000001,True,audio/analysis_clips/minqin_2024-05-21-birdnet-06_09_55_01.wav
10,11,Spectrogram 1,1,6.291889816,6.678542263,837.2,12558.1,7998a963c54f7547bdbe,minqin_2024-05-21-birdnet-06_09_55_01,10.0,0.3866524469999994,True,audio/analysis_clips/minqin_2024-05-21-birdnet-06_09_55_01.wav
11,12,Spectrogram 1,1,6.786922118,7.088628194,1023.3,13488.4,1e27f15eef8a04bbc5b1,minqin_2024-05-21-birdnet-06_09_55_01,10.0,0.3017060760000003,True,audio/analysis_clips/minqin_2024-05-21-birdnet-06_09_55_01.wav
12,13,Spectrogram 1,1,7.938091903,8.225152053,930.2,10697.7,f6ae40e94db1ff71b6f9,minqin_2024-05-21-birdnet-06_09_55_01,10.0,0.2870601500000003,True,audio/analysis_clips/minqin_2024-05-21-birdnet-06_09_55_01.wav
13,14,Spectrogram 1,1,7.320033825,7.861933087,1395.3,13581.4,50fd745baa076a0393e8,minqin_2024-05-21-birdnet-06_09_55_01,10.0,0.5418992619999994,True,audio/analysis_clips/minqin_2024-05-21-birdnet-06_09_55_01.wav
14,15,Spectrogram 1,1,8.395044794,8.708467611,651.2,13209.3,e064da4a807689979ad5,minqin_2024-05-21-birdnet-06_09_55_01,10.0,0.3134228169999993,True,audio/analysis_clips/minqin_2024-05-21-birdnet-06_09_55_01.wav
15,16,Spectrogram 1,1,8.913510575,9.133199466,930.2,11907.0,ea2058781c0d5d7e1552,minqin_2024-05-21-birdnet-06_09_55_01,10.0,0.2196888910000005,True,audio/analysis_clips/minqin_2024-05-21-birdnet-06_09_55_01.wav
16,17,Spectrogram 1,1,9.276729541,9.639948506,1023.3,11441.9,fb4d06129f5f3c19eaf9,minqin_2024-05-21-birdnet-06_09_55_01,10.0,0.3632189649999997,True,audio/analysis_clips/minqin_2024-05-21-birdnet-06_09_55_01.wav
1,1,Spectrogram 1,1,0.352503221,0.577027565,1052.4,10853.3,aa075e409870156188cf,minqin_2024-05-21-birdnet-07_32_56_01,15.330145833333331,0.224524344,True,audio/analysis_clips/minqin_2024-05-21-birdnet-07_32_56_01.wav
2,2,Spectrogram 1,1,0.577027565,0.898097377,986.7,10853.3,c12f322aa655199b3ff7,minqin_2024-05-21-birdnet-07_32_56_01,15.330145833333331,0.321069812,True,audio/analysis_clips/minqin_2024-05-21-birdnet-07_32_56_01.wav
3,3,Spectrogram 1,1,0.922795055,1.335919849,1118.2,11116.4,d5e20ed0999967fc8c55,minqin_2024-05-21-birdnet-07_32_56_01,15.330145833333331,0.4131247939999999,True,audio/analysis_clips/minqin_2024-05-21-birdnet-07_32_56_01.wav
4,4,Spectrogram 1,1,1.335919849,1.755780373,65.8,12629.3,e74ece19de78d777fdd5,minqin_2024-05-21-birdnet-07_32_56_01,15.330145833333331,0.4198605239999999,True,audio/analysis_clips/minqin_2024-05-21-birdnet-07_32_56_01.wav
5,5,Spectrogram 1,1,2.027454829,2.202583818,592.0,11511.0,c39517cbe9f712036935,minqin_2024-05-21-birdnet-07_32_56_01,15.330145833333331,0.175128989,True,audio/analysis_clips/minqin_2024-05-21-birdnet-07_32_56_01.wav
6,6,Spectrogram 1,1,2.948004641,3.224169584,1184.0,11708.4,7be6aa3329f99054e0fb,minqin_2024-05-21-birdnet-07_32_56_01,15.330145833333331,0.2761649430000004,True,audio/analysis_clips/minqin_2024-05-21-birdnet-07_32_56_01.wav
7,7,Spectrogram 1,1,3.536258423,3.935911756,723.6,12563.5,a64899207ca6ed8d4a85,minqin_2024-05-21-birdnet-07_32_56_01,15.330145833333331,0.3996533329999998,True,audio/analysis_clips/minqin_2024-05-21-birdnet-07_32_56_01.wav
8,8,Spectrogram 1,1,3.327450783,3.491353554,1447.1,10655.9,049bf31ad57977dac775,minqin_2024-05-21-birdnet-07_32_56_01,15.330145833333331,0.1639027709999996,True,audio/analysis_clips/minqin_2024-05-21-birdnet-07_32_56_01.wav
9,9,Spectrogram 1,1,4.012250033,4.234529134,1315.5,10327.0,e74dec070d79a10f2eee,minqin_2024-05-21-birdnet-07_32_56_01,15.330145833333331,0.2222791009999998,True,audio/analysis_clips/minqin_2024-05-21-birdnet-07_32_56_01.wav
10,10,Spectrogram 1,1,4.490486886,4.670106362,1184.0,8879.9,f5516725c1e393b0defc,minqin_2024-05-21-birdnet-07_32_56_01,15.330145833333331,0.179619476,True,audio/analysis_clips/minqin_2024-05-21-birdnet-07_32_56_01.wav
11,11,Spectrogram 1,1,2.378508385,2.517713479,1118.2,10327.0,6885277b45f099d18538,minqin_2024-05-21-birdnet-07_32_56_01,15.330145833333331,0.1392050940000002,True,audio/analysis_clips/minqin_2024-05-21-birdnet-07_32_56_01.wav
12,12,Spectrogram 1,1,2.596296999,2.856745239,1381.3,11313.7,e667ea87f89f423e2023,minqin_2024-05-21-birdnet-07_32_56_01,15.330145833333331,0.2604482399999996,True,audio/analysis_clips/minqin_2024-05-21-birdnet-07_32_56_01.wav
13,13,Spectrogram 1,1,4.78091887,5.079536248,1118.2,11905.7,af5e5d5a3c2fa0ff1a5f,minqin_2024-05-21-birdnet-07_32_56_01,15.330145833333331,0.2986173780000003,True,audio/analysis_clips/minqin_2024-05-21-birdnet-07_32_56_01.wav
14,14,Spectrogram 1,1,5.176081717,5.333248758,1118.2,10853.3,dbe6216d0d14abf6adf4,minqin_2024-05-21-birdnet-07_32_56_01,15.330145833333331,0.1571670410000001,True,audio/analysis_clips/minqin_2024-05-21-birdnet-07_32_56_01.wav
15,15,Spectrogram 1,1,5.427548983,5.643092353,986.7,12695.0,c67c955832ccfb20f4de,minqin_2024-05-21-birdnet-07_32_56_01,15.330145833333331,0.2155433699999998,True,audio/analysis_clips/minqin_2024-05-21-birdnet-07_32_56_01.wav
16,16,Spectrogram 1,1,5.822711829,6.330136847,1381.3,10721.7,c2b4e37573d8123c1af1,minqin_2024-05-21-birdnet-07_32_56_01,15.330145833333331,0.5074250180000002,True,audio/analysis_clips/minqin_2024-05-21-birdnet-07_32_56_01.wav
17,18,Spectrogram 1,1,6.406475124,6.967785985,1249.8,11379.5,2e788ac060d866b6c81d,minqin_2024-05-21-birdnet-07_32_56_01,15.330145833333331,0.5613108609999999,True,audio/analysis_clips/minqin_2024-05-21-birdnet-07_32_56_01.wav
18,20,Spectrogram 1,1,7.014936097,7.276904934,1118.2,11247.9,6f797162359f7a160ff1,minqin_2024-05-21-birdnet-07_32_56_01,15.330145833333331,0.2619688370000004,True,audio/analysis_clips/minqin_2024-05-21-birdnet-07_32_56_01.wav
19,21,Spectrogram 1,1,7.728198866,7.878630176,986.7,8814.2,12c7ab79c8188d7deade,minqin_2024-05-21-birdnet-07_32_56_01,15.330145833333331,0.1504313100000001,True,audio/analysis_clips/minqin_2024-05-21-birdnet-07_32_56_01.wav
20,22,Spectrogram 1,1,8.105399764,8.273793022,1315.5,11050.6,30159d29d221f406b146,minqin_2024-05-21-birdnet-07_32_56_01,15.330145833333331,0.168393258,True,audio/analysis_clips/minqin_2024-05-21-birdnet-07_32_56_01.wav
21,23,Spectrogram 1,1,8.372583734,8.615070026,723.6,12300.4,43e89a326ea2a2cb3180,minqin_2024-05-21-birdnet-07_32_56_01,15.330145833333331,0.2424862919999988,True,audio/analysis_clips/minqin_2024-05-21-birdnet-07_32_56_01.wav
22,24,Spectrogram 1,1,8.720596468,9.032685306,789.3,11839.9,3c42738efbaf3aad6bd0,minqin_2024-05-21-birdnet-07_32_56_01,15.330145833333331,0.3120888379999993,True,audio/analysis_clips/minqin_2024-05-21-birdnet-07_32_56_01.wav
23,25,Spectrogram 1,1,9.160664182,9.468262534,1118.2,10853.3,5fbf15b7cae441d2b02c,minqin_2024-05-21-birdnet-07_32_56_01,15.330145833333331,0.3075983520000012,True,audio/analysis_clips/minqin_2024-05-21-birdnet-07_32_56_01.wav
24,26,Spectrogram 1,1,9.773615642,10.11040216,657.8,12695.0,dd856655f782cd90ecee,minqin_2024-05-21-birdnet-07_32_56_01,15.330145833333331,0.3367865180000002,True,audio/analysis_clips/minqin_2024-05-21-birdnet-07_32_56_01.wav
25,27,Spectrogram 1,1,9.578279463,9.715239313,789.3,9800.8,8a2c8c98ceb2471ad427,minqin_2024-05-21-birdnet-07_32_56_01,15.330145833333331,0.1369598500000002,True,audio/analysis_clips/minqin_2024-05-21-birdnet-07_32_56_01.wav
26,30,Spectrogram 1,1,11.587772346,11.881899237,657.8,11905.7,04e1ed0e4f23f7a704b8,minqin_2024-05-21-birdnet-07_32_56_01,15.330145833333331,0.2941268910000012,True,audio/analysis_clips/minqin_2024-05-21-birdnet-07_32_56_01.wav
27,31,Spectrogram 1,1,12.006934444,12.323513769,855.1,12168.8,d34830d8659ccc54682f,minqin_2024-05-21-birdnet-07_32_56_01,15.330145833333331,0.3165793249999993,True,audio/analysis_clips/minqin_2024-05-21-birdnet-07_32_56_01.wav
28,32,Spectrogram 1,1,12.47394508,12.803995866,1052.4,12168.8,ca43945480b88e5f6f00,minqin_2024-05-21-birdnet-07_32_56_01,15.330145833333331,0.3300507859999992,True,audio/analysis_clips/minqin_2024-05-21-birdnet-07_32_56_01.wav
29,33,Spectrogram 1,1,13.277742233,13.421437813,1052.4,9143.1,526ece9de1d482cafb14,minqin_2024-05-21-birdnet-07_32_56_01,15.330145833333331,0.143695580000001,True,audio/analysis_clips/minqin_2024-05-21-birdnet-07_32_56_01.wav
30,34,Spectrogram 1,1,13.645962157,13.946824779,1447.1,9340.4,e24389f81a393af5ef51,minqin_2024-05-21-birdnet-07_32_56_01,15.330145833333331,0.3008626220000003,True,audio/analysis_clips/minqin_2024-05-21-birdnet-07_32_56_01.wav
1,1,Spectrogram 1,1,2.526574319,2.743062401,1302.3,14790.7,1916e5be72fea4c7d7d0,minqin_2024-05-27-birdnet-18_02_18_01,12.746416666666669,0.2164880820000001,True,audio/analysis_clips/minqin_2024-05-27-birdnet-18_02_18_01.wav
2,2,Spectrogram 1,1,2.832825752,3.012352454,744.2,10790.7,74030ffadad9d4ec4e59,minqin_2024-05-27-birdnet-18_02_18_01,12.746416666666669,0.1795267019999999,True,audio/analysis_clips/minqin_2024-05-27-birdnet-18_02_18_01.wav
3,3,Spectrogram 1,1,3.218280141,3.492850391,1116.3,15534.9,0545f65ca5e9079c7e21,minqin_2024-05-27-birdnet-18_02_18_01,12.746416666666669,0.27457025,True,audio/analysis_clips/minqin_2024-05-27-birdnet-18_02_18_01.wav
4,4,Spectrogram 1,1,3.630135516,4.039350792,1302.3,14511.6,ee4de70255e91cdd80b2,minqin_2024-05-27-birdnet-18_02_18_01,12.746416666666669,0.4092152759999994,True,audio/analysis_clips/minqin_2024-05-27-birdnet-18_02_18_01.wav
5,5,Spectrogram 1,1,4.337681929,4.511928434,1023.3,14883.7,1a124e61157e68925437,minqin_2024-05-27-birdnet-18_02_18_01,12.746416666666669,0.1742465049999992,True,audio/analysis_clips/minqin_2024-05-27-birdnet-18_02_18_01.wav
6,6,Spectrogram 1,1,4.604331883,4.897382823,1209.3,16465.1,a334271f1b42df5baf74,minqin_2024-05-27-birdnet-18_02_18_01,12.746416666666669,0.2930509399999996,True,audio/analysis_clips/minqin_2024-05-27-birdnet-18_02_18_01.wav
7,7,Spectrogram 1,1,5.216834749,5.644530715,651.2,15162.8,e780e7c7eaedc799c297,minqin_2024-05-27-birdnet-18_02_18_01,12.746416666666669,0.4276959659999999,True,audio/analysis_clips/minqin_2024-05-27-birdnet-18_02_18_01.wav
8,8,Spectrogram 1,1,5.715813376,5.839898008,1395.3,15162.8,022a3bfe2ebf0188dd44,minqin_2024-05-27-birdnet-18_02_18_01,12.746416666666669,0.1240846319999997,True,audio/analysis_clips/minqin_2024-05-27-birdnet-18_02_18_01.wav
9,9,Spectrogram 1,1,6.119748451,6.196311309,1302.3,14790.7,c657d8bb21e0d04ffd8e,minqin_2024-05-27-birdnet-18_02_18_01,12.746416666666669,0.0765628579999999,True,audio/analysis_clips/minqin_2024-05-27-birdnet-18_02_18_01.wav
10,10,Spectrogram 1,1,6.346796927,6.711130528,1023.3,15627.9,c161f1d9c35812ae185e,minqin_2024-05-27-birdnet-18_02_18_01,12.746416666666669,0.3643336010000002,True,audio/analysis_clips/minqin_2024-05-27-birdnet-18_02_18_01.wav
11,11,Spectrogram 1,1,6.906497821,7.318353196,1302.3,14697.7,51bf6355d84998320e35,minqin_2024-05-27-birdnet-18_02_18_01,12.746416666666669,0.411855375,True,audio/analysis_clips/minqin_2024-05-27-birdnet-18_02_18_01.wav
12,12,Spectrogram 1,1,7.445077926,7.629884825,930.2,13860.5,a86f30841f1c617f25a6,minqin_2024-05-27-birdnet-18_02_18_01,12.746416666666669,0.1848068990000007,True,audio/analysis_clips/minqin_2024-05-27-birdnet-18_02_18_01.wav
13,13,Spectrogram 1,1,7.777730345,8.036460003,1116.3,15348.8,dc3dc5d303189653e6fa,minqin_2024-05-27-birdnet-18_02_18_01,12.746416666666669,0.258729658,True,audio/analysis_clips/minqin_2024-05-27-birdnet-18_02_18_01.wav
14,14,Spectrogram 1,1,8.271152483,8.688288055,930.2,14697.7,f9d7cb9833921c854f50,minqin_2024-05-27-birdnet-18_02_18_01,12.746416666666669,0.4171355719999994,True,audio/analysis_clips/minqin_2024-05-27-birdnet-18_02_18_01.wav
15,15,Spectrogram 1,1,9.065822148,9.546320086,1023.3,15534.9,7109e0a7896f1b228fea,minqin_2024-05-27-birdnet-18_02_18_01,12.746416666666669,0.4804979379999992,True,audio/analysis_clips/minqin_2024-05-27-birdnet-18_02_18_01.wav
16,16,Spectrogram 1,1,9.974016052,10.103380881,1209.3,14883.7,50b18e14db5b49ff9bd5,minqin_2024-05-27-birdnet-18_02_18_01,12.746416666666669,0.129364829,True,audio/analysis_clips/minqin_2024-05-27-birdnet-18_02_18_01.wav
17,17,Spectrogram 1,1,10.280267485,10.531076847,1395.3,15441.9,4a6e8a601f00921a1f73,minqin_2024-05-27-birdnet-18_02_18_01,12.746416666666669,0.250809362,True,audio/analysis_clips/minqin_2024-05-27-birdnet-18_02_18_01.wav
18,18,Spectrogram 1,1,10.612919903,10.744924831,1395.3,16186.0,1b634d0aaa25ab89f16b,minqin_2024-05-27-birdnet-18_02_18_01,12.746416666666669,0.1320049280000006,True,audio/analysis_clips/minqin_2024-05-27-birdnet-18_02_18_01.wav
19,19,Spectrogram 1,1,11.072297052,11.333666809,1581.4,14511.6,d378d9dbac33e825ebff,minqin_2024-05-27-birdnet-18_02_18_01,12.746416666666669,0.2613697570000006,True,audio/analysis_clips/minqin_2024-05-27-birdnet-18_02_18_01.wav
20,20,Spectrogram 1,1,11.613517251,12.152097357,1116.3,15255.8,24d2680badda375948c7,minqin_2024-05-27-birdnet-18_02_18_01,12.746416666666669,0.5385801060000013,True,audio/analysis_clips/minqin_2024-05-27-birdnet-18_02_18_01.wav
21,21,Spectrogram 1,1,12.363305242,12.600914112,930.2,15069.8,0fa1c8e86dcbddf1dd16,minqin_2024-05-27-birdnet-18_02_18_01,12.746416666666669,0.2376088700000007,True,audio/analysis_clips/minqin_2024-05-27-birdnet-18_02_18_01.wav
1,1,Spectrogram 1,1,0.180777185,0.350598177,651.2,15441.9,89630407e0ab7e243c80,minqin_2024-06-14-birdnet-11_55_46_01,4.4080625,0.169820992,True,audio/analysis_clips/minqin_2024-06-14-birdnet-11_55_46_01.wav
2,2,Spectrogram 1,1,1.097445336,1.362220001,1302.3,15907.0,e12610403873270df8ef,minqin_2024-06-14-birdnet-11_55_46_01,4.4080625,0.264774665,True,audio/analysis_clips/minqin_2024-06-14-birdnet-11_55_46_01.wav
3,4,Spectrogram 1,1,1.415174934,1.78951153,651.2,16093.0,6ea36248414d7064dd94,minqin_2024-06-14-birdnet-11_55_46_01,4.4080625,0.374336596,True,audio/analysis_clips/minqin_2024-06-14-birdnet-11_55_46_01.wav
4,5,Spectrogram 1,1,1.791337562,1.880813139,558.1,15441.9,f3bdda3c9f6d57759898,minqin_2024-06-14-birdnet-11_55_46_01,4.4080625,0.0894755769999999,True,audio/analysis_clips/minqin_2024-06-14-birdnet-11_55_46_01.wav
5,6,Spectrogram 1,1,3.384889818,3.614969872,0.0,15720.9,5b91ad6e139995268770,minqin_2024-06-14-birdnet-11_55_46_01,4.4080625,0.2300800540000001,True,audio/analysis_clips/minqin_2024-06-14-birdnet-11_55_46_01.wav
6,7,Spectrogram 1,1,4.067825851,4.254081133,744.2,14697.7,0c8364982f4ca7253968,minqin_2024-06-14-birdnet-11_55_46_01,4.4080625,0.1862552819999994,True,audio/analysis_clips/minqin_2024-06-14-birdnet-11_55_46_01.wav
1,1,Spectrogram 1,1,0.250080377,0.359704653,1023.3,7814.0,c983bdbd7ec3ca176b38,shuanghe_2023-05-17-birdnet-17_22_58_01,16.539583333333333,0.1096242759999999,True,audio/analysis_clips/shuanghe_2023-05-17-birdnet-17_22_58_01.wav
2,2,Spectrogram 1,1,0.496734996,0.688577478,2325.6,11534.9,b7308ce936fb0eb26df8,shuanghe_2023-05-17-birdnet-17_22_58_01,16.539583333333333,0.191842482,True,audio/analysis_clips/shuanghe_2023-05-17-birdnet-17_22_58_01.wav
3,3,Spectrogram 1,1,0.910813802,1.564855628,186.0,13302.3,50f23efba1822ade1563,shuanghe_2023-05-17-birdnet-17_22_58_01,16.539583333333333,0.6540418260000002,True,audio/analysis_clips/shuanghe_2023-05-17-birdnet-17_22_58_01.wav
4,4,Spectrogram 1,1,1.654483582,1.964547855,558.1,13581.4,69e0bd96fd9dc78df427,shuanghe_2023-05-17-birdnet-17_22_58_01,16.539583333333333,0.310064273,True,audio/analysis_clips/shuanghe_2023-05-17-birdnet-17_22_58_01.wav
5,7,Spectrogram 1,1,2.260077866,2.446600905,2697.7,15069.8,8cdf1cd989f127748485,shuanghe_2023-05-17-birdnet-17_22_58_01,16.539583333333333,0.1865230389999999,True,audio/analysis_clips/shuanghe_2023-05-17-birdnet-17_22_58_01.wav
6,8,Spectrogram 1,1,2.86986846,3.247759293,465.1,12930.2,d3bbeb6e14559a22b022,shuanghe_2023-05-17-birdnet-17_22_58_01,16.539583333333333,0.3778908329999999,True,audio/analysis_clips/shuanghe_2023-05-17-birdnet-17_22_58_01.wav
7,9,Spectrogram 1,1,3.25018167,3.615960617,744.2,13023.3,9b26eda286723aca5902,shuanghe_2023-05-17-birdnet-17_22_58_01,16.539583333333333,0.3657789469999999,True,audio/analysis_clips/shuanghe_2023-05-17-birdnet-17_22_58_01.wav
8,10,Spectrogram 1,1,2.559804187,2.823843294,558.1,9860.5,ebab26329417ca307c78,shuanghe_2023-05-17-birdnet-17_22_58_01,16.539583333333333,0.2640391069999999,True,audio/analysis_clips/shuanghe_2023-05-17-birdnet-17_22_58_01.wav
9,11,Spectrogram 1,1,3.766147999,4.100436044,1302.3,14046.5,8eb1f015684ddcd51230,shuanghe_2023-05-17-birdnet-17_22_58_01,16.539583333333333,0.3342880450000001,True,audio/analysis_clips/shuanghe_2023-05-17-birdnet-17_22_58_01.wav
10,12,Spectrogram 1,1,4.243356295,4.599445733,1116.3,14232.6,516708549819d0cc22b8,shuanghe_2023-05-17-birdnet-17_22_58_01,16.539583333333333,0.3560894379999997,True,audio/analysis_clips/shuanghe_2023-05-17-birdnet-17_22_58_01.wav
11,13,Spectrogram 1,1,4.70360795,5.023361732,651.2,13674.4,579db8480bfcb33ac9c3,shuanghe_2023-05-17-birdnet-17_22_58_01,16.539583333333333,0.3197537819999994,True,audio/analysis_clips/shuanghe_2023-05-17-birdnet-17_22_58_01.wav
12,14,Spectrogram 1,1,5.430349587,5.614450249,2232.6,11720.9,f05fbfc29d8041168d00,shuanghe_2023-05-17-birdnet-17_22_58_01,16.539583333333333,0.1841006619999996,True,audio/analysis_clips/shuanghe_2023-05-17-birdnet-17_22_58_01.wav
13,15,Spectrogram 1,1,5.779171894,5.980229197,1674.4,14883.7,0174190d20b4e238c022,shuanghe_2023-05-17-birdnet-17_22_58_01,16.539583333333333,0.2010573029999998,True,audio/analysis_clips/shuanghe_2023-05-17-birdnet-17_22_58_01.wav
14,16,Spectrogram 1,1,6.241845927,6.503462657,1488.4,14325.6,370eb4d31d5082ae60e6,shuanghe_2023-05-17-birdnet-17_22_58_01,16.539583333333333,0.2616167300000001,True,audio/analysis_clips/shuanghe_2023-05-17-birdnet-17_22_58_01.wav
15,17,Spectrogram 1,1,6.94918005,7.147814975,2325.6,14232.6,783e5f21bf57b8148bc5,shuanghe_2023-05-17-birdnet-17_22_58_01,16.539583333333333,0.1986349250000003,True,audio/analysis_clips/shuanghe_2023-05-17-birdnet-17_22_58_01.wav
16,18,Spectrogram 1,1,7.469991134,7.671048436,1674.4,14139.5,19800e0d0dd639dfbbf2,shuanghe_2023-05-17-birdnet-17_22_58_01,16.539583333333333,0.2010573020000006,True,audio/analysis_clips/shuanghe_2023-05-17-birdnet-17_22_58_01.wav
17,19,Spectrogram 1,1,7.833347704,8.031982629,3162.8,14697.7,4dd2d365cf70afc970e1,shuanghe_2023-05-17-birdnet-17_22_58_01,16.539583333333333,0.1986349249999994,True,audio/analysis_clips/shuanghe_2023-05-17-birdnet-17_22_58_01.wav
18,20,Spectrogram 1,1,8.283909851,8.596396501,1209.3,13674.4,d01edddfe5b363e46460,shuanghe_2023-05-17-birdnet-17_22_58_01,16.539583333333333,0.3124866499999985,True,audio/analysis_clips/shuanghe_2023-05-17-birdnet-17_22_58_01.wav
19,21,Spectrogram 1,1,8.804720936,9.168077506,465.1,14139.5,1dd0ac964534772e1ddf,shuanghe_2023-05-17-birdnet-17_22_58_01,16.539583333333333,0.3633565699999987,True,audio/analysis_clips/shuanghe_2023-05-17-birdnet-17_22_58_01.wav
20,22,Spectrogram 1,1,9.2746621,9.475719402,651.2,13767.4,3bd495d633c1617ec1ba,shuanghe_2023-05-17-birdnet-17_22_58_01,16.539583333333333,0.2010573019999988,True,audio/analysis_clips/shuanghe_2023-05-17-birdnet-17_22_58_01.wav
21,23,Spectrogram 1,1,9.633173916,9.822119332,1116.3,13302.3,14b0db2cd063052fb4d7,shuanghe_2023-05-17-birdnet-17_22_58_01,16.539583333333333,0.1889454159999992,True,audio/analysis_clips/shuanghe_2023-05-17-birdnet-17_22_58_01.wav
22,24,Spectrogram 1,1,10.015909503,10.345352793,837.2,13674.4,027c215f55e482133607,shuanghe_2023-05-17-birdnet-17_22_58_01,16.539583333333333,0.3294432900000004,True,audio/analysis_clips/shuanghe_2023-05-17-birdnet-17_22_58_01.wav
23,25,Spectrogram 1,1,10.514919192,10.701442232,2511.6,14883.7,ddadcd6246bebfdadfe6,shuanghe_2023-05-17-birdnet-17_22_58_01,16.539583333333333,0.186523039999999,True,audio/analysis_clips/shuanghe_2023-05-17-birdnet-17_22_58_01.wav
24,26,Spectrogram 1,1,10.808026826,11.081755442,1302.3,12930.2,bac118ac4758cdaf2d41,shuanghe_2023-05-17-birdnet-17_22_58_01,16.539583333333333,0.2737286159999996,True,audio/analysis_clips/shuanghe_2023-05-17-birdnet-17_22_58_01.wav
25,27,Spectrogram 1,1,11.345794549,11.527472834,1674.4,14790.7,5b17dd42b5ec029c02a6,shuanghe_2023-05-17-birdnet-17_22_58_01,16.539583333333333,0.1816782849999985,True,audio/analysis_clips/shuanghe_2023-05-17-birdnet-17_22_58_01.wav
26,28,Spectrogram 1,1,11.716418251,12.043439164,1302.3,15720.9,a8696a081f2332d686a7,shuanghe_2023-05-17-birdnet-17_22_58_01,16.539583333333333,0.3270209130000001,True,audio/analysis_clips/shuanghe_2023-05-17-birdnet-17_22_58_01.wav
27,29,Spectrogram 1,1,12.133067118,12.399528602,372.1,14046.5,61a779d3007ba96dc790,shuanghe_2023-05-17-birdnet-17_22_58_01,16.539583333333333,0.2664614840000006,True,audio/analysis_clips/shuanghe_2023-05-17-birdnet-17_22_58_01.wav
28,31,Spectrogram 1,1,12.552138362,12.784686567,1116.3,13488.4,2b1855c8bf2dceaa150e,shuanghe_2023-05-17-birdnet-17_22_58_01,16.539583333333333,0.2325482049999987,True,audio/analysis_clips/shuanghe_2023-05-17-birdnet-17_22_58_01.wav
29,32,Spectrogram 1,1,13.02692428,13.208602565,3534.9,15255.8,106b61d47d415510aa83,shuanghe_2023-05-17-birdnet-17_22_58_01,16.539583333333333,0.1816782850000002,True,audio/analysis_clips/shuanghe_2023-05-17-birdnet-17_22_58_01.wav
30,33,Spectrogram 1,1,13.39997036,13.731836027,1023.3,14697.7,a30d5a8bb3c8ac438627,shuanghe_2023-05-17-birdnet-17_22_58_01,16.539583333333333,0.3318656670000006,True,audio/analysis_clips/shuanghe_2023-05-17-birdnet-17_22_58_01.wav
31,34,Spectrogram 1,1,13.89898005,14.133950632,1209.3,14418.6,6f3212ae0544f426d777,shuanghe_2023-05-17-birdnet-17_22_58_01,16.539583333333333,0.2349705819999989,True,audio/analysis_clips/shuanghe_2023-05-17-birdnet-17_22_58_01.wav
32,35,Spectrogram 1,1,14.448859659,14.746812047,1302.3,13767.4,a66ce93da9662217273e,shuanghe_2023-05-17-birdnet-17_22_58_01,16.539583333333333,0.2979523880000005,True,audio/analysis_clips/shuanghe_2023-05-17-birdnet-17_22_58_01.wav
33,36,Spectrogram 1,1,14.792837212,15.003584023,3255.8,12558.1,2c6ae3c636cd225c01e2,shuanghe_2023-05-17-birdnet-17_22_58_01,16.539583333333333,0.2107468109999999,True,audio/analysis_clips/shuanghe_2023-05-17-birdnet-17_22_58_01.wav
34,37,Spectrogram 1,1,15.068988205,15.180417553,1860.5,8186.0,c477d0aa141af835842f,shuanghe_2023-05-17-birdnet-17_22_58_01,16.539583333333333,0.1114293479999997,True,audio/analysis_clips/shuanghe_2023-05-17-birdnet-17_22_58_01.wav
35,38,Spectrogram 1,1,15.391488432,15.737888362,744.2,15441.9,8cb7431b6da1fa0bb907,shuanghe_2023-05-17-birdnet-17_22_58_01,16.539583333333333,0.3463999300000004,True,audio/analysis_clips/shuanghe_2023-05-17-birdnet-17_22_58_01.wav
36,39,Spectrogram 1,1,15.902610007,16.0939778,3069.8,12000.0,4500a6747d9276ab3376,shuanghe_2023-05-17-birdnet-17_22_58_01,16.539583333333333,0.1913677930000012,True,audio/analysis_clips/shuanghe_2023-05-17-birdnet-17_22_58_01.wav
1,1,Spectrogram 1,1,0.191308444,0.47568586,930.2,13302.3,9295572a1ed758d5b8de,shuanghe_2023-05-19-birdnet-18_10_36_01,6.2408125,0.284377416,True,audio/analysis_clips/shuanghe_2023-05-19-birdnet-18_10_36_01.wav
2,2,Spectrogram 1,1,0.739381283,0.878984742,1023.3,10976.7,eff2833b52fec33f27fc,shuanghe_2023-05-19-birdnet-18_10_36_01,6.2408125,0.139603459,True,audio/analysis_clips/shuanghe_2023-05-19-birdnet-18_10_36_01.wav
3,3,Spectrogram 1,1,1.266772128,1.561490541,465.1,14790.7,0cf0c01f965e4385d347,shuanghe_2023-05-19-birdnet-18_10_36_01,6.2408125,0.294718413,True,audio/analysis_clips/shuanghe_2023-05-19-birdnet-18_10_36_01.wav
4,4,Spectrogram 1,1,1.760554733,1.897572943,651.2,14790.7,21280a9beb5a7b29048d,shuanghe_2023-05-19-birdnet-18_10_36_01,6.2408125,0.1370182099999999,True,audio/analysis_clips/shuanghe_2023-05-19-birdnet-18_10_36_01.wav
5,5,Spectrogram 1,1,2.210388101,2.360332557,837.2,13488.4,9fec40c9842cf7f668ba,shuanghe_2023-05-19-birdnet-18_10_36_01,6.2408125,0.149944456,True,audio/analysis_clips/shuanghe_2023-05-19-birdnet-18_10_36_01.wav
6,6,Spectrogram 1,1,2.626613228,2.908405396,372.1,18697.7,96ec6e365a363161484e,shuanghe_2023-05-19-birdnet-18_10_36_01,6.2408125,0.2817921679999999,True,audio/analysis_clips/shuanghe_2023-05-19-birdnet-18_10_36_01.wav
7,7,Spectrogram 1,1,3.143663076,3.280681286,1302.3,16186.0,a108807321018a4ace24,shuanghe_2023-05-19-birdnet-18_10_36_01,6.2408125,0.1370182099999999,True,audio/analysis_clips/shuanghe_2023-05-19-birdnet-18_10_36_01.wav
8,8,Spectrogram 1,1,3.577984949,3.702076912,2232.6,16093.0,af278353a04b47c63913,shuanghe_2023-05-19-birdnet-18_10_36_01,6.2408125,0.1240919629999997,True,audio/analysis_clips/shuanghe_2023-05-19-birdnet-18_10_36_01.wav
9,9,Spectrogram 1,1,4.064011806,4.350974472,744.2,14883.7,2623c1e56f45f0a5f3cd,shuanghe_2023-05-19-birdnet-18_10_36_01,6.2408125,0.286962666,True,audio/analysis_clips/shuanghe_2023-05-19-birdnet-18_10_36_01.wav
10,10,Spectrogram 1,1,4.570720657,4.689642122,1395.3,15441.9,6ed0c3a0f26c9febdffc,shuanghe_2023-05-19-birdnet-18_10_36_01,6.2408125,0.1189214650000005,True,audio/analysis_clips/shuanghe_2023-05-19-birdnet-18_10_36_01.wav
11,11,Spectrogram 1,1,4.979190037,5.13947549,1209.3,12930.2,86dd70b50dd503a87562,shuanghe_2023-05-19-birdnet-18_10_36_01,6.2408125,0.1602854529999993,True,audio/analysis_clips/shuanghe_2023-05-19-birdnet-18_10_36_01.wav
12,12,Spectrogram 1,1,5.361806925,5.646184341,0.0,15348.8,689c16842634cb8cf694,shuanghe_2023-05-19-birdnet-18_10_36_01,6.2408125,0.2843774159999999,True,audio/analysis_clips/shuanghe_2023-05-19-birdnet-18_10_36_01.wav
13,13,Spectrogram 1,1,5.925391259,6.036556977,1488.4,13395.3,5f4ee2deedffedf193d0,shuanghe_2023-05-19-birdnet-18_10_36_01,6.2408125,0.1111657179999996,True,audio/analysis_clips/shuanghe_2023-05-19-birdnet-18_10_36_01.wav
1,1,Spectrogram 1,1,0.0,0.211929513,930.2,13767.4,97a62f40ee39f723e08b,shuanghe_2023-05-21-birdnet-10_32_56_01,27.65395833333333,0.211929513,True,audio/analysis_clips/shuanghe_2023-05-21-birdnet-10_32_56_01.wav
2,2,Spectrogram 1,1,0.211929513,0.544143344,0.0,13302.3,06678d1f9f9b3624a6d0,shuanghe_2023-05-21-birdnet-10_32_56_01,27.65395833333333,0.3322138309999999,True,audio/analysis_clips/shuanghe_2023-05-21-birdnet-10_32_56_01.wav
3,3,Spectrogram 1,1,0.544143344,0.73602547,279.1,10883.7,1ef86f7fdb26904cb180,shuanghe_2023-05-21-birdnet-10_32_56_01,27.65395833333333,0.191882126,True,audio/analysis_clips/shuanghe_2023-05-21-birdnet-10_32_56_01.wav
4,4,Spectrogram 1,1,0.807623278,0.996641492,1023.3,13209.3,32f5bb3abbadf41ac78c,shuanghe_2023-05-21-birdnet-10_32_56_01,27.65395833333333,0.1890182139999999,True,audio/analysis_clips/shuanghe_2023-05-21-birdnet-10_32_56_01.wav
5,5,Spectrogram 1,1,1.325991411,1.663933066,0.0,12930.2,814ef5d9dd55fac75468,shuanghe_2023-05-21-birdnet-10_32_56_01,27.65395833333333,0.337941655,True,audio/analysis_clips/shuanghe_2023-05-21-birdnet-10_32_56_01.wav
6,6,Spectrogram 1,1,1.890182141,2.041969494,1395.3,12930.2,37c0bf02d0a49812de56,shuanghe_2023-05-21-birdnet-10_32_56_01,27.65395833333333,0.151787353,True,audio/analysis_clips/shuanghe_2023-05-21-birdnet-10_32_56_01.wav
7,7,Spectrogram 1,1,2.173709462,2.316905078,837.2,9767.4,b12722bc6b9f23eb6bef,shuanghe_2023-05-21-birdnet-10_32_56_01,27.65395833333333,0.1431956159999998,True,audio/analysis_clips/shuanghe_2023-05-21-birdnet-10_32_56_01.wav
8,8,Spectrogram 1,1,2.614751961,2.855320597,837.2,12372.1,d1569484c41c75ae31a3,shuanghe_2023-05-21-birdnet-10_32_56_01,27.65395833333333,0.2405686359999999,True,audio/analysis_clips/shuanghe_2023-05-21-birdnet-10_32_56_01.wav
9,9,Spectrogram 1,1,3.041474899,3.227629201,930.2,12651.2,b2d693669218d4d6fb99,shuanghe_2023-05-21-birdnet-10_32_56_01,27.65395833333333,0.1861543020000002,True,audio/analysis_clips/shuanghe_2023-05-21-birdnet-10_32_56_01.wav
10,10,Spectrogram 1,1,3.38064409,3.641260112,1581.4,14604.7,0f0c8bec01b9c1a11305,shuanghe_2023-05-21-birdnet-10_32_56_01,27.65395833333333,0.2606160219999998,True,audio/analysis_clips/shuanghe_2023-05-21-birdnet-10_32_56_01.wav
11,11,Spectrogram 1,1,3.658443586,4.025024365,744.2,12837.2,dc18dffddf535c6f6cd0,shuanghe_2023-05-21-birdnet-10_32_56_01,27.65395833333333,0.3665807789999999,True,audio/analysis_clips/shuanghe_2023-05-21-birdnet-10_32_56_01.wav
12,12,Spectrogram 1,1,4.179675631,4.414516442,1023.3,12186.0,8f7e8fb388787c5823fb,shuanghe_2023-05-21-birdnet-10_32_56_01,27.65395833333333,0.2348408109999997,True,audio/analysis_clips/shuanghe_2023-05-21-birdnet-10_32_56_01.wav
13,13,Spectrogram 1,1,4.609262481,4.766777659,1023.3,9302.3,9b1ee0fd9717466abc41,shuanghe_2023-05-21-birdnet-10_32_56_01,27.65395833333333,0.1575151779999997,True,audio/analysis_clips/shuanghe_2023-05-21-birdnet-10_32_56_01.wav
14,14,Spectrogram 1,1,4.932884575,5.23359537,930.2,13209.3,6390ff093fe9086b42c3,shuanghe_2023-05-21-birdnet-10_32_56_01,27.65395833333333,0.3007107949999996,True,audio/analysis_clips/shuanghe_2023-05-21-birdnet-10_32_56_01.wav
15,15,Spectrogram 1,1,5.436933146,5.806377837,930.2,14325.6,2ce6171b08ff3fd52dd8,shuanghe_2023-05-21-birdnet-10_32_56_01,27.65395833333333,0.369444691,True,audio/analysis_clips/shuanghe_2023-05-21-birdnet-10_32_56_01.wav
16,16,Spectrogram 1,1,5.869383908,6.061266035,1116.3,14046.5,8a2a2c1f99059dbe767d,shuanghe_2023-05-21-birdnet-10_32_56_01,27.65395833333333,0.1918821270000004,True,audio/analysis_clips/shuanghe_2023-05-21-birdnet-10_32_56_01.wav
17,17,Spectrogram 1,1,6.121408194,6.550995044,651.2,12558.1,c79f3552db8a6c094ab6,shuanghe_2023-05-21-birdnet-10_32_56_01,27.65395833333333,0.4295868500000006,True,audio/analysis_clips/shuanghe_2023-05-21-birdnet-10_32_56_01.wav
18,18,Spectrogram 1,1,7.103730124,7.447399604,1116.3,12744.2,a17c69eae87d82fbe376,shuanghe_2023-05-21-birdnet-10_32_56_01,27.65395833333333,0.3436694799999999,True,audio/analysis_clips/shuanghe_2023-05-21-birdnet-10_32_56_01.wav
19,19,Spectrogram 1,1,6.685598923,7.095138387,837.2,13395.3,d93b9ebae9a8f12123d5,shuanghe_2023-05-21-birdnet-10_32_56_01,27.65395833333333,0.4095394640000007,True,audio/analysis_clips/shuanghe_2023-05-21-birdnet-10_32_56_01.wav
20,20,Spectrogram 1,1,7.573411747,8.108963354,651.2,14697.7,a14764bd6b7b93e0c70d,shuanghe_2023-05-21-birdnet-10_32_56_01,27.65395833333333,0.5355516070000004,True,audio/analysis_clips/shuanghe_2023-05-21-birdnet-10_32_56_01.wav
21,21,Spectrogram 1,1,8.275070269,8.446905009,930.2,12465.1,1e7039969495e009411f,shuanghe_2023-05-21-birdnet-10_32_56_01,27.65395833333333,0.1718347399999995,True,audio/analysis_clips/shuanghe_2023-05-21-birdnet-10_32_56_01.wav
22,22,Spectrogram 1,1,8.458360658,8.707521031,1023.3,12744.2,c2cd6b1263d87e4ed3ac,shuanghe_2023-05-21-birdnet-10_32_56_01,27.65395833333333,0.2491603730000005,True,audio/analysis_clips/shuanghe_2023-05-21-birdnet-10_32_56_01.wav
23,23,Spectrogram 1,1,8.787710566,8.945225744,1302.3,8744.2,2b64010b9ec702a7caa9,shuanghe_2023-05-21-birdnet-10_32_56_01,27.65395833333333,0.1575151780000006,True,audio/analysis_clips/shuanghe_2023-05-21-birdnet-10_32_56_01.wav
24,24,Spectrogram 1,1,9.045462676,9.191522205,1395.3,13860.5,c1a2d460a2b1a817f1e5,shuanghe_2023-05-21-birdnet-10_32_56_01,27.65395833333333,0.1460595290000004,True,audio/analysis_clips/shuanghe_2023-05-21-birdnet-10_32_56_01.wav
25,25,Spectrogram 1,1,9.288895224,9.477913438,1116.3,13209.3,cd92591feaca25afa24b,shuanghe_2023-05-21-birdnet-10_32_56_01,27.65395833333333,0.1890182140000007,True,audio/analysis_clips/shuanghe_2023-05-21-birdnet-10_32_56_01.wav
26,26,Spectrogram 1,1,9.56669472,9.812991181,1116.3,11441.9,5ac165be4b622d7d70cc,shuanghe_2023-05-21-birdnet-10_32_56_01,27.65395833333333,0.246296461,True,audio/analysis_clips/shuanghe_2023-05-21-birdnet-10_32_56_01.wav
27,27,Spectrogram 1,1,10.122293713,10.397229297,1209.3,12558.1,6d926a4cf9292954f80c,shuanghe_2023-05-21-birdnet-10_32_56_01,27.65395833333333,0.2749355840000014,True,audio/analysis_clips/shuanghe_2023-05-21-birdnet-10_32_56_01.wav
28,28,Spectrogram 1,1,10.836635166,10.971239046,1767.4,12558.1,339505ef816d6d958486,shuanghe_2023-05-21-birdnet-10_32_56_01,27.65395833333333,0.1346038800000002,True,audio/analysis_clips/shuanghe_2023-05-21-birdnet-10_32_56_01.wav
29,29,Spectrogram 1,1,11.07433989,11.306316789,2046.5,13860.5,7999fa9d09b2d01f8b06,shuanghe_2023-05-21-birdnet-10_32_56_01,27.65395833333333,0.231976899000001,True,audio/analysis_clips/shuanghe_2023-05-21-birdnet-10_32_56_01.wav
30,30,Spectrogram 1,1,12.300094369,12.612260814,1023.3,11720.9,2bd919c2a288eb206fbf,shuanghe_2023-05-21-birdnet-10_32_56_01,27.65395833333333,0.3121664450000008,True,audio/analysis_clips/shuanghe_2023-05-21-birdnet-10_32_56_01.wav
31,31,Spectrogram 1,1,12.701042096,13.018936365,1209.3,12186.0,1a004fc13bfa87c396b6,shuanghe_2023-05-21-birdnet-10_32_56_01,27.65395833333333,0.3178942689999999,True,audio/analysis_clips/shuanghe_2023-05-21-birdnet-10_32_56_01.wav
32,32,Spectrogram 1,1,13.090534174,13.428475829,651.2,13023.3,8cb75c500cc66ae4ce83,shuanghe_2023-05-21-birdnet-10_32_56_01,27.65395833333333,0.3379416549999998,True,audio/analysis_clips/shuanghe_2023-05-21-birdnet-10_32_56_01.wav
33,33,Spectrogram 1,1,13.614630131,13.780737046,1023.3,12558.1,7752bb8c663a4b248691,shuanghe_2023-05-21-birdnet-10_32_56_01,27.65395833333333,0.1661069150000003,True,audio/analysis_clips/shuanghe_2023-05-21-birdnet-10_32_56_01.wav
34,34,Spectrogram 1,1,13.9325244,14.161637387,930.2,12372.1,3fb2c7618d9d68bd260a,shuanghe_2023-05-21-birdnet-10_32_56_01,27.65395833333333,0.2291129870000006,True,audio/analysis_clips/shuanghe_2023-05-21-birdnet-10_32_56_01.wav
35,35,Spectrogram 1,1,14.823201136,15.083817158,837.2,13023.3,e605cc07ca3a566b002f,shuanghe_2023-05-21-birdnet-10_32_56_01,27.65395833333333,0.2606160220000006,True,audio/analysis_clips/shuanghe_2023-05-21-birdnet-10_32_56_01.wav
36,36,Spectrogram 1,1,14.499579042,14.671413782,1209.3,10604.7,4b5389bd9036673b7ae9,shuanghe_2023-05-21-birdnet-10_32_56_01,27.65395833333333,0.1718347399999995,True,audio/analysis_clips/shuanghe_2023-05-21-birdnet-10_32_56_01.wav
37,37,Spectrogram 1,1,11.426192337,11.672488798,1395.3,12465.1,3ebefa09b5732437dd74,shuanghe_2023-05-21-birdnet-10_32_56_01,27.65395833333333,0.246296461,True,audio/analysis_clips/shuanghe_2023-05-21-birdnet-10_32_56_01.wav
38,38,Spectrogram 1,1,11.827140064,12.047661314,1116.3,11069.8,29fcbef86cdc9ccc45bd,shuanghe_2023-05-21-birdnet-10_32_56_01,27.65395833333333,0.2205212500000009,True,audio/analysis_clips/shuanghe_2023-05-21-birdnet-10_32_56_01.wav
39,39,Spectrogram 1,1,15.263834865,15.449989167,1395.3,12744.2,7881b8d94eb02ef1fc81,shuanghe_2023-05-21-birdnet-10_32_56_01,27.65395833333333,0.1861543020000002,True,audio/analysis_clips/shuanghe_2023-05-21-birdnet-10_32_56_01.wav
40,40,Spectrogram 1,1,15.596048696,15.954037738,651.2,12465.1,c4f92fd4c52d89a825ee,shuanghe_2023-05-21-birdnet-10_32_56_01,27.65395833333333,0.3579890419999998,True,audio/analysis_clips/shuanghe_2023-05-21-birdnet-10_32_56_01.wav
41,41,Spectrogram 1,1,16.045682933,16.592690189,651.2,13116.3,fef219019e5c0bcd8c62,shuanghe_2023-05-21-birdnet-10_32_56_01,27.65395833333333,0.5470072560000006,True,audio/analysis_clips/shuanghe_2023-05-21-birdnet-10_32_56_01.wav
42,42,Spectrogram 1,1,16.718702331,17.262845675,930.2,13209.3,06ccfcda577838b64246,shuanghe_2023-05-21-birdnet-10_32_56_01,27.65395833333333,0.5441433440000019,True,audio/analysis_clips/shuanghe_2023-05-21-birdnet-10_32_56_01.wav
43,43,Spectrogram 1,1,17.308668277,17.652337757,186.0,13209.3,8822b5a39f6279d50b4c,shuanghe_2023-05-21-birdnet-10_32_56_01,27.65395833333333,0.3436694800000026,True,audio/analysis_clips/shuanghe_2023-05-21-birdnet-10_32_56_01.wav
44,44,Spectrogram 1,1,17.706752091,18.016054624,1116.3,13488.4,c6eea7a084cdbaeb1ac1,shuanghe_2023-05-21-birdnet-10_32_56_01,27.65395833333333,0.3093025330000003,True,audio/analysis_clips/shuanghe_2023-05-21-birdnet-10_32_56_01.wav
45,45,Spectrogram 1,1,18.104835906,18.508647545,930.2,13674.4,bc2ee89df4d832dbaec7,shuanghe_2023-05-21-birdnet-10_32_56_01,27.65395833333333,0.403811638999997,True,audio/analysis_clips/shuanghe_2023-05-21-birdnet-10_32_56_01.wav
46,46,Spectrogram 1,1,18.528694931,18.837997463,1023.3,14046.5,baabc3ed3498ed9ad4bf,shuanghe_2023-05-21-birdnet-10_32_56_01,27.65395833333333,0.3093025320000002,True,audio/analysis_clips/shuanghe_2023-05-21-birdnet-10_32_56_01.wav
47,47,Spectrogram 1,1,18.923914834,19.321998648,1116.3,13302.3,097987db2fb226937f20,shuanghe_2023-05-21-birdnet-10_32_56_01,27.65395833333333,0.3980838139999996,True,audio/analysis_clips/shuanghe_2023-05-21-birdnet-10_32_56_01.wav
48,48,Spectrogram 1,1,19.353501684,19.745857673,1116.3,12930.2,06e82362fb8a35e3f81f,shuanghe_2023-05-21-birdnet-10_32_56_01,27.65395833333333,0.3923559889999986,True,audio/analysis_clips/shuanghe_2023-05-21-birdnet-10_32_56_01.wav
49,49,Spectrogram 1,1,19.822365642,20.057206453,1023.3,12465.1,1000da227bab6ffdcb93,shuanghe_2023-05-21-birdnet-10_32_56_01,27.65395833333333,0.2348408109999979,True,audio/analysis_clips/shuanghe_2023-05-21-birdnet-10_32_56_01.wav
50,50,Spectrogram 1,1,20.403739846,20.589894147,1116.3,12744.2,adcab05af8bc6d35ccbd,shuanghe_2023-05-21-birdnet-10_32_56_01,27.65395833333333,0.1861543009999984,True,audio/analysis_clips/shuanghe_2023-05-21-birdnet-10_32_56_01.wav
51,51,Spectrogram 1,1,20.713042378,20.870557556,930.2,8744.2,1ef0098baa021af5287f,shuanghe_2023-05-21-birdnet-10_32_56_01,27.65395833333333,0.1575151780000006,True,audio/analysis_clips/shuanghe_2023-05-21-birdnet-10_32_56_01.wav
52,52,Spectrogram 1,1,20.967930575,21.282960932,1023.3,12465.1,54b739a13556a9a404b1,shuanghe_2023-05-21-birdnet-10_32_56_01,27.65395833333333,0.3150303570000012,True,audio/analysis_clips/shuanghe_2023-05-21-birdnet-10_32_56_01.wav
53,53,Spectrogram 1,1,22.313150947,22.508715411,1395.3,11441.9,54e13cb1e8d1dddc90e8,shuanghe_2023-05-21-birdnet-10_32_56_01,27.65395833333333,0.1955644640000002,True,audio/analysis_clips/shuanghe_2023-05-21-birdnet-10_32_56_01.wav
54,54,Spectrogram 1,1,22.674822327,22.903935313,837.2,12837.2,259c488c1e6a489d6b6c,shuanghe_2023-05-21-birdnet-10_32_56_01,27.65395833333333,0.2291129860000005,True,audio/analysis_clips/shuanghe_2023-05-21-birdnet-10_32_56_01.wav
55,55,Spectrogram 1,1,23.333522164,23.513948641,651.2,9023.3,0aa009d77f7f294d15af,shuanghe_2023-05-21-birdnet-10_32_56_01,27.65395833333333,0.1804264769999974,True,audio/analysis_clips/shuanghe_2023-05-21-birdnet-10_32_56_01.wav
56,56,Spectrogram 1,1,23.894030555,24.043772422,837.2,13395.3,90f802d0d7f83217f051,shuanghe_2023-05-21-birdnet-10_32_56_01,27.65395833333333,0.1497418669999994,True,audio/analysis_clips/shuanghe_2023-05-21-birdnet-10_32_56_01.wav
57,57,Spectrogram 1,1,24.373122341,24.702472259,930.2,14883.7,117a4dd27149b542a906,shuanghe_2023-05-21-birdnet-10_32_56_01,27.65395833333333,0.3293499180000019,True,audio/analysis_clips/shuanghe_2023-05-21-birdnet-10_32_56_01.wav
58,58,Spectrogram 1,1,24.874307004,25.051869569,1674.4,14418.6,a9c81eb6bfd37028fd99,shuanghe_2023-05-21-birdnet-10_32_56_01,27.65395833333333,0.1775625650000023,True,audio/analysis_clips/shuanghe_2023-05-21-birdnet-10_32_56_01.wav
59,59,Spectrogram 1,1,25.166426062,25.349716452,1023.3,13488.4,a7544219e265a06c4030,shuanghe_2023-05-21-birdnet-10_32_56_01,27.65395833333333,0.1832903899999998,True,audio/analysis_clips/shuanghe_2023-05-21-birdnet-10_32_56_01.wav
60,60,Spectrogram 1,1,25.447089471,25.951138042,837.2,13302.3,3d7a4ea080db8c423578,shuanghe_2023-05-21-birdnet-10_32_56_01,27.65395833333333,0.5040485709999984,True,audio/analysis_clips/shuanghe_2023-05-21-birdnet-10_32_56_01.wav
61,61,Spectrogram 1,1,25.988368902,26.380724892,1209.3,12930.2,fabf09f97e114bdc2fa0,shuanghe_2023-05-21-birdnet-10_32_56_01,27.65395833333333,0.3923559899999986,True,audio/analysis_clips/shuanghe_2023-05-21-birdnet-10_32_56_01.wav
62,62,Spectrogram 1,1,26.400772278,26.999329956,930.2,13488.4,24330eb61cad6bb9d475,shuanghe_2023-05-21-birdnet-10_32_56_01,27.65395833333333,0.5985576779999988,True,audio/analysis_clips/shuanghe_2023-05-21-birdnet-10_32_56_01.wav
63,63,Spectrogram 1,1,27.176892521,27.383094209,837.2,13674.4,21b559c4610dd140e8d6,shuanghe_2023-05-21-birdnet-10_32_56_01,27.65395833333333,0.2062016880000001,True,audio/analysis_clips/shuanghe_2023-05-21-birdnet-10_32_56_01.wav
64,64,Spectrogram 1,1,22.066854486,22.310287035,1488.4,12465.1,f259716142b243353f3e,shuanghe_2023-05-21-birdnet-10_32_56_01,27.65395833333333,0.2434325490000013,True,audio/analysis_clips/shuanghe_2023-05-21-birdnet-10_32_56_01.wav
65,65,Spectrogram 1,1,23.613367147,23.888302731,1395.3,13674.4,b826c70a389556b33213,shuanghe_2023-05-21-birdnet-10_32_56_01,27.65395833333333,0.2749355839999978,True,audio/analysis_clips/shuanghe_2023-05-21-birdnet-10_32_56_01.wav
1,1,Spectrogram 1,1,0.340163837,0.494783764,1674.4,11348.8,05bacaaeb846fca4a9f2,shuanghe_2023-05-21-birdnet-10_33_26_01,17.5953125,0.154619927,True,audio/analysis_clips/shuanghe_2023-05-21-birdnet-10_33_26_01.wav
2,2,Spectrogram 1,1,0.659711685,0.832370602,558.1,11441.9,1218b5f22a5bf668dec8,shuanghe_2023-05-21-birdnet-10_33_26_01,17.5953125,0.172658917,True,audio/analysis_clips/shuanghe_2023-05-21-birdnet-10_33_26_01.wav
3,3,Spectrogram 1,1,0.948335547,1.242113406,465.1,12651.2,c8fbec55eea993ee2969,shuanghe_2023-05-21-birdnet-10_33_26_01,17.5953125,0.2937778590000001,True,audio/analysis_clips/shuanghe_2023-05-21-birdnet-10_33_26_01.wav
4,4,Spectrogram 1,1,1.404464329,1.602893234,837.2,13860.5,e05a702938fe23f6444c,shuanghe_2023-05-21-birdnet-10_33_26_01,17.5953125,0.1984289049999998,True,audio/analysis_clips/shuanghe_2023-05-21-birdnet-10_33_26_01.wav
5,5,Spectrogram 1,1,1.724012176,1.845131118,930.2,11627.9,ded99ce270b627ba3a1b,shuanghe_2023-05-21-birdnet-10_33_26_01,17.5953125,0.121118942,True,audio/analysis_clips/shuanghe_2023-05-21-birdnet-10_33_26_01.wav
6,6,Spectrogram 1,1,2.007482041,2.156947969,1302.3,11162.8,101c28183935dc2f706b,shuanghe_2023-05-21-birdnet-10_33_26_01,17.5953125,0.1494659280000001,True,audio/analysis_clips/shuanghe_2023-05-21-birdnet-10_33_26_01.wav
7,7,Spectrogram 1,1,2.618230749,2.84500664,1023.3,11255.8,62122d63b3c95a477b2c,shuanghe_2023-05-21-birdnet-10_33_26_01,17.5953125,0.2267758909999999,True,audio/analysis_clips/shuanghe_2023-05-21-birdnet-10_33_26_01.wav
8,8,Spectrogram 1,1,3.185170478,3.362983393,930.2,13209.3,92f134d3481daac5ff49,shuanghe_2023-05-21-birdnet-10_33_26_01,17.5953125,0.177812915,True,audio/analysis_clips/shuanghe_2023-05-21-birdnet-10_33_26_01.wav
9,9,Spectrogram 1,1,3.527911314,3.878383147,837.2,14232.6,d00be17080fbd6a98e35,shuanghe_2023-05-21-birdnet-10_33_26_01,17.5953125,0.3504718330000003,True,audio/analysis_clips/shuanghe_2023-05-21-birdnet-10_33_26_01.wav
10,10,Spectrogram 1,1,3.93507712,4.31131894,1023.3,14697.7,d74b02a360d35a921a22,shuanghe_2023-05-21-birdnet-10_33_26_01,17.5953125,0.3762418199999997,True,audio/analysis_clips/shuanghe_2023-05-21-birdnet-10_33_26_01.wav
11,11,Spectrogram 1,1,4.388628903,4.496862851,1209.3,12000.0,805be13b6e1081771890,shuanghe_2023-05-21-birdnet-10_33_26_01,17.5953125,0.1082339480000005,True,audio/analysis_clips/shuanghe_2023-05-21-birdnet-10_33_26_01.wav
12,12,Spectrogram 1,1,4.545825828,4.8138337,1023.3,13302.3,94e101ce53b934115179,shuanghe_2023-05-21-birdnet-10_33_26_01,17.5953125,0.2680078720000001,True,audio/analysis_clips/shuanghe_2023-05-21-birdnet-10_33_26_01.wav
13,13,Spectrogram 1,1,4.937529641,5.146266541,1116.3,10325.6,a0a6fd2803e434b42c98,shuanghe_2023-05-21-birdnet-10_33_26_01,17.5953125,0.2087368999999999,True,audio/analysis_clips/shuanghe_2023-05-21-birdnet-10_33_26_01.wav
14,14,Spectrogram 1,1,5.223576504,5.507046368,744.2,10976.7,79d78648299a6cacd768,shuanghe_2023-05-21-birdnet-10_33_26_01,17.5953125,0.2834698639999997,True,audio/analysis_clips/shuanghe_2023-05-21-birdnet-10_33_26_01.wav
15,15,Spectrogram 1,1,5.558586344,5.800824228,1395.3,12651.2,7b1a2519fa932503b651,shuanghe_2023-05-21-birdnet-10_33_26_01,17.5953125,0.2422378839999996,True,audio/analysis_clips/shuanghe_2023-05-21-birdnet-10_33_26_01.wav
16,16,Spectrogram 1,1,5.839479209,6.148719062,558.1,14697.7,6383c314b4dd282fa6f4,shuanghe_2023-05-21-birdnet-10_33_26_01,17.5953125,0.3092398529999993,True,audio/analysis_clips/shuanghe_2023-05-21-birdnet-10_33_26_01.wav
17,17,Spectrogram 1,1,6.207990035,6.352301966,1488.4,10976.7,46d2dd8bf4bfeebf7bd2,shuanghe_2023-05-21-birdnet-10_33_26_01,17.5953125,0.1443119309999998,True,audio/analysis_clips/shuanghe_2023-05-21-birdnet-10_33_26_01.wav
18,18,Spectrogram 1,1,6.494036898,6.602270847,1023.3,13395.3,5b9c4630879f860ec836,shuanghe_2023-05-21-birdnet-10_33_26_01,17.5953125,0.1082339489999997,True,audio/analysis_clips/shuanghe_2023-05-21-birdnet-10_33_26_01.wav
19,19,Spectrogram 1,1,6.707927796,6.883163712,1116.3,12930.2,dd211163e934c19ae82d,shuanghe_2023-05-21-birdnet-10_33_26_01,17.5953125,0.1752359160000001,True,audio/analysis_clips/shuanghe_2023-05-21-birdnet-10_33_26_01.wav
20,20,Spectrogram 1,1,6.957896677,7.151171584,1302.3,10511.6,4b9520d512b5125bf920,shuanghe_2023-05-21-birdnet-10_33_26_01,17.5953125,0.1932749070000001,True,audio/analysis_clips/shuanghe_2023-05-21-birdnet-10_33_26_01.wav
21,21,Spectrogram 1,1,7.272290526,7.45268044,651.2,12000.0,f848ac64c177ea1b8b76,shuanghe_2023-05-21-birdnet-10_33_26_01,17.5953125,0.180389914,True,audio/analysis_clips/shuanghe_2023-05-21-birdnet-10_33_26_01.wav
22,22,Spectrogram 1,1,7.555760391,8.076314142,930.2,14139.5,699e1f18d4c96d7ea661,shuanghe_2023-05-21-birdnet-10_33_26_01,17.5953125,0.5205537509999996,True,audio/analysis_clips/shuanghe_2023-05-21-birdnet-10_33_26_01.wav
23,23,Spectrogram 1,1,8.10208413,8.540173921,1023.3,14046.5,ee733bf1b0bb8b5c0e86,shuanghe_2023-05-21-birdnet-10_33_26_01,17.5953125,0.4380897909999994,True,audio/analysis_clips/shuanghe_2023-05-21-birdnet-10_33_26_01.wav
24,24,Spectrogram 1,1,8.596867893,8.91899274,1302.3,13116.3,f13464841967fed52813,shuanghe_2023-05-21-birdnet-10_33_26_01,17.5953125,0.3221248469999995,True,audio/analysis_clips/shuanghe_2023-05-21-birdnet-10_33_26_01.wav
25,25,Spectrogram 1,1,9.006610698,9.390583514,1116.3,13023.3,24275b20bb88e62c6820,shuanghe_2023-05-21-birdnet-10_33_26_01,17.5953125,0.383972816,True,audio/analysis_clips/shuanghe_2023-05-21-birdnet-10_33_26_01.wav
26,26,Spectrogram 1,1,9.431815494,9.596743416,1395.3,12093.0,9442c35c37bcdfe0e01d,shuanghe_2023-05-21-birdnet-10_33_26_01,17.5953125,0.1649279220000004,True,audio/analysis_clips/shuanghe_2023-05-21-birdnet-10_33_26_01.wav
27,27,Spectrogram 1,1,9.679207376,10.204915125,930.2,13023.3,a8238fe7a8d78a44818c,shuanghe_2023-05-21-birdnet-10_33_26_01,17.5953125,0.5257077489999986,True,audio/analysis_clips/shuanghe_2023-05-21-birdnet-10_33_26_01.wav
28,28,Spectrogram 1,1,10.21522312,10.408498028,651.2,14139.5,a35404a1f58629ef6912,shuanghe_2023-05-21-birdnet-10_33_26_01,17.5953125,0.1932749080000011,True,audio/analysis_clips/shuanghe_2023-05-21-birdnet-10_33_26_01.wav
29,29,Spectrogram 1,1,10.588887942,10.818240832,1023.3,12558.1,9ca492e946d89e4279d6,shuanghe_2023-05-21-birdnet-10_33_26_01,17.5953125,0.2293528900000012,True,audio/analysis_clips/shuanghe_2023-05-21-birdnet-10_33_26_01.wav
30,30,Spectrogram 1,1,10.936782777,11.122326688,1023.3,8744.2,dd836e2edd84a4ceb7e2,shuanghe_2023-05-21-birdnet-10_33_26_01,17.5953125,0.1855439109999999,True,audio/analysis_clips/shuanghe_2023-05-21-birdnet-10_33_26_01.wav
31,31,Spectrogram 1,1,11.36971857,11.596494462,1209.3,13767.4,e7f5e86c76623531d635,shuanghe_2023-05-21-birdnet-10_33_26_01,17.5953125,0.2267758920000009,True,audio/analysis_clips/shuanghe_2023-05-21-birdnet-10_33_26_01.wav
32,32,Spectrogram 1,1,11.689266417,11.805231362,744.2,11441.9,bdab5bb5e87d8c3a22cc,shuanghe_2023-05-21-birdnet-10_33_26_01,17.5953125,0.1159649449999999,True,audio/analysis_clips/shuanghe_2023-05-21-birdnet-10_33_26_01.wav
33,33,Spectrogram 1,1,11.846463342,12.127356208,744.2,13395.3,af869179ed8f858c1a3d,shuanghe_2023-05-21-birdnet-10_33_26_01,17.5953125,0.2808928660000003,True,audio/analysis_clips/shuanghe_2023-05-21-birdnet-10_33_26_01.wav
34,34,Spectrogram 1,1,12.194358176,12.549984006,1023.3,13767.4,5d667a61e8520465bcaa,shuanghe_2023-05-21-birdnet-10_33_26_01,17.5953125,0.355625830000001,True,audio/analysis_clips/shuanghe_2023-05-21-birdnet-10_33_26_01.wav
35,35,Spectrogram 1,1,12.663371952,13.187730139,837.2,14325.6,40fe99b2497dcbe91a68,shuanghe_2023-05-21-birdnet-10_33_26_01,17.5953125,0.5243581869999989,True,audio/analysis_clips/shuanghe_2023-05-21-birdnet-10_33_26_01.wav
36,36,Spectrogram 1,1,13.221231123,13.517585981,558.1,13674.4,06003c85c35ffb2e8714,shuanghe_2023-05-21-birdnet-10_33_26_01,17.5953125,0.296354857999999,True,audio/analysis_clips/shuanghe_2023-05-21-birdnet-10_33_26_01.wav
37,37,Spectrogram 1,1,13.721168884,14.04329373,1302.3,15441.9,5e047ecf70cb2bf2d7d0,shuanghe_2023-05-21-birdnet-10_33_26_01,17.5953125,0.3221248459999994,True,audio/analysis_clips/shuanghe_2023-05-21-birdnet-10_33_26_01.wav
38,38,Spectrogram 1,1,14.14637368,14.262338625,1395.3,12837.2,bdbb1e7ad9bccfbac454,shuanghe_2023-05-21-birdnet-10_33_26_01,17.5953125,0.1159649449999999,True,audio/analysis_clips/shuanghe_2023-05-21-birdnet-10_33_26_01.wav
39,39,Spectrogram 1,1,14.326763594,14.517461503,1488.4,13302.3,0837974a74d0cf836c9b,shuanghe_2023-05-21-birdnet-10_33_26_01,17.5953125,0.1906979089999989,True,audio/analysis_clips/shuanghe_2023-05-21-birdnet-10_33_26_01.wav
40,40,Spectrogram 1,1,14.684966423,14.83700935,1488.4,8651.2,332c04cdd3402cb64c93,shuanghe_2023-05-21-birdnet-10_33_26_01,17.5953125,0.1520429270000001,True,audio/analysis_clips/shuanghe_2023-05-21-birdnet-10_33_26_01.wav
41,41,Spectrogram 1,1,15.079247235,15.267368145,1488.4,13674.4,3c1c38b81c52643382f5,shuanghe_2023-05-21-birdnet-10_33_26_01,17.5953125,0.1881209100000003,True,audio/analysis_clips/shuanghe_2023-05-21-birdnet-10_33_26_01.wav
42,42,Spectrogram 1,1,15.329216115,15.61268598,372.1,14139.5,07a972567afb92fc74eb,shuanghe_2023-05-21-birdnet-10_33_26_01,17.5953125,0.2834698650000007,True,audio/analysis_clips/shuanghe_2023-05-21-birdnet-10_33_26_01.wav
43,43,Spectrogram 1,1,15.731227923,15.885847849,1209.3,13302.3,b562003530658f5e1cc5,shuanghe_2023-05-21-birdnet-10_33_26_01,17.5953125,0.1546199259999987,True,audio/analysis_clips/shuanghe_2023-05-21-birdnet-10_33_26_01.wav
44,44,Spectrogram 1,1,16.004389793,16.494019559,837.2,13581.4,1e86b86b0aa7a9be27c4,shuanghe_2023-05-21-birdnet-10_33_26_01,17.5953125,0.4896297660000002,True,audio/analysis_clips/shuanghe_2023-05-21-birdnet-10_33_26_01.wav
45,45,Spectrogram 1,1,16.57390652,16.756873433,1581.4,14604.7,ae63bb0b19ebd09b571d,shuanghe_2023-05-21-birdnet-10_33_26_01,17.5953125,0.1829669129999978,True,audio/analysis_clips/shuanghe_2023-05-21-birdnet-10_33_26_01.wav
46,46,Spectrogram 1,1,16.859953384,16.965610333,1209.3,12837.2,2ef4251157c354289508,shuanghe_2023-05-21-birdnet-10_33_26_01,17.5953125,0.1056569490000001,True,audio/analysis_clips/shuanghe_2023-05-21-birdnet-10_33_26_01.wav
47,47,Spectrogram 1,1,17.053228293,17.408854123,1116.3,13581.4,7e5a46ee9a2a78648d53,shuanghe_2023-05-21-birdnet-10_33_26_01,17.5953125,0.355625830000001,True,audio/analysis_clips/shuanghe_2023-05-21-birdnet-10_33_26_01.wav
1,1,Spectrogram 1,1,0.029826032,0.127438501,1322.8,10771.7,393dba3ce2744befad67,shuanghe_2023-05-21-birdnet-10_33_56_01_01,6.5454791666666665,0.097612469,True,audio/analysis_clips/shuanghe_2023-05-21-birdnet-10_33_56_01_01.wav
2,2,Spectrogram 1,1,0.357912386,0.580251899,850.4,12000.0,26d96ffeffabd587edb6,shuanghe_2023-05-21-birdnet-10_33_56_01_01,6.5454791666666665,0.2223395129999999,True,audio/analysis_clips/shuanghe_2023-05-21-birdnet-10_33_56_01_01.wav
3,3,Spectrogram 1,1,0.66430708,0.854109103,1322.8,13795.3,70e2ce5dbed6c5a4b94d,shuanghe_2023-05-21-birdnet-10_33_56_01_01,6.5454791666666665,0.1898020229999999,True,audio/analysis_clips/shuanghe_2023-05-21-birdnet-10_33_56_01_01.wav
4,4,Spectrogram 1,1,0.965278859,1.334037075,472.4,12850.4,9309634c9a79d789afbe,shuanghe_2023-05-21-birdnet-10_33_56_01_01,6.5454791666666665,0.3687582159999999,True,audio/analysis_clips/shuanghe_2023-05-21-birdnet-10_33_56_01_01.wav
5,5,Spectrogram 1,1,1.496724524,1.819387963,1039.4,13417.3,703009307d810b9c1bfe,shuanghe_2023-05-21-birdnet-10_33_56_01_01,6.5454791666666665,0.322663439,True,audio/analysis_clips/shuanghe_2023-05-21-birdnet-10_33_56_01_01.wav
6,6,Spectrogram 1,1,2.093245167,2.274912818,850.4,13606.3,8c0d85e39e8449c0d626,shuanghe_2023-05-21-birdnet-10_33_56_01_01,6.5454791666666665,0.1816676509999997,True,audio/analysis_clips/shuanghe_2023-05-21-birdnet-10_33_56_01_01.wav
7,7,Spectrogram 1,1,2.339987797,2.55148148,1417.3,11433.1,d585b85d6b661dd183df,shuanghe_2023-05-21-birdnet-10_33_56_01_01,6.5454791666666665,0.211493683,True,audio/analysis_clips/shuanghe_2023-05-21-birdnet-10_33_56_01_01.wav
8,8,Spectrogram 1,1,2.594864799,2.725014758,1228.3,13039.4,e4fea708c1c5ad2e85fd,shuanghe_2023-05-21-birdnet-10_33_56_01_01,6.5454791666666665,0.1301499589999997,True,audio/analysis_clips/shuanghe_2023-05-21-birdnet-10_33_56_01_01.wav
9,9,Spectrogram 1,1,2.757552247,3.066658399,1039.4,12850.4,34d61aa8c5792111dbd3,shuanghe_2023-05-21-birdnet-10_33_56_01_01,6.5454791666666665,0.309106152,True,audio/analysis_clips/shuanghe_2023-05-21-birdnet-10_33_56_01_01.wav
10,10,Spectrogram 1,1,3.760791511,4.153952845,1133.9,13889.8,d0d3fc2ca997f72cc685,shuanghe_2023-05-21-birdnet-10_33_56_01_01,6.5454791666666665,0.3931613340000002,True,audio/analysis_clips/shuanghe_2023-05-21-birdnet-10_33_56_01_01.wav
11,11,Spectrogram 1,1,4.183778877,4.514576688,1322.8,14078.7,a87d0b56ad397c06ea75,shuanghe_2023-05-21-birdnet-10_33_56_01_01,6.5454791666666665,0.330797811,True,audio/analysis_clips/shuanghe_2023-05-21-birdnet-10_33_56_01_01.wav
12,12,Spectrogram 1,1,4.79114535,5.146346279,1228.3,12755.9,e858491867379d6132fc,shuanghe_2023-05-21-birdnet-10_33_56_01_01,6.5454791666666665,0.3552009290000004,True,audio/analysis_clips/shuanghe_2023-05-21-birdnet-10_33_56_01_01.wav
13,13,Spectrogram 1,1,5.271073322,5.558487814,755.9,12850.4,1344a407e5d47faedc0f,shuanghe_2023-05-21-birdnet-10_33_56_01_01,6.5454791666666665,0.2874144919999999,True,audio/analysis_clips/shuanghe_2023-05-21-birdnet-10_33_56_01_01.wav
14,14,Spectrogram 1,1,5.631697166,5.9164002,850.4,13795.3,615979038cfb3b907c6d,shuanghe_2023-05-21-birdnet-10_33_56_01_01,6.5454791666666665,0.2847030339999996,True,audio/analysis_clips/shuanghe_2023-05-21-birdnet-10_33_56_01_01.wav
15,15,Spectrogram 1,1,6.062818904,6.171277202,1228.3,12000.0,650989b12f7613a6a8a1,shuanghe_2023-05-21-birdnet-10_33_56_01_01,6.5454791666666665,0.1084582979999995,True,audio/analysis_clips/shuanghe_2023-05-21-birdnet-10_33_56_01_01.wav
16,16,Spectrogram 1,1,6.211949064,6.458691694,1228.3,14834.6,305171b3c6d2e615f75d,shuanghe_2023-05-21-birdnet-10_33_56_01_01,6.5454791666666665,0.2467426299999999,True,audio/analysis_clips/shuanghe_2023-05-21-birdnet-10_33_56_01_01.wav
17,17,Spectrogram 1,1,3.094392762,3.365538509,661.4,12850.4,c4ceb1f8afb68b3df6d5,shuanghe_2023-05-21-birdnet-10_33_56_01_01,6.5454791666666665,0.2711457469999998,True,audio/analysis_clips/shuanghe_2023-05-21-birdnet-10_33_56_01_01.wav
18,18,Spectrogram 1,1,3.457728063,3.680067576,850.4,12566.9,3c7db9956a85c5aadd5d,shuanghe_2023-05-21-birdnet-10_33_56_01_01,6.5454791666666665,0.2223395130000001,True,audio/analysis_clips/shuanghe_2023-05-21-birdnet-10_33_56_01_01.wav
1,1,Spectrogram 1,1,0.129602656,0.262405378,1302.3,11720.9,9c5859688376c1197608,shuanghe_2023-05-21-birdnet-10_33_56_01_02,3.8625,0.132802722,True,audio/analysis_clips/shuanghe_2023-05-21-birdnet-10_33_56_01_02.wav
2,2,Spectrogram 1,1,0.387207936,0.566411609,930.2,14232.6,b6d6bd39c1f47073c37d,shuanghe_2023-05-21-birdnet-10_33_56_01_02,3.8625,0.179203673,True,audio/analysis_clips/shuanghe_2023-05-21-birdnet-10_33_56_01_02.wav
3,3,Spectrogram 1,1,0.699214331,0.827216955,558.1,9581.4,2fc7c4b97b6e8427feec,shuanghe_2023-05-21-birdnet-10_33_56_01_02,3.8625,0.128002624,True,audio/analysis_clips/shuanghe_2023-05-21-birdnet-10_33_56_01_02.wav
4,4,Spectrogram 1,1,1.284826334,1.45442981,1023.3,14511.6,7f1409b803e8834554f8,shuanghe_2023-05-21-birdnet-10_33_56_01_02,3.8625,0.169603476,True,audio/analysis_clips/shuanghe_2023-05-21-birdnet-10_33_56_01_02.wav
5,5,Spectrogram 1,1,1.612833057,1.704034926,1302.3,13581.4,17d0a7305821d6452679,shuanghe_2023-05-21-birdnet-10_33_56_01_02,3.8625,0.091201869,True,audio/analysis_clips/shuanghe_2023-05-21-birdnet-10_33_56_01_02.wav
6,6,Spectrogram 1,1,2.217645454,2.472050668,837.2,13488.4,461de668d4d71fa13547,shuanghe_2023-05-21-birdnet-10_33_56_01_02,3.8625,0.2544052140000001,True,audio/analysis_clips/shuanghe_2023-05-21-birdnet-10_33_56_01_02.wav
7,7,Spectrogram 1,1,2.656054439,2.992061326,837.2,11441.9,09700512559ddc1c4959,shuanghe_2023-05-21-birdnet-10_33_56_01_02,3.8625,0.3360068869999999,True,audio/analysis_clips/shuanghe_2023-05-21-birdnet-10_33_56_01_02.wav
8,8,Spectrogram 1,1,3.067262868,3.63527451,279.1,13860.5,3123a16efb533500cf8f,shuanghe_2023-05-21-birdnet-10_33_56_01_02,3.8625,0.5680116420000001,True,audio/analysis_clips/shuanghe_2023-05-21-birdnet-10_33_56_01_02.wav
9,9,Spectrogram 1,1,1.80520273,2.106008895,1209.3,14511.6,4b55d1854d4907c8fb08,shuanghe_2023-05-21-birdnet-10_33_56_01_02,3.8625,0.300806165,True,audio/analysis_clips/shuanghe_2023-05-21-birdnet-10_33_56_01_02.wav
1,1,Spectrogram 1,1,0.398053921,0.63280367,131.6,8682.6,dc1d1431fe74a813f2d0,shuanghe_2023-05-22-birdnet-05_51_25_01,17.422083333333333,0.234749749,True,audio/analysis_clips/shuanghe_2023-05-22-birdnet-05_51_25_01.wav
2,2,Spectrogram 1,1,0.877759929,1.081890145,65.8,9603.5,6709c5c35db3e46b9ff2,shuanghe_2023-05-22-birdnet-05_51_25_01,17.422083333333333,0.204130216,True,audio/analysis_clips/shuanghe_2023-05-22-birdnet-05_51_25_01.wav
3,3,Spectrogram 1,1,1.367672447,1.536079875,263.1,8024.8,af1b19a6e83a0a869d97,shuanghe_2023-05-22-birdnet-05_51_25_01,17.422083333333333,0.168407428,True,audio/analysis_clips/shuanghe_2023-05-22-birdnet-05_51_25_01.wav
4,4,Spectrogram 1,1,1.714693814,2.008131,131.6,9077.3,972abcbf8a96b644a02b,shuanghe_2023-05-22-birdnet-05_51_25_01,17.422083333333333,0.293437186,True,audio/analysis_clips/shuanghe_2023-05-22-birdnet-05_51_25_01.wav
5,5,Spectrogram 1,1,2.171435173,2.648589553,0.0,9011.5,5229e16f2a9859850dcc,shuanghe_2023-05-22-birdnet-05_51_25_01,17.422083333333333,0.47715438,True,audio/analysis_clips/shuanghe_2023-05-22-birdnet-05_51_25_01.wav
6,6,Spectrogram 1,1,2.888291912,3.138351427,0.0,8616.8,fb38f04a90d3e99c8a75,shuanghe_2023-05-22-birdnet-05_51_25_01,17.422083333333333,0.2500595149999998,True,audio/analysis_clips/shuanghe_2023-05-22-birdnet-05_51_25_01.wav
7,7,Spectrogram 1,1,3.240416535,3.610402552,0.0,8287.9,4d95d6d7ccc84d02694b,shuanghe_2023-05-22-birdnet-05_51_25_01,17.422083333333333,0.369986017,True,audio/analysis_clips/shuanghe_2023-05-22-birdnet-05_51_25_01.wav
8,8,Spectrogram 1,1,4.955260994,5.228285157,394.7,8222.2,57599abd69a6a5ffccd3,shuanghe_2023-05-22-birdnet-05_51_25_01,17.422083333333333,0.2730241630000005,True,audio/analysis_clips/shuanghe_2023-05-22-birdnet-05_51_25_01.wav
9,9,Spectrogram 1,1,5.322695382,5.42476049,197.3,10458.6,3b4a9b195ea032717dc6,shuanghe_2023-05-22-birdnet-05_51_25_01,17.422083333333333,0.1020651079999996,True,audio/analysis_clips/shuanghe_2023-05-22-birdnet-05_51_25_01.wav
10,10,Spectrogram 1,1,5.228285157,5.322695382,394.7,9208.8,dad4bfae5b96fe5efb7b,shuanghe_2023-05-22-birdnet-05_51_25_01,17.422083333333333,0.0944102249999998,True,audio/analysis_clips/shuanghe_2023-05-22-birdnet-05_51_25_01.wav
11,11,Spectrogram 1,1,5.465586534,5.771781858,657.8,11182.2,9037ce4ace52e6e2acb6,shuanghe_2023-05-22-birdnet-05_51_25_01,17.422083333333333,0.3061953239999999,True,audio/analysis_clips/shuanghe_2023-05-22-birdnet-05_51_25_01.wav
12,12,Spectrogram 1,1,6.006531608,6.287210655,0.0,9208.8,f0036e3adf0f82464138,shuanghe_2023-05-22-birdnet-05_51_25_01,17.422083333333333,0.2806790469999995,True,audio/analysis_clips/shuanghe_2023-05-22-birdnet-05_51_25_01.wav
13,13,Spectrogram 1,1,6.409688784,6.754158524,0.0,8748.4,c665e3bbb2954485e3ec,shuanghe_2023-05-22-birdnet-05_51_25_01,17.422083333333333,0.3444697400000001,True,audio/analysis_clips/shuanghe_2023-05-22-birdnet-05_51_25_01.wav
14,14,Spectrogram 1,1,6.810294333,6.996563155,0.0,8024.8,ff95976224c62dbe6902,shuanghe_2023-05-22-birdnet-05_51_25_01,17.422083333333333,0.1862688219999997,True,audio/analysis_clips/shuanghe_2023-05-22-birdnet-05_51_25_01.wav
15,15,Spectrogram 1,1,7.116489657,7.389513821,0.0,9143.1,6eddca149b8f42295a10,shuanghe_2023-05-22-birdnet-05_51_25_01,17.422083333333333,0.2730241640000006,True,audio/analysis_clips/shuanghe_2023-05-22-birdnet-05_51_25_01.wav
16,16,Spectrogram 1,1,7.65743473,7.879426339,0.0,9406.2,573035ecaed9b76f80e2,shuanghe_2023-05-22-birdnet-05_51_25_01,17.422083333333333,0.2219916089999998,True,audio/analysis_clips/shuanghe_2023-05-22-birdnet-05_51_25_01.wav
17,17,Spectrogram 1,1,8.006334442,8.450317662,0.0,9932.4,cf1a4d63b74d085565df,shuanghe_2023-05-22-birdnet-05_51_25_01,17.422083333333333,0.4439832199999998,True,audio/analysis_clips/shuanghe_2023-05-22-birdnet-05_51_25_01.wav
18,18,Spectrogram 1,1,8.61872509,8.835613445,0.0,8748.4,9e114d4cbafb370a95c9,shuanghe_2023-05-22-birdnet-05_51_25_01,17.422083333333333,0.216888355,True,audio/analysis_clips/shuanghe_2023-05-22-birdnet-05_51_25_01.wav
19,19,Spectrogram 1,1,8.983607851,9.353593868,0.0,11182.2,eaa727d3b7d1e4cdfc2b,shuanghe_2023-05-22-birdnet-05_51_25_01,17.422083333333333,0.3699860170000004,True,audio/analysis_clips/shuanghe_2023-05-22-birdnet-05_51_25_01.wav
20,20,Spectrogram 1,1,9.511794785,9.715925001,526.2,9537.7,93730d3e2a8496b3fbee,shuanghe_2023-05-22-birdnet-05_51_25_01,17.422083333333333,0.2041302160000011,True,audio/analysis_clips/shuanghe_2023-05-22-birdnet-05_51_25_01.wav
21,21,Spectrogram 1,1,9.846058014,10.295144489,592.0,9406.2,0f7fd2a54927f67638ec,shuanghe_2023-05-22-birdnet-05_51_25_01,17.422083333333333,0.4490864749999996,True,audio/analysis_clips/shuanghe_2023-05-22-birdnet-05_51_25_01.wav
22,22,Spectrogram 1,1,10.343625406,10.652372358,0.0,9077.3,e1ee1ba00c9f302184e3,shuanghe_2023-05-22-birdnet-05_51_25_01,17.422083333333333,0.3087469519999999,True,audio/analysis_clips/shuanghe_2023-05-22-birdnet-05_51_25_01.wav
23,23,Spectrogram 1,1,10.797815137,11.139733249,328.9,8485.3,2d9d2d89dab51227b4fc,shuanghe_2023-05-22-birdnet-05_51_25_01,17.422083333333333,0.3419181120000001,True,audio/analysis_clips/shuanghe_2023-05-22-birdnet-05_51_25_01.wav
24,24,Spectrogram 1,1,12.122482561,12.331716032,0.0,8945.7,db641d9cbd6f9de5d724,shuanghe_2023-05-22-birdnet-05_51_25_01,17.422083333333333,0.2092334709999992,True,audio/analysis_clips/shuanghe_2023-05-22-birdnet-05_51_25_01.wav
25,25,Spectrogram 1,1,12.431229512,12.791009018,263.1,10129.7,99ee6f90a70907bfe0f9,shuanghe_2023-05-22-birdnet-05_51_25_01,17.422083333333333,0.3597795060000006,True,audio/analysis_clips/shuanghe_2023-05-22-birdnet-05_51_25_01.wav
26,26,Spectrogram 1,1,12.939003425,13.431467571,0.0,8156.4,75471e642d052c2e6b8e,shuanghe_2023-05-22-birdnet-05_51_25_01,17.422083333333333,0.4924641460000014,True,audio/analysis_clips/shuanghe_2023-05-22-birdnet-05_51_25_01.wav
27,27,Spectrogram 1,1,13.510568029,13.814211726,328.9,8287.9,3fa4fa6269db1cc4ae07,shuanghe_2023-05-22-birdnet-05_51_25_01,17.422083333333333,0.303643697,True,audio/analysis_clips/shuanghe_2023-05-22-birdnet-05_51_25_01.wav
28,28,Spectrogram 1,1,13.990274037,14.35260517,197.3,8287.9,223b14eef64e9f3427b8,shuanghe_2023-05-22-birdnet-05_51_25_01,17.422083333333333,0.3623311329999996,True,audio/analysis_clips/shuanghe_2023-05-22-birdnet-05_51_25_01.wav
29,29,Spectrogram 1,1,14.469054899,14.731872552,65.8,9340.4,7ca16b3e88926588d548,shuanghe_2023-05-22-birdnet-05_51_25_01,17.422083333333333,0.2628176530000008,True,audio/analysis_clips/shuanghe_2023-05-22-birdnet-05_51_25_01.wav
30,30,Spectrogram 1,1,14.777801851,15.285575763,0.0,10919.0,d2735733c5b10008b3de,shuanghe_2023-05-22-birdnet-05_51_25_01,17.422083333333333,0.5077739120000011,True,audio/analysis_clips/shuanghe_2023-05-22-birdnet-05_51_25_01.wav
31,31,Spectrogram 1,1,15.507567373,15.716800845,197.3,9998.2,3564be9e3917d7e0767a,shuanghe_2023-05-22-birdnet-05_51_25_01,17.422083333333333,0.2092334719999993,True,audio/analysis_clips/shuanghe_2023-05-22-birdnet-05_51_25_01.wav
32,32,Spectrogram 1,1,15.839278974,16.094441744,0.0,9735.1,2b6495683c237bfbcce9,shuanghe_2023-05-22-birdnet-05_51_25_01,17.422083333333333,0.2551627700000001,True,audio/analysis_clips/shuanghe_2023-05-22-birdnet-05_51_25_01.wav
33,33,Spectrogram 1,1,16.267952428,16.563941241,263.1,10063.9,3f77494fdb10c95d4db5,shuanghe_2023-05-22-birdnet-05_51_25_01,17.422083333333333,0.2959888129999974,True,audio/analysis_clips/shuanghe_2023-05-22-birdnet-05_51_25_01.wav
34,34,Spectrogram 1,1,16.701729137,17.181435144,0.0,8748.4,00c19e8fbd6b625e56d9,shuanghe_2023-05-22-birdnet-05_51_25_01,17.422083333333333,0.4797060070000007,True,audio/analysis_clips/shuanghe_2023-05-22-birdnet-05_51_25_01.wav
1,1,Spectrogram 1,1,0.097494685,0.296029315,789.3,13681.7,bb62cf9497f5df686267,yongxing_2023-05-18-birdnet-11_55_05_01,6.051625,0.19853463,True,audio/analysis_clips/yongxing_2023-05-18-birdnet-11_55_05_01.wav
2,2,Spectrogram 1,1,0.343890342,0.595603892,0.0,14734.1,0e36f283cc7d79836f37,yongxing_2023-05-18-birdnet-11_55_05_01,6.051625,0.2517135499999999,True,audio/analysis_clips/yongxing_2023-05-18-birdnet-11_55_05_01.wav
3,3,Spectrogram 1,1,0.732096451,0.999763676,328.9,15720.8,ee504f9f20ad72e87f21,yongxing_2023-05-18-birdnet-11_55_05_01,6.051625,0.267667225,True,audio/analysis_clips/yongxing_2023-05-18-birdnet-11_55_05_01.wav
4,4,Spectrogram 1,1,1.180572,1.377334,723.6,10524.4,040572b7a1db37098cc4,yongxing_2023-05-18-birdnet-11_55_05_01,6.051625,0.1967620000000001,True,audio/analysis_clips/yongxing_2023-05-18-birdnet-11_55_05_01.wav
5,5,Spectrogram 1,1,1.480146577,1.676908577,1184.0,12629.3,842e1fb711e78c00e99b,yongxing_2023-05-18-birdnet-11_55_05_01,6.051625,0.1967620000000001,True,audio/analysis_clips/yongxing_2023-05-18-birdnet-11_55_05_01.wav
6,6,Spectrogram 1,1,1.786136596,2.138890091,657.8,13944.8,d5c014d39ece9f4e5941,yongxing_2023-05-18-birdnet-11_55_05_01,6.051625,0.352753495,True,audio/analysis_clips/yongxing_2023-05-18-birdnet-11_55_05_01.wav
7,7,Spectrogram 1,1,2.245247929,2.440237299,460.4,14997.2,8a25b0d057287de31c06,yongxing_2023-05-18-birdnet-11_55_05_01,6.051625,0.19498937,True,audio/analysis_clips/yongxing_2023-05-18-birdnet-11_55_05_01.wav
8,8,Spectrogram 1,1,2.886940218,3.154607443,592.0,14339.5,f6352d4d6cd071033756,yongxing_2023-05-18-birdnet-11_55_05_01,6.051625,0.2676672250000003,True,audio/analysis_clips/yongxing_2023-05-18-birdnet-11_55_05_01.wav
9,9,Spectrogram 1,1,2.667134019,2.748675028,986.7,9274.6,59d0ea0a31d4ea27d2a3,yongxing_2023-05-18-birdnet-11_55_05_01,6.051625,0.0815410089999999,True,audio/analysis_clips/yongxing_2023-05-18-birdnet-11_55_05_01.wav
10,10,Spectrogram 1,1,3.551676704,3.709440831,1315.5,13287.0,3ee51a605a2f146cf6c8,yongxing_2023-05-18-birdnet-11_55_05_01,6.051625,0.1577641270000001,True,audio/analysis_clips/yongxing_2023-05-18-birdnet-11_55_05_01.wav
11,11,Spectrogram 1,1,3.939882813,4.202232146,328.9,14668.4,f4e5a1c7c4be69860151,yongxing_2023-05-18-birdnet-11_55_05_01,6.051625,0.2623493329999999,True,audio/analysis_clips/yongxing_2023-05-18-birdnet-11_55_05_01.wav
12,12,Spectrogram 1,1,4.432674128,4.625890867,592.0,14471.0,02e89773ee896c464038,yongxing_2023-05-18-birdnet-11_55_05_01,6.051625,0.1932167389999994,True,audio/analysis_clips/yongxing_2023-05-18-birdnet-11_55_05_01.wav
13,13,Spectrogram 1,1,4.734021335,4.978644362,789.3,15326.1,c4d43c49756e365748a7,yongxing_2023-05-18-birdnet-11_55_05_01,6.051625,0.2446230269999993,True,audio/analysis_clips/yongxing_2023-05-18-birdnet-11_55_05_01.wav
14,14,Spectrogram 1,1,5.209086344,5.489161984,328.9,15655.0,ad36c4ff457b5969384d,yongxing_2023-05-18-birdnet-11_55_05_01,6.051625,0.2800756399999997,True,audio/analysis_clips/yongxing_2023-05-18-birdnet-11_55_05_01.wav
15,15,Spectrogram 1,1,5.693014503,5.877368089,920.9,11971.5,34c0ba9454dc709d1abf,yongxing_2023-05-18-birdnet-11_55_05_01,6.051625,0.1843535860000003,True,audio/analysis_clips/yongxing_2023-05-18-birdnet-11_55_05_01.wav
1,1,Spectrogram 1,1,0.140409331,0.402753081,789.3,13813.2,9ccd76f4038157a24267,yongxing_2023-05-18-birdnet-11_55_05_02,8.919708333333332,0.26234375,True,audio/analysis_clips/yongxing_2023-05-18-birdnet-11_55_05_02.wav
2,2,Spectrogram 1,1,0.567179798,0.681724252,657.8,14734.1,3cff48b5e22d1d4e9f1c,yongxing_2023-05-18-birdnet-11_55_05_02,8.919708333333332,0.114544454,True,audio/analysis_clips/yongxing_2023-05-18-birdnet-11_55_05_02.wav
3,3,Spectrogram 1,1,0.892338248,0.986560299,1315.5,13813.2,a32f47d318d7020ad38c,yongxing_2023-05-18-birdnet-11_55_05_02,8.919708333333332,0.094222051,True,audio/analysis_clips/yongxing_2023-05-18-birdnet-11_55_05_02.wav
4,4,Spectrogram 1,1,1.010577685,1.115884683,657.8,13813.2,585a3115b8848eb16270,yongxing_2023-05-18-birdnet-11_55_05_02,8.919708333333332,0.1053069980000001,True,audio/analysis_clips/yongxing_2023-05-18-birdnet-11_55_05_02.wav
5,5,Spectrogram 1,1,1.291396347,1.489077905,1052.4,12431.9,8ca4104c177aa8300a0e,yongxing_2023-05-18-birdnet-11_55_05_02,8.919708333333332,0.1976815579999999,True,audio/analysis_clips/yongxing_2023-05-18-birdnet-11_55_05_02.wav
6,6,Spectrogram 1,1,1.819778829,2.019307879,986.7,13550.1,97f21f4bd2bae8e07a70,yongxing_2023-05-18-birdnet-11_55_05_02,8.919708333333332,0.1995290499999997,True,audio/analysis_clips/yongxing_2023-05-18-birdnet-11_55_05_02.wav
7,7,Spectrogram 1,1,2.335228873,2.652997359,789.3,13681.7,3a819f7683b723c52fa9,yongxing_2023-05-18-birdnet-11_55_05_02,8.919708333333332,0.3177684859999998,True,audio/analysis_clips/yongxing_2023-05-18-birdnet-11_55_05_02.wav
8,8,Spectrogram 1,1,2.845136444,3.098242738,920.9,14602.6,4f68f20dba99839ac76d,yongxing_2023-05-18-birdnet-11_55_05_02,8.919708333333332,0.2531062940000002,True,audio/analysis_clips/yongxing_2023-05-18-birdnet-11_55_05_02.wav
9,9,Spectrogram 1,1,3.401231294,3.584132923,1315.5,15194.6,ce12adcc9b40b5e7e7d1,yongxing_2023-05-18-birdnet-11_55_05_02,8.919708333333332,0.1829016289999998,True,audio/analysis_clips/yongxing_2023-05-18-birdnet-11_55_05_02.wav
10,10,Spectrogram 1,1,3.779966989,4.18272007,1184.0,15523.5,5337621dd43ef7577bbe,yongxing_2023-05-18-birdnet-11_55_05_02,8.919708333333332,0.4027530810000002,True,audio/analysis_clips/yongxing_2023-05-18-birdnet-11_55_05_02.wav
11,11,Spectrogram 1,1,4.439521344,4.729577462,789.3,15457.7,18d80922435da6144e66,yongxing_2023-05-18-birdnet-11_55_05_02,8.919708333333332,0.2900561179999998,True,audio/analysis_clips/yongxing_2023-05-18-birdnet-11_55_05_02.wav
12,12,Spectrogram 1,1,4.918021564,5.028871036,1381.3,7432.8,50df29938838c209a64b,yongxing_2023-05-18-birdnet-11_55_05_02,8.919708333333332,0.1108494719999999,True,audio/analysis_clips/yongxing_2023-05-18-birdnet-11_55_05_02.wav
13,13,Spectrogram 1,1,5.167432875,5.348487013,1447.1,12431.9,4ad623e48ed5633f3fc9,yongxing_2023-05-18-birdnet-11_55_05_02,8.919708333333332,0.1810541379999994,True,audio/analysis_clips/yongxing_2023-05-18-birdnet-11_55_05_02.wav
14,14,Spectrogram 1,1,5.578258963,5.796262924,1315.5,15063.0,5d208b0c8564cc45d128,yongxing_2023-05-18-birdnet-11_55_05_02,8.919708333333332,0.2180039609999999,True,audio/analysis_clips/yongxing_2023-05-18-birdnet-11_55_05_02.wav
15,15,Spectrogram 1,1,5.799957907,6.101098972,855.1,15194.6,0fb93632f22868e39746,yongxing_2023-05-18-birdnet-11_55_05_02,8.919708333333332,0.3011410650000004,True,audio/analysis_clips/yongxing_2023-05-18-birdnet-11_55_05_02.wav
16,16,Spectrogram 1,1,6.247050777,6.442884843,1315.5,14865.7,c9e04879fa96fc87389a,yongxing_2023-05-18-birdnet-11_55_05_02,8.919708333333332,0.1958340659999997,True,audio/analysis_clips/yongxing_2023-05-18-birdnet-11_55_05_02.wav
17,17,Spectrogram 1,1,6.62209149,6.760653329,1052.4,9340.4,20747603986107a77eaf,yongxing_2023-05-18-birdnet-11_55_05_02,8.919708333333332,0.1385618390000003,True,audio/analysis_clips/yongxing_2023-05-18-birdnet-11_55_05_02.wav
18,18,Spectrogram 1,1,6.849332907,7.0396245,1776.0,10129.7,356fd92716c1ea7d837e,yongxing_2023-05-18-birdnet-11_55_05_02,8.919708333333332,0.1902915930000004,True,audio/analysis_clips/yongxing_2023-05-18-birdnet-11_55_05_02.wav
19,19,Spectrogram 1,1,7.470089949,7.647449104,1315.5,12563.5,def4b2f6ef33a2e0ae2a,yongxing_2023-05-18-birdnet-11_55_05_02,8.919708333333332,0.1773591549999995,True,audio/analysis_clips/yongxing_2023-05-18-birdnet-11_55_05_02.wav
20,20,Spectrogram 1,1,7.806333347,8.009557379,986.7,13681.7,fe70e74c11e7255ca258,yongxing_2023-05-18-birdnet-11_55_05_02,8.919708333333332,0.2032240320000005,True,audio/analysis_clips/yongxing_2023-05-18-birdnet-11_55_05_02.wav
21,21,Spectrogram 1,1,8.081609535,8.325478373,1710.2,14799.9,4a96aad81b8f10939c61,yongxing_2023-05-18-birdnet-11_55_05_02,8.919708333333332,0.2438688379999991,True,audio/analysis_clips/yongxing_2023-05-18-birdnet-11_55_05_02.wav
22,22,Spectrogram 1,1,8.460345231,8.630314421,1578.7,13615.9,f0a69fa4a6abc5eaf7eb,yongxing_2023-05-18-birdnet-11_55_05_02,8.919708333333332,0.1699691899999997,True,audio/analysis_clips/yongxing_2023-05-18-birdnet-11_55_05_02.wav
1,1,Spectrogram 1,1,0.215983395,0.354928128,394.7,11511.0,22f4852383e5b2349bae,yongxing_2023-05-18-birdnet-11_55_05_03,3.3209375,0.138944733,True,audio/analysis_clips/yongxing_2023-05-18-birdnet-11_55_05_03.wav
2,2,Spectrogram 1,1,0.756629729,0.961607601,394.7,14799.9,355b3a9d5fb21b4129b1,yongxing_2023-05-18-birdnet-11_55_05_03,3.3209375,0.2049778719999999,True,audio/analysis_clips/yongxing_2023-05-18-birdnet-11_55_05_03.wav
3,3,Spectrogram 1,1,1.200977734,1.38532025,920.9,15260.4,313c7474fbc8be23ea63,yongxing_2023-05-18-birdnet-11_55_05_03,3.3209375,0.1843425159999998,True,audio/analysis_clips/yongxing_2023-05-18-birdnet-11_55_05_03.wav
4,4,Spectrogram 1,1,1.84016281,2.152444534,789.3,14997.2,b9504aa75f1098951552,yongxing_2023-05-18-birdnet-11_55_05_03,3.3209375,0.3122817239999997,True,audio/analysis_clips/yongxing_2023-05-18-birdnet-11_55_05_03.wav
5,5,Spectrogram 1,1,2.284510814,2.525256637,986.7,16247.0,2631d4b2c03b1b2b5150,yongxing_2023-05-18-birdnet-11_55_05_03,3.3209375,0.2407458230000001,True,audio/analysis_clips/yongxing_2023-05-18-birdnet-11_55_05_03.wav
6,6,Spectrogram 1,1,2.682085345,2.867803551,592.0,14076.4,60429a1047d1b230cfb7,yongxing_2023-05-18-birdnet-11_55_05_03,3.3209375,0.1857182060000002,True,audio/analysis_clips/yongxing_2023-05-18-birdnet-11_55_05_03.wav
7,7,Spectrogram 1,1,2.924206858,3.180085276,460.4,14865.7,2c0df07774c01c8fb6db,yongxing_2023-05-18-birdnet-11_55_05_03,3.3209375,0.255878418,True,audio/analysis_clips/yongxing_2023-05-18-birdnet-11_55_05_03.wav
1,1,Spectrogram 1,1,0.174651091,0.398042021,1674.4,13674.4,3591679ffa33e336950d,yongxing_2023-05-18-birdnet-11_55_35_01,27.73227083333333,0.22339093,True,audio/analysis_clips/yongxing_2023-05-18-birdnet-11_55_35_01.wav
2,2,Spectrogram 1,1,0.536138233,0.735159244,1116.3,14697.7,992f537919858e239e77,yongxing_2023-05-18-birdnet-11_55_35_01,27.73227083333333,0.199021011,True,audio/analysis_clips/yongxing_2023-05-18-birdnet-11_55_35_01.wav
3,3,Spectrogram 1,1,0.787960736,1.076338119,1116.3,15069.8,c338c5593951fb9be7a1,yongxing_2023-05-18-birdnet-11_55_35_01,27.73227083333333,0.288377383,True,audio/analysis_clips/yongxing_2023-05-18-birdnet-11_55_35_01.wav
4,4,Spectrogram 1,1,1.153509531,1.437825261,1767.4,15255.8,9f9ca11d74f1aa879be2,yongxing_2023-05-18-birdnet-11_55_35_01,27.73227083333333,0.2843157299999999,True,audio/analysis_clips/yongxing_2023-05-18-birdnet-11_55_35_01.wav
5,5,Spectrogram 1,1,1.588106432,1.78306579,1302.3,14790.7,c43b0d0a2f63ff1a25a5,yongxing_2023-05-18-birdnet-11_55_35_01,27.73227083333333,0.1949593579999999,True,audio/analysis_clips/yongxing_2023-05-18-birdnet-11_55_35_01.wav
6,6,Spectrogram 1,1,1.900853735,2.201416077,1209.3,14883.7,cb91f6a1914506e50cce,yongxing_2023-05-18-birdnet-11_55_35_01,27.73227083333333,0.3005623420000001,True,audio/analysis_clips/yongxing_2023-05-18-birdnet-11_55_35_01.wav
7,7,Spectrogram 1,1,2.319204022,2.680691164,1209.3,15069.8,89259f4a08e104e24ac8,yongxing_2023-05-18-birdnet-11_55_35_01,27.73227083333333,0.3614871420000001,True,audio/analysis_clips/yongxing_2023-05-18-birdnet-11_55_35_01.wav
8,8,Spectrogram 1,1,2.830972336,3.143719638,930.2,15255.8,bea6b1bd1f3709c172d5,yongxing_2023-05-18-birdnet-11_55_35_01,27.73227083333333,0.312747302,True,audio/analysis_clips/yongxing_2023-05-18-birdnet-11_55_35_01.wav
9,9,Spectrogram 1,1,3.330555689,3.927618721,1209.3,14883.7,eebcb87155eb9abfde6b,yongxing_2023-05-18-birdnet-11_55_35_01,27.73227083333333,0.5970630319999999,True,audio/analysis_clips/yongxing_2023-05-18-birdnet-11_55_35_01.wav
10,10,Spectrogram 1,1,4.03728336,4.309414129,930.2,15162.8,2d1a14f924b44be3a726,yongxing_2023-05-18-birdnet-11_55_35_01,27.73227083333333,0.2721307690000003,True,audio/analysis_clips/yongxing_2023-05-18-birdnet-11_55_35_01.wav
11,11,Spectrogram 1,1,4.406893808,4.878045588,837.2,15534.9,b2a183843ffca7ca0bfc,yongxing_2023-05-18-birdnet-11_55_35_01,27.73227083333333,0.4711517799999996,True,audio/analysis_clips/yongxing_2023-05-18-birdnet-11_55_35_01.wav
12,12,Spectrogram 1,1,4.926785428,5.22734777,1395.3,14697.7,b7b14d443dcd9ec41460,yongxing_2023-05-18-birdnet-11_55_35_01,27.73227083333333,0.3005623420000001,True,audio/analysis_clips/yongxing_2023-05-18-birdnet-11_55_35_01.wav
13,13,Spectrogram 1,1,5.353259022,5.694437898,1395.3,14604.7,fa5a96959ff3e4b2e623,yongxing_2023-05-18-birdnet-11_55_35_01,27.73227083333333,0.3411788760000007,True,audio/analysis_clips/yongxing_2023-05-18-birdnet-11_55_35_01.wav
14,14,Spectrogram 1,1,5.78379427,5.999061894,1209.3,14976.7,c4b01bcc579f31d8fd36,yongxing_2023-05-18-birdnet-11_55_35_01,27.73227083333333,0.215267624,True,audio/analysis_clips/yongxing_2023-05-18-birdnet-11_55_35_01.wav
15,15,Spectrogram 1,1,6.397103915,6.628618152,1209.3,15162.8,487c3fee3d19daf33c12,yongxing_2023-05-18-birdnet-11_55_35_01,27.73227083333333,0.2315142369999998,True,audio/analysis_clips/yongxing_2023-05-18-birdnet-11_55_35_01.wav
16,17,Spectrogram 1,1,5.999061894,6.336179116,1674.4,15627.9,18ff2b81c3787738e5e8,yongxing_2023-05-18-birdnet-11_55_35_01,27.73227083333333,0.3371172220000007,True,audio/analysis_clips/yongxing_2023-05-18-birdnet-11_55_35_01.wav
17,18,Spectrogram 1,1,6.685481298,6.925118841,1395.3,14232.6,9348138106961c4bdd30,yongxing_2023-05-18-birdnet-11_55_35_01,27.73227083333333,0.2396375429999997,True,audio/analysis_clips/yongxing_2023-05-18-birdnet-11_55_35_01.wav
18,19,Spectrogram 1,1,6.965735374,7.29472929,1488.4,15534.9,2fcc11884d1b330b0f3d,yongxing_2023-05-18-birdnet-11_55_35_01,27.73227083333333,0.3289939159999999,True,audio/analysis_clips/yongxing_2023-05-18-birdnet-11_55_35_01.wav
19,20,Spectrogram 1,1,7.375962355,7.676524698,1395.3,14511.6,0628a7b1241643086a58,yongxing_2023-05-18-birdnet-11_55_35_01,27.73227083333333,0.3005623429999993,True,audio/analysis_clips/yongxing_2023-05-18-birdnet-11_55_35_01.wav
20,21,Spectrogram 1,1,7.794312643,8.123306559,1209.3,13488.4,d94d48b2c10ababdd545,yongxing_2023-05-18-birdnet-11_55_35_01,27.73227083333333,0.3289939159999999,True,audio/analysis_clips/yongxing_2023-05-18-birdnet-11_55_35_01.wav
21,22,Spectrogram 1,1,8.212662931,8.578211726,1488.4,13860.5,0a33b04ba240e594f384,yongxing_2023-05-18-birdnet-11_55_35_01,27.73227083333333,0.3655487949999987,True,audio/analysis_clips/yongxing_2023-05-18-birdnet-11_55_35_01.wav
22,23,Spectrogram 1,1,8.647259832,9.146843185,1209.3,13116.3,3c3130491dac0e435d29,yongxing_2023-05-18-birdnet-11_55_35_01,27.73227083333333,0.4995833530000002,True,audio/analysis_clips/yongxing_2023-05-18-birdnet-11_55_35_01.wav
1,1,Spectrogram 1,1,0.363380023,1.08548135,0.0,11551.9,87f48c95058218880471,yongxing_2023-05-18-birdnet-13_09_05_01,11.246166666666667,0.7221013270000001,True,audio/analysis_clips/yongxing_2023-05-18-birdnet-13_09_05_01.wav
2,2,Spectrogram 1,1,1.756336777,2.441168358,0.0,11551.9,dccebdb13b9b6e9916cb,yongxing_2023-05-18-birdnet-13_09_05_01,11.246166666666667,0.6848315810000001,True,audio/analysis_clips/yongxing_2023-05-18-birdnet-13_09_05_01.wav
3,3,Spectrogram 1,1,2.757961199,3.004873265,298.8,11253.1,bdb040fb4cfe1bc5676b,yongxing_2023-05-18-birdnet-13_09_05_01,11.246166666666667,0.2469120660000001,True,audio/analysis_clips/yongxing_2023-05-18-birdnet-13_09_05_01.wav
4,4,Spectrogram 1,1,3.312348669,3.973886659,497.9,11950.2,203b3b54b7314741e745,yongxing_2023-05-18-birdnet-13_09_05_01,11.246166666666667,0.6615379900000002,True,audio/analysis_clips/yongxing_2023-05-18-birdnet-13_09_05_01.wav
5,5,Spectrogram 1,1,4.71462286,5.380819568,298.8,10257.3,aea9e611ebe0c0c4f325,yongxing_2023-05-18-birdnet-13_09_05_01,11.246166666666667,0.6661967079999993,True,audio/analysis_clips/yongxing_2023-05-18-birdnet-13_09_05_01.wav
6,6,Spectrogram 1,1,5.678977536,5.916572166,99.6,8863.1,ecdbc809503ff54a5016,yongxing_2023-05-18-birdnet-13_09_05_01,11.246166666666667,0.2375946300000002,True,audio/analysis_clips/yongxing_2023-05-18-birdnet-13_09_05_01.wav
7,7,Spectrogram 1,1,6.522205537,7.011370952,398.3,8962.7,aca4b47c8c17b5793d0c,yongxing_2023-05-18-birdnet-13_09_05_01,11.246166666666667,0.4891654150000004,True,audio/analysis_clips/yongxing_2023-05-18-birdnet-13_09_05_01.wav
8,8,Spectrogram 1,1,7.374750975,7.565758423,1692.9,8365.1,0c5419030df9e9e5e4ac,yongxing_2023-05-18-birdnet-13_09_05_01,11.246166666666667,0.1910074479999997,True,audio/analysis_clips/yongxing_2023-05-18-birdnet-13_09_05_01.wav
9,9,Spectrogram 1,1,8.110828457,8.786342602,597.5,9261.4,43761edb053d68b14fd6,yongxing_2023-05-18-birdnet-13_09_05_01,11.246166666666667,0.6755141449999993,True,audio/analysis_clips/yongxing_2023-05-18-birdnet-13_09_05_01.wav
10,10,Spectrogram 1,1,9.107794161,9.261531863,1892.1,8564.3,3ef8eed7d2d97f9c37c0,yongxing_2023-05-18-birdnet-13_09_05_01,11.246166666666667,0.1537377020000008,True,audio/analysis_clips/yongxing_2023-05-18-birdnet-13_09_05_01.wav
11,11,Spectrogram 1,1,9.909093698,10.551996815,298.8,10157.7,0df8b7cafcb22acade95,yongxing_2023-05-18-birdnet-13_09_05_01,11.246166666666667,0.6429031170000012,True,audio/analysis_clips/yongxing_2023-05-18-birdnet-13_09_05_01.wav
12,12,Spectrogram 1,1,10.831519907,11.083090692,0.0,8863.1,5c474c4721a9bf0f132b,yongxing_2023-05-18-birdnet-13_09_05_01,11.246166666666667,0.2515707850000002,True,audio/analysis_clips/yongxing_2023-05-18-birdnet-13_09_05_01.wav
1,1,Spectrogram 1,1,0.31118044,1.030466377,709.4,9812.8,388108b02a2a5fd702cc,yongxing_2023-05-18-birdnet-13_09_05_02,12.314604166666667,0.719285937,True,audio/analysis_clips/yongxing_2023-05-18-birdnet-13_09_05_02.wav
2,2,Spectrogram 1,1,1.29063363,1.555902202,827.6,8867.0,1b5a8d96cb97b9b8d56c,yongxing_2023-05-18-birdnet-13_09_05_02,12.314604166666667,0.2652685719999998,True,audio/analysis_clips/yongxing_2023-05-18-birdnet-13_09_05_02.wav
3,3,Spectrogram 1,1,1.785461544,2.03542616,354.7,8748.8,9e51dec212f132e9c64d,yongxing_2023-05-18-birdnet-13_09_05_02,12.314604166666667,0.2499646160000002,True,audio/analysis_clips/yongxing_2023-05-18-birdnet-13_09_05_02.wav
4,4,Spectrogram 1,1,2.509848799,2.73940814,0.0,9339.9,09a85d37e4ca610c4bce,yongxing_2023-05-18-birdnet-13_09_05_02,12.314604166666667,0.2295593410000003,True,audio/analysis_clips/yongxing_2023-05-18-birdnet-13_09_05_02.wav
5,5,Spectrogram 1,1,2.943460888,3.198526823,0.0,8275.9,18c2850617fc7565852d,yongxing_2023-05-18-birdnet-13_09_05_02,12.314604166666667,0.2550659349999997,True,audio/analysis_clips/yongxing_2023-05-18-birdnet-13_09_05_02.wav
6,6,Spectrogram 1,1,3.371971658,3.581125725,0.0,8985.2,ce19a54b56b46132ac02,yongxing_2023-05-18-birdnet-13_09_05_02,12.314604166666667,0.209154067,True,audio/analysis_clips/yongxing_2023-05-18-birdnet-13_09_05_02.wav
7,7,Spectrogram 1,1,4.172878694,4.371830123,0.0,8867.0,24ef0a1590b04dca3489,yongxing_2023-05-18-birdnet-13_09_05_02,12.314604166666667,0.1989514289999991,True,audio/analysis_clips/yongxing_2023-05-18-birdnet-13_09_05_02.wav
8,8,Spectrogram 1,1,4.647301333,4.830948806,1773.4,8748.8,fa3d9ef5cd193908dafc,yongxing_2023-05-18-birdnet-13_09_05_02,12.314604166666667,0.1836474730000006,True,audio/analysis_clips/yongxing_2023-05-18-birdnet-13_09_05_02.wav
9,9,Spectrogram 1,1,5.035001553,5.749186171,709.4,8985.2,6662b6cd2bb0b95f2401,yongxing_2023-05-18-birdnet-13_09_05_02,12.314604166666667,0.714184618,True,audio/analysis_clips/yongxing_2023-05-18-birdnet-13_09_05_02.wav
10,10,Spectrogram 1,1,6.740445287,7.454629905,0.0,11349.8,8b5b97017b976dcacf5a,yongxing_2023-05-18-birdnet-13_09_05_02,12.314604166666667,0.714184618,True,audio/analysis_clips/yongxing_2023-05-18-birdnet-13_09_05_02.wav
11,11,Spectrogram 1,1,5.944639571,6.204806824,236.5,8630.5,dd12d0cd90534c2463b9,yongxing_2023-05-18-birdnet-13_09_05_02,12.314604166666667,0.2601672530000005,True,audio/analysis_clips/yongxing_2023-05-18-birdnet-13_09_05_02.wav
12,12,Spectrogram 1,1,7.755607708,8.025977599,0.0,9931.0,3d4026651e3657af5634,yongxing_2023-05-18-birdnet-13_09_05_02,12.314604166666667,0.2703698910000005,True,audio/analysis_clips/yongxing_2023-05-18-birdnet-13_09_05_02.wav
13,13,Spectrogram 1,1,8.561616062,8.857492546,118.2,10049.3,ad1d7734004889658eb2,yongxing_2023-05-18-birdnet-13_09_05_02,12.314604166666667,0.295876483999999,True,audio/analysis_clips/yongxing_2023-05-18-birdnet-13_09_05_02.wav
14,14,Spectrogram 1,1,9.015633426,9.229888811,827.6,10167.5,2bb8d9bbc1f1540610e8,yongxing_2023-05-18-birdnet-13_09_05_02,12.314604166666667,0.2142553849999995,True,audio/analysis_clips/yongxing_2023-05-18-birdnet-13_09_05_02.wav
15,15,Spectrogram 1,1,9.454346834,9.689007494,472.9,9458.1,c90343fe417ed7123fbc,yongxing_2023-05-18-birdnet-13_09_05_02,12.314604166666667,0.2346606599999994,True,audio/analysis_clips/yongxing_2023-05-18-birdnet-13_09_05_02.wav
16,16,Spectrogram 1,1,9.811439143,10.076707715,236.5,9694.6,1741e1a39765f69f3654,yongxing_2023-05-18-birdnet-13_09_05_02,12.314604166666667,0.2652685720000001,True,audio/analysis_clips/yongxing_2023-05-18-birdnet-13_09_05_02.wav
17,17,Spectrogram 1,1,10.729676508,10.913323981,709.4,10285.7,08a0c9a713f1f83fb2ab,yongxing_2023-05-18-birdnet-13_09_05_02,12.314604166666667,0.1836474729999988,True,audio/analysis_clips/yongxing_2023-05-18-birdnet-13_09_05_02.wav
18,18,Spectrogram 1,1,11.15308596,11.316328158,709.4,10167.5,34b5c6b534120be6232c,yongxing_2023-05-18-birdnet-13_09_05_02,12.314604166666667,0.1632421979999989,True,audio/analysis_clips/yongxing_2023-05-18-birdnet-13_09_05_02.wav
19,19,Spectrogram 1,1,11.693825742,11.928486402,236.5,10285.7,15fbde96aea90a11c79d,yongxing_2023-05-18-birdnet-13_09_05_02,12.314604166666667,0.2346606600000012,True,audio/analysis_clips/yongxing_2023-05-18-birdnet-13_09_05_02.wav
1,1,Spectrogram 1,1,0.131813456,0.500891134,1023.3,10604.7,e8237ab18738533bdad9,yongxing_2023-06-14-birdnet-12_10_23_01,18.0,0.3690776779999999,True,audio/analysis_clips/yongxing_2023-06-14-birdnet-12_10_23_01.wav
2,2,Spectrogram 1,1,0.574706669,1.078234072,465.1,11069.8,18f6529027d168b31b70,yongxing_2023-06-14-birdnet-12_10_23_01,18.0,0.5035274030000001,True,audio/analysis_clips/yongxing_2023-06-14-birdnet-12_10_23_01.wav
3,3,Spectrogram 1,1,1.191593644,1.523763554,1209.3,13116.3,1066ae9857ed01351a94,yongxing_2023-06-14-birdnet-12_10_23_01,18.0,0.3321699100000002,True,audio/analysis_clips/yongxing_2023-06-14-birdnet-12_10_23_01.wav
4,4,Spectrogram 1,1,1.597579089,2.035199764,1209.3,10697.7,c642aacb2152d47b96d9,yongxing_2023-06-14-birdnet-12_10_23_01,18.0,0.4376206750000002,True,audio/analysis_clips/yongxing_2023-06-14-birdnet-12_10_23_01.wav
5,5,Spectrogram 1,1,2.114287837,2.325189367,1116.3,9674.4,fdf18312f344168c8548,yongxing_2023-06-14-birdnet-12_10_23_01,18.0,0.2109015300000001,True,audio/analysis_clips/yongxing_2023-06-14-birdnet-12_10_23_01.wav
6,6,Spectrogram 1,1,2.425367594,2.570362396,744.2,7441.9,41af0f2ce922329ecb3f,yongxing_2023-06-14-birdnet-12_10_23_01,18.0,0.1449948020000002,True,audio/analysis_clips/yongxing_2023-06-14-birdnet-12_10_23_01.wav
7,7,Spectrogram 1,1,2.659995546,2.994801725,1395.3,10046.5,f8e8ba458adc050bac6a,yongxing_2023-06-14-birdnet-12_10_23_01,18.0,0.3348061789999996,True,audio/analysis_clips/yongxing_2023-06-14-birdnet-12_10_23_01.wav
8,8,Spectrogram 1,1,3.137430138,3.501235278,1302.3,10139.5,9153cbcefc03db5998de,yongxing_2023-06-14-birdnet-12_10_23_01,18.0,0.3638051399999997,True,audio/analysis_clips/yongxing_2023-06-14-birdnet-12_10_23_01.wav
9,9,Spectrogram 1,1,3.569778275,3.772770997,744.2,10139.5,d18440f7ccb9459427e2,yongxing_2023-06-14-birdnet-12_10_23_01,18.0,0.2029927219999998,True,audio/analysis_clips/yongxing_2023-06-14-birdnet-12_10_23_01.wav
10,10,Spectrogram 1,1,3.909856992,4.091759561,1023.3,8930.2,351e1c1e7f6191e81998,yongxing_2023-06-14-birdnet-12_10_23_01,18.0,0.181902569,True,audio/analysis_clips/yongxing_2023-06-14-birdnet-12_10_23_01.wav
11,11,Spectrogram 1,1,4.144484944,4.400203049,1209.3,10418.6,72da17933c76fae0d79b,yongxing_2023-06-14-birdnet-12_10_23_01,18.0,0.2557181049999997,True,audio/analysis_clips/yongxing_2023-06-14-birdnet-12_10_23_01.wav
12,12,Spectrogram 1,1,4.402839318,4.761371919,1302.3,14604.7,9d3c8ca1ccfe4dee38e7,yongxing_2023-06-14-birdnet-12_10_23_01,18.0,0.3585326010000003,True,audio/analysis_clips/yongxing_2023-06-14-birdnet-12_10_23_01.wav
13,13,Spectrogram 1,1,4.806188494,5.0276351,1395.3,10418.6,b922ff0db299181aa85a,yongxing_2023-06-14-birdnet-12_10_23_01,18.0,0.2214466060000006,True,audio/analysis_clips/yongxing_2023-06-14-birdnet-12_10_23_01.wav
14,14,Spectrogram 1,1,5.370350086,5.670884767,1023.3,10232.6,36c52306b7547db6e6c7,yongxing_2023-06-14-birdnet-12_10_23_01,18.0,0.3005346810000002,True,audio/analysis_clips/yongxing_2023-06-14-birdnet-12_10_23_01.wav
15,15,Spectrogram 1,1,5.792153146,6.337860855,1302.3,10511.6,4991248e0961cc731d9d,yongxing_2023-06-14-birdnet-12_10_23_01,18.0,0.5457077089999993,True,audio/analysis_clips/yongxing_2023-06-14-birdnet-12_10_23_01.wav
16,16,Spectrogram 1,1,6.390586237,6.65421315,1209.3,10232.6,8720bb2e566cc6a192a3,yongxing_2023-06-14-birdnet-12_10_23_01,18.0,0.2636269130000004,True,audio/analysis_clips/yongxing_2023-06-14-birdnet-12_10_23_01.wav
17,17,Spectrogram 1,1,6.854569593,7.218374733,744.2,12651.2,8898aa3ebd337bdeee60,yongxing_2023-06-14-birdnet-12_10_23_01,18.0,0.3638051400000002,True,audio/analysis_clips/yongxing_2023-06-14-birdnet-12_10_23_01.wav
18,18,Spectrogram 1,1,7.28691773,7.745628557,930.2,11720.9,a1e0f72facb99eeac2e4,yongxing_2023-06-14-birdnet-12_10_23_01,18.0,0.458710827,True,audio/analysis_clips/yongxing_2023-06-14-birdnet-12_10_23_01.wav
19,19,Spectrogram 1,1,7.890623359,8.349334187,744.2,11534.9,87c8bcb8e8bb18f7cdd1,yongxing_2023-06-14-birdnet-12_10_23_01,18.0,0.458710828,True,audio/analysis_clips/yongxing_2023-06-14-birdnet-12_10_23_01.wav
20,20,Spectrogram 1,1,8.499684733,8.639406997,1302.3,8465.1,5ba157bc47528fc5ba12,yongxing_2023-06-14-birdnet-12_10_23_01,18.0,0.1397222639999995,True,audio/analysis_clips/yongxing_2023-06-14-birdnet-12_10_23_01.wav
21,21,Spectrogram 1,1,8.726403878,9.206204859,651.2,12930.2,95fe81f0ebd8afef3620,yongxing_2023-06-14-birdnet-12_10_23_01,18.0,0.4798009810000003,True,audio/analysis_clips/yongxing_2023-06-14-birdnet-12_10_23_01.wav
22,22,Spectrogram 1,1,9.29320174,9.620099111,837.2,13488.4,2902310f6f4299f1bccc,yongxing_2023-06-14-birdnet-12_10_23_01,18.0,0.3268973709999994,True,audio/analysis_clips/yongxing_2023-06-14-birdnet-12_10_23_01.wav
23,23,Spectrogram 1,1,9.767730182,10.265985046,837.2,9395.3,a51f44222c39478a53de,yongxing_2023-06-14-birdnet-12_10_23_01,18.0,0.4982548640000015,True,audio/analysis_clips/yongxing_2023-06-14-birdnet-12_10_23_01.wav
24,24,Spectrogram 1,1,10.347709389,11.022594285,1116.3,9395.3,ce4f71cdad7fd986bb9e,yongxing_2023-06-14-birdnet-12_10_23_01,18.0,0.674884896,True,audio/analysis_clips/yongxing_2023-06-14-birdnet-12_10_23_01.wav
25,25,Spectrogram 1,1,11.267767313,11.644753798,1023.3,10697.7,35420cef5d6987184a5e,yongxing_2023-06-14-birdnet-12_10_23_01,18.0,0.3769864849999997,True,audio/analysis_clips/yongxing_2023-06-14-birdnet-12_10_23_01.wav
26,26,Spectrogram 1,1,11.779203523,12.288003464,1116.3,9395.3,9064f2ab72a6b6459dc0,yongxing_2023-06-14-birdnet-12_10_23_01,18.0,0.5087999410000013,True,audio/analysis_clips/yongxing_2023-06-14-birdnet-12_10_23_01.wav
27,27,Spectrogram 1,1,12.356546462,12.533176493,1674.4,11348.8,760dd20a5ab575a31fd8,yongxing_2023-06-14-birdnet-12_10_23_01,18.0,0.1766300309999984,True,audio/analysis_clips/yongxing_2023-06-14-birdnet-12_10_23_01.wav
28,28,Spectrogram 1,1,12.989251042,13.376782603,1116.3,13209.3,1b8b8b916e3b1a4da65f,yongxing_2023-06-14-birdnet-12_10_23_01,18.0,0.3875315610000012,True,audio/analysis_clips/yongxing_2023-06-14-birdnet-12_10_23_01.wav
29,29,Spectrogram 1,1,13.466415753,14.051667499,1116.3,12465.1,22c0d8796b28b5cd5b99,yongxing_2023-06-14-birdnet-12_10_23_01,18.0,0.5852517460000008,True,audio/analysis_clips/yongxing_2023-06-14-birdnet-12_10_23_01.wav
30,30,Spectrogram 1,1,14.145909503,14.359447302,1953.5,11069.8,fb6565732b3af7ec6ae3,yongxing_2023-06-14-birdnet-12_10_23_01,18.0,0.2135377989999991,True,audio/analysis_clips/yongxing_2023-06-14-birdnet-12_10_23_01.wav
31,31,Spectrogram 1,1,14.765432747,15.000060699,2139.5,13116.3,71482031446c4099c1c9,yongxing_2023-06-14-birdnet-12_10_23_01,18.0,0.2346279520000003,True,audio/analysis_clips/yongxing_2023-06-14-birdnet-12_10_23_01.wav
32,32,Spectrogram 1,1,15.216234768,15.403409875,930.2,11162.8,51385b6d583f0312cc42,yongxing_2023-06-14-birdnet-12_10_23_01,18.0,0.1871751069999998,True,audio/analysis_clips/yongxing_2023-06-14-birdnet-12_10_23_01.wav
33,33,Spectrogram 1,1,15.511496909,16.107293731,1023.3,10790.7,bca7f5695c8547765852,yongxing_2023-06-14-birdnet-12_10_23_01,18.0,0.5957968219999987,True,audio/analysis_clips/yongxing_2023-06-14-birdnet-12_10_23_01.wav
34,34,Spectrogram 1,1,16.254924802,16.471098871,1488.4,11441.9,dca94fc6f2d5072908ba,yongxing_2023-06-14-birdnet-12_10_23_01,18.0,0.2161740689999973,True,audio/analysis_clips/yongxing_2023-06-14-birdnet-12_10_23_01.wav
35,36,Spectrogram 1,1,16.689909208,16.998352695,1581.4,12837.2,2c5e62349976060ef527,yongxing_2023-06-14-birdnet-12_10_23_01,18.0,0.3084434870000017,True,audio/analysis_clips/yongxing_2023-06-14-birdnet-12_10_23_01.wav
36,37,Spectrogram 1,1,17.032624194,17.565150557,1302.3,11907.0,819af0755095ee2eb5a0,yongxing_2023-06-14-birdnet-12_10_23_01,18.0,0.5325263629999988,True,audio/analysis_clips/yongxing_2023-06-14-birdnet-12_10_23_01.wav
37,38,Spectrogram 1,1,17.6468749,17.876230314,744.2,13116.3,f94fe5e20321933b7d6e,yongxing_2023-06-14-birdnet-12_10_23_01,18.0,0.2293554140000004,True,audio/analysis_clips/yongxing_2023-06-14-birdnet-12_10_23_01.wav
1,1,Spectrogram 1,1,0.12274288,0.382037213,263.1,14734.1,170580e56a6b2a5ddb84,yongxing_2023-06-22-birdnet-18_24_37_01,10.475854166666666,0.259294333,True,audio/analysis_clips/yongxing_2023-06-22-birdnet-18_24_37_01.wav
2,2,Spectrogram 1,1,0.444942939,0.573822962,197.3,9669.3,3fccfe65c8671dd89830,yongxing_2023-06-22-birdnet-18_24_37_01,10.475854166666666,0.128880023,True,audio/analysis_clips/yongxing_2023-06-22-birdnet-18_24_37_01.wav
3,3,Spectrogram 1,1,0.71651156,0.8545973,460.4,13023.9,43c4b57424f95e83b73b,yongxing_2023-06-22-birdnet-18_24_37_01,10.475854166666666,0.1380857399999999,True,audio/analysis_clips/yongxing_2023-06-22-birdnet-18_24_37_01.wav
4,4,Spectrogram 1,1,0.997285897,1.239703085,131.6,13879.0,6decd93bb92c3a2a60da,yongxing_2023-06-22-birdnet-18_24_37_01,10.475854166666666,0.2424171879999999,True,audio/analysis_clips/yongxing_2023-06-22-birdnet-18_24_37_01.wav
5,5,Spectrogram 1,1,1.333294531,1.428420262,0.0,13615.9,faf9094045da67fa51f1,yongxing_2023-06-22-birdnet-18_24_37_01,10.475854166666666,0.0951257309999999,True,audio/analysis_clips/yongxing_2023-06-22-birdnet-18_24_37_01.wav
6,6,Spectrogram 1,1,1.546560284,1.699988884,0.0,11379.5,d0e31333b5f5d6f3542a,yongxing_2023-06-22-birdnet-18_24_37_01,10.475854166666666,0.1534286,True,audio/analysis_clips/yongxing_2023-06-22-birdnet-18_24_37_01.wav
7,7,Spectrogram 1,1,1.818618107,1.964375277,131.6,8485.3,9b197351d2b1e5b5e2ad,yongxing_2023-06-22-birdnet-18_24_37_01,10.475854166666666,0.14575717,True,audio/analysis_clips/yongxing_2023-06-22-birdnet-18_24_37_01.wav
8,8,Spectrogram 1,1,2.117803877,2.37709821,723.6,15983.9,23ebd9fe864221d68063,yongxing_2023-06-22-birdnet-18_24_37_01,10.475854166666666,0.2592943330000001,True,audio/analysis_clips/yongxing_2023-06-22-birdnet-18_24_37_01.wav
9,9,Spectrogram 1,1,2.440003936,2.614912539,460.4,11445.3,3848cc8959757e3f1267,yongxing_2023-06-22-birdnet-18_24_37_01,10.475854166666666,0.174908603,True,audio/analysis_clips/yongxing_2023-06-22-birdnet-18_24_37_01.wav
10,10,Spectrogram 1,1,2.766806853,2.91716688,65.8,8485.3,d034f30b0923270ff40a,yongxing_2023-06-22-birdnet-18_24_37_01,10.475854166666666,0.150360027,True,audio/analysis_clips/yongxing_2023-06-22-birdnet-18_24_37_01.wav
11,11,Spectrogram 1,1,3.075198338,3.21635265,197.3,12431.9,93057c177d20d5346b04,yongxing_2023-06-22-birdnet-18_24_37_01,10.475854166666666,0.1411543120000002,True,audio/analysis_clips/yongxing_2023-06-22-birdnet-18_24_37_01.wav
12,12,Spectrogram 1,1,3.306875523,3.538552709,657.8,15128.8,e2010f449d20eaba3c3b,yongxing_2023-06-22-birdnet-18_24_37_01,10.475854166666666,0.2316771860000002,True,audio/analysis_clips/yongxing_2023-06-22-birdnet-18_24_37_01.wav
13,13,Spectrogram 1,1,3.588634469,3.748200213,0.0,8682.6,f70c9cb4e80eac67fe40,yongxing_2023-06-22-birdnet-18_24_37_01,10.475854166666666,0.159565744,True,audio/analysis_clips/yongxing_2023-06-22-birdnet-18_24_37_01.wav
14,14,Spectrogram 1,1,3.748200213,3.963000252,1907.5,14142.1,383aeda9c606cd4b4bd3,yongxing_2023-06-22-birdnet-18_24_37_01,10.475854166666666,0.214800039,True,audio/analysis_clips/yongxing_2023-06-22-birdnet-18_24_37_01.wav
15,15,Spectrogram 1,1,3.964534538,4.073468844,855.1,8024.8,7593efcf2f8a70fd3bc8,yongxing_2023-06-22-birdnet-18_24_37_01,10.475854166666666,0.1089343059999996,True,audio/analysis_clips/yongxing_2023-06-22-birdnet-18_24_37_01.wav
16,16,Spectrogram 1,1,4.107223136,4.216157441,394.7,8090.6,fc9132266898409de9ec,yongxing_2023-06-22-birdnet-18_24_37_01,10.475854166666666,0.108934305,True,audio/analysis_clips/yongxing_2023-06-22-birdnet-18_24_37_01.wav
17,17,Spectrogram 1,1,4.372654613,4.533754643,526.2,15260.4,92ba1bb9afbc59194453,yongxing_2023-06-22-birdnet-18_24_37_01,10.475854166666666,0.16110003,True,audio/analysis_clips/yongxing_2023-06-22-birdnet-18_24_37_01.wav
18,18,Spectrogram 1,1,4.736280394,4.87590042,328.9,7696.0,439c112e02a64de6eae8,yongxing_2023-06-22-birdnet-18_24_37_01,10.475854166666666,0.1396200260000002,True,audio/analysis_clips/yongxing_2023-06-22-birdnet-18_24_37_01.wav
19,19,Spectrogram 1,1,5.325446217,5.47734053,1052.4,13550.1,9b35d2d976fc1e4ca23a,yongxing_2023-06-22-birdnet-18_24_37_01,10.475854166666666,0.1518943130000005,True,audio/analysis_clips/yongxing_2023-06-22-birdnet-18_24_37_01.wav
20,20,Spectrogram 1,1,5.682934854,5.824089165,328.9,11708.4,5e9278186f5b8172ee73,yongxing_2023-06-22-birdnet-18_24_37_01,10.475854166666666,0.1411543110000002,True,audio/analysis_clips/yongxing_2023-06-22-birdnet-18_24_37_01.wav
21,21,Spectrogram 1,1,5.979052051,6.15549494,394.7,8353.7,419ab255bf2e38f127be,yongxing_2023-06-22-birdnet-18_24_37_01,10.475854166666666,0.1764428889999996,True,audio/analysis_clips/yongxing_2023-06-22-birdnet-18_24_37_01.wav
22,22,Spectrogram 1,1,6.282840678,6.491503573,1052.4,15260.4,6224565a388b03bc30e5,yongxing_2023-06-22-birdnet-18_24_37_01,10.475854166666666,0.2086628949999998,True,audio/analysis_clips/yongxing_2023-06-22-birdnet-18_24_37_01.wav
23,23,Spectrogram 1,1,6.578957875,6.743126477,131.6,13813.2,ae0dd3b9a4cdc7211cd6,yongxing_2023-06-22-birdnet-18_24_37_01,10.475854166666666,0.1641686019999992,True,audio/analysis_clips/yongxing_2023-06-22-birdnet-18_24_37_01.wav
24,24,Spectrogram 1,1,6.792223629,7.039243674,131.6,14339.5,742512e83bbb4194d617,yongxing_2023-06-22-birdnet-18_24_37_01,10.475854166666666,0.2470200449999993,True,audio/analysis_clips/yongxing_2023-06-22-birdnet-18_24_37_01.wav
25,25,Spectrogram 1,1,7.296248732,7.557077351,328.9,13155.5,6f4997fafe42a29a6387,yongxing_2023-06-22-birdnet-18_24_37_01,10.475854166666666,0.2608286190000006,True,audio/analysis_clips/yongxing_2023-06-22-birdnet-18_24_37_01.wav
26,26,Spectrogram 1,1,7.623051649,7.784151679,526.2,7761.7,1b51c9d845d9820e12ff,yongxing_2023-06-22-birdnet-18_24_37_01,10.475854166666666,0.16110003,True,audio/analysis_clips/yongxing_2023-06-22-birdnet-18_24_37_01.wav
27,27,Spectrogram 1,1,7.824043115,8.080268876,592.0,14602.6,ab849480121cd6363b8b,yongxing_2023-06-22-birdnet-18_24_37_01,10.475854166666666,0.2562257609999996,True,audio/analysis_clips/yongxing_2023-06-22-birdnet-18_24_37_01.wav
28,28,Spectrogram 1,1,8.279726056,8.417811795,263.1,8287.9,620625439cc9b9bedd7f,yongxing_2023-06-22-birdnet-18_24_37_01,10.475854166666666,0.1380857390000009,True,audio/analysis_clips/yongxing_2023-06-22-birdnet-18_24_37_01.wav
29,29,Spectrogram 1,1,8.571240395,8.827466156,197.3,13550.1,7cc57fae4df1117e5568,yongxing_2023-06-22-birdnet-18_24_37_01,10.475854166666666,0.2562257609999996,True,audio/analysis_clips/yongxing_2023-06-22-birdnet-18_24_37_01.wav
30,30,Spectrogram 1,1,8.925932822,9.231255735,394.7,15260.4,8bff4c9b0a02618f1411,yongxing_2023-06-22-birdnet-18_24_37_01,10.475854166666666,0.3053229129999995,True,audio/analysis_clips/yongxing_2023-06-22-birdnet-18_24_37_01.wav
31,31,Spectrogram 1,1,9.332518611,9.484412924,131.6,11839.9,33f42697e0912cd53dae,yongxing_2023-06-22-birdnet-18_24_37_01,10.475854166666666,0.1518943130000014,True,audio/analysis_clips/yongxing_2023-06-22-birdnet-18_24_37_01.wav
32,32,Spectrogram 1,1,9.567264368,9.874121567,263.1,14471.0,8b8e046abf53a7557b5d,yongxing_2023-06-22-birdnet-18_24_37_01,10.475854166666666,0.3068571989999995,True,audio/analysis_clips/yongxing_2023-06-22-birdnet-18_24_37_01.wav
33,33,Spectrogram 1,1,9.987658731,10.213198773,1052.4,15128.8,682f830746fcb3bf9eb0,yongxing_2023-06-22-birdnet-18_24_37_01,10.475854166666666,0.2255400420000004,True,audio/analysis_clips/yongxing_2023-06-22-birdnet-18_24_37_01.wav
34,34,Spectrogram 1,1,10.292981644,10.452547388,65.8,8419.5,b6e5dbea35f7970c7456,yongxing_2023-06-22-birdnet-18_24_37_01,10.475854166666666,0.159565744,True,audio/analysis_clips/yongxing_2023-06-22-birdnet-18_24_37_01.wav
1,2,Spectrogram 1,1,0.372060511,0.510201789,0.0,8279.1,3867245107d71479b375,yongxing_2023-06-22-birdnet-18_25_07_01,17.78525,0.138141278,True,audio/analysis_clips/yongxing_2023-06-22-birdnet-18_25_07_01.wav
2,3,Spectrogram 1,1,0.652026836,0.742279138,186.0,13674.4,f054a6190c801e305f40,yongxing_2023-06-22-birdnet-18_25_07_01,17.78525,0.090252302,True,audio/analysis_clips/yongxing_2023-06-22-birdnet-18_25_07_01.wav
3,4,Spectrogram 1,1,0.884104184,1.130916602,0.0,13767.4,49e445ae517a7b204af6,yongxing_2023-06-22-birdnet-18_25_07_01,17.78525,0.2468124180000001,True,audio/analysis_clips/yongxing_2023-06-22-birdnet-18_25_07_01.wav
4,5,Spectrogram 1,1,1.245113392,1.545340438,0.0,15162.8,951d9527cb0f0a86b787,yongxing_2023-06-22-birdnet-18_25_07_01,17.78525,0.300227046,True,audio/analysis_clips/yongxing_2023-06-22-birdnet-18_25_07_01.wav
5,6,Spectrogram 1,1,1.666904763,1.80872981,279.1,9581.4,1c8b93dfa900a93152ac,yongxing_2023-06-22-birdnet-18_25_07_01,17.78525,0.1418250469999999,True,audio/analysis_clips/yongxing_2023-06-22-birdnet-18_25_07_01.wav
6,7,Spectrogram 1,1,2.239730599,2.580479087,0.0,13395.3,1180d3b373eb021b859c,yongxing_2023-06-22-birdnet-18_25_07_01,17.78525,0.340748488,True,audio/analysis_clips/yongxing_2023-06-22-birdnet-18_25_07_01.wav
7,8,Spectrogram 1,1,2.667047622,2.926753226,0.0,20186.0,8892d6d4ae45fcec3727,yongxing_2023-06-22-birdnet-18_25_07_01,17.78525,0.2597056040000001,True,audio/analysis_clips/yongxing_2023-06-22-birdnet-18_25_07_01.wav
8,9,Spectrogram 1,1,3.230664039,3.352228364,0.0,9209.3,ed6b33fcf635c7141a4b,yongxing_2023-06-22-birdnet-18_25_07_01,17.78525,0.121564325,True,audio/analysis_clips/yongxing_2023-06-22-birdnet-18_25_07_01.wav
9,10,Spectrogram 1,1,3.536416736,3.646929759,0.0,11907.0,cf447d41bd36326f8112,yongxing_2023-06-22-birdnet-18_25_07_01,17.78525,0.1105130229999997,True,audio/analysis_clips/yongxing_2023-06-22-birdnet-18_25_07_01.wav
10,11,Spectrogram 1,1,3.727972642,3.97478506,93.0,14139.5,55e77e5f46eb83cb1985,yongxing_2023-06-22-birdnet-18_25_07_01,17.78525,0.2468124179999997,True,audio/analysis_clips/yongxing_2023-06-22-birdnet-18_25_07_01.wav
11,12,Spectrogram 1,1,4.063195482,4.347898225,186.0,15814.0,a407692171747cd03778,yongxing_2023-06-22-birdnet-18_25_07_01,17.78525,0.2847027429999995,True,audio/analysis_clips/yongxing_2023-06-22-birdnet-18_25_07_01.wav
12,13,Spectrogram 1,1,4.639705085,4.956509084,0.0,14418.6,67ca9a552fef1e13c16f,yongxing_2023-06-22-birdnet-18_25_07_01,17.78525,0.3168039990000002,True,audio/analysis_clips/yongxing_2023-06-22-birdnet-18_25_07_01.wav
13,14,Spectrogram 1,1,5.09833413,5.374616688,0.0,16837.2,c4d8aa80feb745b28acb,yongxing_2023-06-22-birdnet-18_25_07_01,17.78525,0.2762825580000001,True,audio/analysis_clips/yongxing_2023-06-22-birdnet-18_25_07_01.wav
14,16,Spectrogram 1,1,5.455659571,5.671159966,0.0,17023.3,d85c2ef17319e1356451,yongxing_2023-06-22-birdnet-18_25_07_01,17.78525,0.2155003950000003,True,audio/analysis_clips/yongxing_2023-06-22-birdnet-18_25_07_01.wav
15,17,Spectrogram 1,1,5.766148886,5.933760305,0.0,12093.0,80d8e3adb3ef6b564945,yongxing_2023-06-22-birdnet-18_25_07_01,17.78525,0.1676114189999999,True,audio/analysis_clips/yongxing_2023-06-22-birdnet-18_25_07_01.wav
16,18,Spectrogram 1,1,5.972439863,6.309504583,279.1,12837.2,5929801e140614bfb23e,yongxing_2023-06-22-birdnet-18_25_07_01,17.78525,0.3370647199999999,True,audio/analysis_clips/yongxing_2023-06-22-birdnet-18_25_07_01.wav
17,19,Spectrogram 1,1,6.440278327,6.571052071,93.0,8651.2,c3982d13ccc92ed68343,yongxing_2023-06-22-birdnet-18_25_07_01,17.78525,0.1307737440000007,True,audio/analysis_clips/yongxing_2023-06-22-birdnet-18_25_07_01.wav
18,20,Spectrogram 1,1,6.655778722,6.913642442,0.0,16093.0,dcaa8b18b512a0279d67,yongxing_2023-06-22-birdnet-18_25_07_01,17.78525,0.2578637200000004,True,audio/analysis_clips/yongxing_2023-06-22-birdnet-18_25_07_01.wav
19,21,Spectrogram 1,1,7.014946046,7.107040232,651.2,12465.1,2d85bf7bfadbde834976,yongxing_2023-06-22-birdnet-18_25_07_01,17.78525,0.0920941859999997,True,audio/analysis_clips/yongxing_2023-06-22-birdnet-18_25_07_01.wav
20,22,Spectrogram 1,1,7.221237022,7.466207557,93.0,14046.5,d63c9f8cfe7d2c592960,yongxing_2023-06-22-birdnet-18_25_07_01,17.78525,0.2449705349999993,True,audio/analysis_clips/yongxing_2023-06-22-birdnet-18_25_07_01.wav
21,23,Spectrogram 1,1,7.584088115,7.665130998,186.0,9209.3,9f27bf10a23cb3dabd0d,yongxing_2023-06-22-birdnet-18_25_07_01,17.78525,0.0810428830000002,True,audio/analysis_clips/yongxing_2023-06-22-birdnet-18_25_07_01.wav
22,24,Spectrogram 1,1,7.906417765,8.162439602,93.0,12744.2,212d6857b1bdd1c96865,yongxing_2023-06-22-birdnet-18_25_07_01,17.78525,0.2560218369999996,True,audio/analysis_clips/yongxing_2023-06-22-birdnet-18_25_07_01.wav
23,25,Spectrogram 1,1,8.247166253,8.390833182,372.1,8279.1,9e8a1ee7712f36c8119e,yongxing_2023-06-22-birdnet-18_25_07_01,17.78525,0.1436669290000001,True,audio/analysis_clips/yongxing_2023-06-22-birdnet-18_25_07_01.wav
24,26,Spectrogram 1,1,8.477401717,8.801573251,93.0,11348.8,4d0d1e7909fe9bb7230d,yongxing_2023-06-22-birdnet-18_25_07_01,17.78525,0.3241715340000013,True,audio/analysis_clips/yongxing_2023-06-22-birdnet-18_25_07_01.wav
25,27,Spectrogram 1,1,8.982077855,9.131270437,186.0,9395.3,bf1c752a7ca65121bb0d,yongxing_2023-06-22-birdnet-18_25_07_01,17.78525,0.1491925819999995,True,audio/analysis_clips/yongxing_2023-06-22-birdnet-18_25_07_01.wav
26,28,Spectrogram 1,1,9.210471436,9.488595878,372.1,10511.6,0729506a6a336428a5f3,yongxing_2023-06-22-birdnet-18_25_07_01,17.78525,0.2781244419999993,True,audio/analysis_clips/yongxing_2023-06-22-birdnet-18_25_07_01.wav
27,29,Spectrogram 1,1,9.569638754,9.844079428,0.0,13953.5,dabfd7b3810d3b13cb52,yongxing_2023-06-22-birdnet-18_25_07_01,17.78525,0.2744406740000009,True,audio/analysis_clips/yongxing_2023-06-22-birdnet-18_25_07_01.wav
28,31,Spectrogram 1,1,9.978536939,10.061421706,186.0,8186.0,fbb2703b68f070a1d552,yongxing_2023-06-22-birdnet-18_25_07_01,17.78525,0.0828847670000012,True,audio/analysis_clips/yongxing_2023-06-22-birdnet-18_25_07_01.wav
29,32,Spectrogram 1,1,10.518208868,10.796333309,744.2,11069.8,44d638125f92510838bb,yongxing_2023-06-22-birdnet-18_25_07_01,17.78525,0.2781244409999992,True,audio/analysis_clips/yongxing_2023-06-22-birdnet-18_25_07_01.wav
30,33,Spectrogram 1,1,10.902636097,11.191811841,0.0,14604.7,82493feb6460676055ff,yongxing_2023-06-22-birdnet-18_25_07_01,17.78525,0.2891757439999995,True,audio/analysis_clips/yongxing_2023-06-22-birdnet-18_25_07_01.wav
31,34,Spectrogram 1,1,11.262329649,11.562556695,0.0,12651.2,e103ef637d087c0ea7f9,yongxing_2023-06-22-birdnet-18_25_07_01,17.78525,0.3002270459999998,True,audio/analysis_clips/yongxing_2023-06-22-birdnet-18_25_07_01.wav
32,35,Spectrogram 1,1,11.710960563,11.838050539,0.0,13395.3,d6a3a278ae4839a2ee62,yongxing_2023-06-22-birdnet-18_25_07_01,17.78525,0.1270899759999988,True,audio/analysis_clips/yongxing_2023-06-22-birdnet-18_25_07_01.wav
33,36,Spectrogram 1,1,11.896990818,12.165905841,0.0,13860.5,7e29eb25abbe3b44c4e3,yongxing_2023-06-22-birdnet-18_25_07_01,17.78525,0.2689150229999999,True,audio/analysis_clips/yongxing_2023-06-22-birdnet-18_25_07_01.wav
34,37,Spectrogram 1,1,12.254316259,12.364829282,372.1,9023.3,b8ac3ee52ecf6eb7dc22,yongxing_2023-06-22-birdnet-18_25_07_01,17.78525,0.1105130230000011,True,audio/analysis_clips/yongxing_2023-06-22-birdnet-18_25_07_01.wav
35,38,Spectrogram 1,1,12.51217998,12.779253119,0.0,13116.3,a4676f47a7697e634b6c,yongxing_2023-06-22-birdnet-18_25_07_01,17.78525,0.2670731389999989,True,audio/analysis_clips/yongxing_2023-06-22-birdnet-18_25_07_01.wav
36,39,Spectrogram 1,1,12.989227862,13.278403606,0.0,14046.5,8b4c787d729c02ebc80a,yongxing_2023-06-22-birdnet-18_25_07_01,17.78525,0.2891757439999995,True,audio/analysis_clips/yongxing_2023-06-22-birdnet-18_25_07_01.wav
37,40,Spectrogram 1,1,13.643096585,13.921221026,651.2,11814.0,2d609a4b4e8a97ff2525,yongxing_2023-06-22-birdnet-18_25_07_01,17.78525,0.2781244409999992,True,audio/analysis_clips/yongxing_2023-06-22-birdnet-18_25_07_01.wav
38,41,Spectrogram 1,1,13.926746677,14.188294165,0.0,13302.3,b2631c8f40ca62ae0008,yongxing_2023-06-22-birdnet-18_25_07_01,17.78525,0.2615474879999997,True,audio/analysis_clips/yongxing_2023-06-22-birdnet-18_25_07_01.wav
39,42,Spectrogram 1,1,14.383533839,14.540093955,0.0,10325.6,e933357954e0c04f346f,yongxing_2023-06-22-birdnet-18_25_07_01,17.78525,0.1565601159999996,True,audio/analysis_clips/yongxing_2023-06-22-birdnet-18_25_07_01.wav
40,43,Spectrogram 1,1,14.648765094,14.906628814,0.0,13116.3,f9eaf04b19fc420f16b0,yongxing_2023-06-22-birdnet-18_25_07_01,17.78525,0.2578637199999996,True,audio/analysis_clips/yongxing_2023-06-22-birdnet-18_25_07_01.wav
41,44,Spectrogram 1,1,14.991355465,15.279215332,0.0,14232.6,35ce7fcf520ceb47c574,yongxing_2023-06-22-birdnet-18_25_07_01,17.78525,0.2878598669999999,True,audio/analysis_clips/yongxing_2023-06-22-birdnet-18_25_07_01.wav
42,45,Spectrogram 1,1,15.374993286,15.537079053,93.0,8558.1,b27ea31e6aae47bdc998,yongxing_2023-06-22-birdnet-18_25_07_01,17.78525,0.1620857669999988,True,audio/analysis_clips/yongxing_2023-06-22-birdnet-18_25_07_01.wav
43,46,Spectrogram 1,1,15.737054293,15.893614409,0.0,8000.0,27e1b4a7f5a2f248d2e6,yongxing_2023-06-22-birdnet-18_25_07_01,17.78525,0.1565601159999996,True,audio/analysis_clips/yongxing_2023-06-22-birdnet-18_25_07_01.wav
44,47,Spectrogram 1,1,15.985708595,16.28040999,0.0,10883.7,8bf27015828236924864,yongxing_2023-06-22-birdnet-18_25_07_01,17.78525,0.2947013949999988,True,audio/analysis_clips/yongxing_2023-06-22-birdnet-18_25_07_01.wav
45,48,Spectrogram 1,1,16.505119803,16.718778314,372.1,11720.9,8418be8d42b55c1ef72a,yongxing_2023-06-22-birdnet-18_25_07_01,17.78525,0.213658511000002,True,audio/analysis_clips/yongxing_2023-06-22-birdnet-18_25_07_01.wav
46,49,Spectrogram 1,1,16.832975105,17.118467081,0.0,15255.8,a32b5e9519870339d69b,yongxing_2023-06-22-birdnet-18_25_07_01,17.78525,0.2854919759999994,True,audio/analysis_clips/yongxing_2023-06-22-birdnet-18_25_07_01.wav
47,50,Spectrogram 1,1,17.249240825,17.531049033,0.0,12930.2,66ca9be703d8b0c6ea9a,yongxing_2023-06-22-birdnet-18_25_07_01,17.78525,0.2818082079999975,True,audio/analysis_clips/yongxing_2023-06-22-birdnet-18_25_07_01.wav
48,51,Spectrogram 1,1,17.589989312,17.687609149,93.0,8744.2,c82f093275177f1551c6,yongxing_2023-06-22-birdnet-18_25_07_01,17.78525,0.0976198369999998,True,audio/analysis_clips/yongxing_2023-06-22-birdnet-18_25_07_01.wav
49,54,Spectrogram 1,1,2.987535388,3.083313341,465.1,14232.6,08d30948f80987ce0ff0,yongxing_2023-06-22-birdnet-18_25_07_01,17.78525,0.0957779530000002,True,audio/analysis_clips/yongxing_2023-06-22-birdnet-18_25_07_01.wav
50,55,Spectrogram 1,1,4.399997102,4.51787766,186.0,7720.9,ab7395414f7564faa4cb,yongxing_2023-06-22-birdnet-18_25_07_01,17.78525,0.1178805579999995,True,audio/analysis_clips/yongxing_2023-06-22-birdnet-18_25_07_01.wav
1,1,Spectrogram 1,1,0.192838326,0.351009088,1674.4,8093.0,600abf8439e23cc7ab86,yongxing_2023-07-08-birdnet-16_25_43_01,10.460958333333334,0.158170762,True,audio/analysis_clips/yongxing_2023-07-08-birdnet-16_25_43_01.wav
2,2,Spectrogram 1,1,0.591515314,0.801687422,883.7,7302.3,a4239ade885d3e4a5ccc,yongxing_2023-07-08-birdnet-16_25_43_01,10.460958333333334,0.2101721079999999,True,audio/analysis_clips/yongxing_2023-07-08-birdnet-16_25_43_01.wav
3,3,Spectrogram 1,1,1.035693481,1.334701222,1348.8,8046.5,f9a4ae2df8dbf223e5e5,yongxing_2023-07-08-birdnet-16_25_43_01,10.460958333333334,0.299007741,True,audio/analysis_clips/yongxing_2023-07-08-birdnet-16_25_43_01.wav
4,4,Spectrogram 1,1,1.40403635,1.596874676,1674.4,8093.0,5a4cc153f13c60785e6f,yongxing_2023-07-08-birdnet-16_25_43_01,10.460958333333334,0.1928383260000001,True,audio/analysis_clips/yongxing_2023-07-08-birdnet-16_25_43_01.wav
5,5,Spectrogram 1,1,1.846047794,2.06272007,1348.8,6697.7,82039acd3f0e78e1e617,yongxing_2023-07-08-birdnet-16_25_43_01,10.460958333333334,0.2166722760000001,True,audio/analysis_clips/yongxing_2023-07-08-birdnet-16_25_43_01.wav
6,6,Spectrogram 1,1,2.238224614,2.446229999,1488.4,8000.0,a8af61da46b643843ee9,yongxing_2023-07-08-birdnet-16_25_43_01,10.460958333333334,0.2080053849999998,True,audio/analysis_clips/yongxing_2023-07-08-birdnet-16_25_43_01.wav
7,7,Spectrogram 1,1,2.662902276,2.970576908,1767.4,7907.0,e57c92f5c796168d35a6,yongxing_2023-07-08-birdnet-16_25_43_01,10.460958333333334,0.3076746319999999,True,audio/analysis_clips/yongxing_2023-07-08-birdnet-16_25_43_01.wav
8,8,Spectrogram 1,1,3.031245146,3.228416917,1488.4,8093.0,0a9e307e1c237faefbd1,yongxing_2023-07-08-birdnet-16_25_43_01,10.460958333333334,0.1971717710000002,True,audio/analysis_clips/yongxing_2023-07-08-birdnet-16_25_43_01.wav
9,9,Spectrogram 1,1,3.620593737,3.824265677,1209.3,7023.3,2c919c2387876b07a65a,yongxing_2023-07-08-birdnet-16_25_43_01,10.460958333333334,0.20367194,True,audio/analysis_clips/yongxing_2023-07-08-birdnet-16_25_43_01.wav
10,10,Spectrogram 1,1,4.381113427,4.602119149,1395.3,7255.8,3be6e04aa89f5788215a,yongxing_2023-07-08-birdnet-16_25_43_01,10.460958333333334,0.2210057220000001,True,audio/analysis_clips/yongxing_2023-07-08-birdnet-16_25_43_01.wav
11,11,Spectrogram 1,1,4.849125544,5.152466731,1348.8,7488.4,cc022fbfb520ed9cf726,yongxing_2023-07-08-birdnet-16_25_43_01,10.460958333333334,0.303341187,True,audio/analysis_clips/yongxing_2023-07-08-birdnet-16_25_43_01.wav
12,12,Spectrogram 1,1,5.210968242,5.397306399,1627.9,7581.4,05c1afd1e26a6383091e,yongxing_2023-07-08-birdnet-16_25_43_01,10.460958333333334,0.1863381569999997,True,audio/analysis_clips/yongxing_2023-07-08-birdnet-16_25_43_01.wav
13,13,Spectrogram 1,1,5.730981705,5.951987426,1395.3,7767.4,8daaa6a786682e727b37,yongxing_2023-07-08-birdnet-16_25_43_01,10.460958333333334,0.221005721,True,audio/analysis_clips/yongxing_2023-07-08-birdnet-16_25_43_01.wav
14,14,Spectrogram 1,1,6.281329286,6.569503414,1441.9,8372.1,36ee50ad158874afdc22,yongxing_2023-07-08-birdnet-16_25_43_01,10.460958333333334,0.2881741279999996,True,audio/analysis_clips/yongxing_2023-07-08-birdnet-16_25_43_01.wav
15,15,Spectrogram 1,1,6.624335639,6.806340351,1860.5,7441.9,5761f0542066664c0655,yongxing_2023-07-08-birdnet-16_25_43_01,10.460958333333334,0.1820047120000003,True,audio/analysis_clips/yongxing_2023-07-08-birdnet-16_25_43_01.wav
16,16,Spectrogram 1,1,7.044679855,7.248351795,1395.3,7860.5,430bdf42ff86f17ce8a1,yongxing_2023-07-08-birdnet-16_25_43_01,10.460958333333334,0.2036719399999995,True,audio/analysis_clips/yongxing_2023-07-08-birdnet-16_25_43_01.wav
17,17,Spectrogram 1,1,7.419522893,7.608027774,1302.3,6651.2,5c55ff6c5f97fda1949c,yongxing_2023-07-08-birdnet-16_25_43_01,10.460958333333334,0.188504881,True,audio/analysis_clips/yongxing_2023-07-08-birdnet-16_25_43_01.wav
18,18,Spectrogram 1,1,7.701196852,7.881034842,1395.3,7534.9,7b345702e15968060f94,yongxing_2023-07-08-birdnet-16_25_43_01,10.460958333333334,0.1798379900000002,True,audio/analysis_clips/yongxing_2023-07-08-birdnet-16_25_43_01.wav
19,19,Spectrogram 1,1,8.149708464,8.442216037,1023.3,7534.9,ce8a5f00580f6481fdd1,yongxing_2023-07-08-birdnet-16_25_43_01,10.460958333333334,0.2925075729999999,True,audio/analysis_clips/yongxing_2023-07-08-birdnet-16_25_43_01.wav
20,20,Spectrogram 1,1,8.515884611,8.758557561,1162.8,7302.3,dd554c5602adc5a5f5df,yongxing_2023-07-08-birdnet-16_25_43_01,10.460958333333334,0.2426729499999993,True,audio/analysis_clips/yongxing_2023-07-08-birdnet-16_25_43_01.wav
21,21,Spectrogram 1,1,9.009897401,9.178901777,1395.3,7534.9,e55d5b8881d9b56e5fbf,yongxing_2023-07-08-birdnet-16_25_43_01,10.460958333333334,0.1690043760000001,True,audio/analysis_clips/yongxing_2023-07-08-birdnet-16_25_43_01.wav
22,22,Spectrogram 1,1,9.436741782,9.620913217,1209.3,6232.6,3543f3482edcd831e184,yongxing_2023-07-08-birdnet-16_25_43_01,10.460958333333334,0.1841714349999996,True,audio/analysis_clips/yongxing_2023-07-08-birdnet-16_25_43_01.wav
23,23,Spectrogram 1,1,9.731416078,9.911254067,1302.3,6465.1,26f590bfd37788157c5f,yongxing_2023-07-08-birdnet-16_25_43_01,10.460958333333334,0.1798379889999992,True,audio/analysis_clips/yongxing_2023-07-08-birdnet-16_25_43_01.wav
24,24,Spectrogram 1,1,10.106259116,10.396599966,1162.8,7814.0,dc5e10d732c9c2519e3a,yongxing_2023-07-08-birdnet-16_25_43_01,10.460958333333334,0.2903408499999997,True,audio/analysis_clips/yongxing_2023-07-08-birdnet-16_25_43_01.wav
1,1,Spectrogram 1,1,0.054528014,0.277313898,1209.3,13767.4,26b3a98de7b6d540a182,yongxing_2024-04-21-birdnet-06_44_14_01,7.521770833333333,0.222785884,True,audio/analysis_clips/yongxing_2024-04-21-birdnet-06_44_14_01.wav
2,2,Spectrogram 1,1,0.445571769,0.9113968,930.2,15348.8,7aa4ae343e494ad255c8,yongxing_2024-04-21-birdnet-06_44_14_01,7.521770833333333,0.465825031,True,audio/analysis_clips/yongxing_2024-04-21-birdnet-06_44_14_01.wav
3,4,Spectrogram 1,1,0.990851906,1.356968569,465.1,18790.7,828efcc93f1e902f931b,yongxing_2024-04-21-birdnet-06_44_14_01,7.521770833333333,0.366116663,True,audio/analysis_clips/yongxing_2024-04-21-birdnet-06_44_14_01.wav
4,7,Spectrogram 1,1,3.939724115,4.394643543,93.0,20279.1,ab2c688c822d5474f30d,yongxing_2024-04-21-birdnet-06_44_14_01,7.521770833333333,0.4549194279999997,True,audio/analysis_clips/yongxing_2024-04-21-birdnet-06_44_14_01.wav
5,8,Spectrogram 1,1,6.307126018,6.732444525,186.0,16558.1,e3839c4a4e6084f6f183,yongxing_2024-04-21-birdnet-06_44_14_01,7.521770833333333,0.425318507,True,audio/analysis_clips/yongxing_2024-04-21-birdnet-06_44_14_01.wav
6,9,Spectrogram 1,1,4.490566142,4.756974438,0.0,16279.1,edeff977e3850017f1dc,yongxing_2024-04-21-birdnet-06_44_14_01,7.521770833333333,0.2664082960000007,True,audio/analysis_clips/yongxing_2024-04-21-birdnet-06_44_14_01.wav
7,10,Spectrogram 1,1,2.784044584,3.000598695,837.2,17674.4,a3aa53560f18eaa71082,yongxing_2024-04-21-birdnet-06_44_14_01,7.521770833333333,0.2165541109999997,True,audio/analysis_clips/yongxing_2024-04-21-birdnet-06_44_14_01.wav
8,11,Spectrogram 1,1,3.248407995,3.441592958,186.0,9860.5,83050b88eefab47c364a,yongxing_2024-04-21-birdnet-06_44_14_01,7.521770833333333,0.1931849630000002,True,audio/analysis_clips/yongxing_2024-04-21-birdnet-06_44_14_01.wav
9,12,Spectrogram 1,1,3.564670474,3.813941394,465.1,14418.6,8258f54b9120c0fed611,yongxing_2024-04-21-birdnet-06_44_14_01,7.521770833333333,0.2492709199999998,True,audio/analysis_clips/yongxing_2024-04-21-birdnet-06_44_14_01.wav
10,13,Spectrogram 1,1,4.841046516,5.129266016,558.1,15720.9,809d4a2fb87ed9073e63,yongxing_2024-04-21-birdnet-06_44_14_01,7.521770833333333,0.2882195000000003,True,audio/analysis_clips/yongxing_2024-04-21-birdnet-06_44_14_01.wav
11,14,Spectrogram 1,1,5.468897644,5.67766204,558.1,21116.3,dfe181e0e0507722a3c2,yongxing_2024-04-21-birdnet-06_44_14_01,7.521770833333333,0.2087643960000003,True,audio/analysis_clips/yongxing_2024-04-21-birdnet-06_44_14_01.wav
12,15,Spectrogram 1,1,5.701031188,5.824108705,93.0,13209.3,5e553c399eb1c33398ef,yongxing_2024-04-21-birdnet-06_44_14_01,7.521770833333333,0.1230775170000004,True,audio/analysis_clips/yongxing_2024-04-21-birdnet-06_44_14_01.wav
13,16,Spectrogram 1,1,5.971983713,6.204117257,372.1,14511.6,d240108b59c6ad5aea56,yongxing_2024-04-21-birdnet-06_44_14_01,7.521770833333333,0.2321335439999998,True,audio/analysis_clips/yongxing_2024-04-21-birdnet-06_44_14_01.wav
14,17,Spectrogram 1,1,6.848604694,7.018420508,279.1,20000.0,cba906bc0d3553dfb3dd,yongxing_2024-04-21-birdnet-06_44_14_01,7.521770833333333,0.1698158140000005,True,audio/analysis_clips/yongxing_2024-04-21-birdnet-06_44_14_01.wav
15,18,Spectrogram 1,1,7.127476535,7.417253979,279.1,18976.7,d67cff5b2f50144aacaf,yongxing_2024-04-21-birdnet-06_44_14_01,7.521770833333333,0.2897774440000003,True,audio/analysis_clips/yongxing_2024-04-21-birdnet-06_44_14_01.wav
16,19,Spectrogram 1,1,1.393400522,1.571006052,2976.7,15348.8,b843f7e5dbd889aae537,yongxing_2024-04-21-birdnet-06_44_14_01,7.521770833333333,0.1776055299999999,True,audio/analysis_clips/yongxing_2024-04-21-birdnet-06_44_14_01.wav
17,20,Spectrogram 1,1,1.609954634,1.803139596,0.0,11162.8,66384f70f916b11e04c5,yongxing_2024-04-21-birdnet-06_44_14_01,7.521770833333333,0.1931849620000001,True,audio/analysis_clips/yongxing_2024-04-21-birdnet-06_44_14_01.wav
18,21,Spectrogram 1,1,1.916869453,2.22690016,0.0,14790.7,9bb39be07d2c76160bd7,yongxing_2024-04-21-birdnet-06_44_14_01,7.521770833333333,0.3100307070000001,True,audio/analysis_clips/yongxing_2024-04-21-birdnet-06_44_14_01.wav
1,1,Spectrogram 1,1,0.028353766,0.182724272,558.1,20651.2,90280c7d27c9eeb07aa7,yongxing_2024-04-21-birdnet-06_44_14_02,10.755270833333332,0.154370506,True,audio/analysis_clips/yongxing_2024-04-21-birdnet-06_44_14_02.wav
2,2,Spectrogram 1,1,0.253608688,0.385926264,372.1,14325.6,b7fdb5b68ec06f94a285,yongxing_2024-04-21-birdnet-06_44_14_02,10.755270833333332,0.132317576,True,audio/analysis_clips/yongxing_2024-04-21-birdnet-06_44_14_02.wav
3,3,Spectrogram 1,1,0.499341329,0.675764764,558.1,17209.3,a91fec636aaeafdaf2ea,yongxing_2024-04-21-birdnet-06_44_14_02,10.755270833333332,0.1764234349999999,True,audio/analysis_clips/yongxing_2024-04-21-birdnet-06_44_14_02.wav
4,4,Spectrogram 1,1,0.926223033,1.381458503,465.1,20093.0,9c8adabea9dac66805c6,yongxing_2024-04-21-birdnet-06_44_14_02,10.755270833333332,0.45523547,True,audio/analysis_clips/yongxing_2024-04-21-birdnet-06_44_14_02.wav
5,6,Spectrogram 1,1,1.436590826,1.734305373,93.0,21302.3,4340a4fbbaa1dc8403bb,yongxing_2024-04-21-birdnet-06_44_14_02,10.755270833333332,0.297714547,True,audio/analysis_clips/yongxing_2024-04-21-birdnet-06_44_14_02.wav
6,7,Spectrogram 1,1,1.868812263,2.174402855,465.1,13953.5,d1edd33bd79358ec6b8a,yongxing_2024-04-21-birdnet-06_44_14_02,10.755270833333332,0.3055905919999999,True,audio/analysis_clips/yongxing_2024-04-21-birdnet-06_44_14_02.wav
7,8,Spectrogram 1,1,2.294118757,2.539851399,93.0,19162.8,c776d5b462ba90a5c819,yongxing_2024-04-21-birdnet-06_44_14_02,10.755270833333332,0.2457326419999996,True,audio/analysis_clips/yongxing_2024-04-21-birdnet-06_44_14_02.wav
8,9,Spectrogram 1,1,2.607585396,2.78558404,2139.5,15627.9,4fbef26029aff4b79c88,yongxing_2024-04-21-birdnet-06_44_14_02,10.755270833333332,0.1779986439999996,True,audio/analysis_clips/yongxing_2024-04-21-birdnet-06_44_14_02.wav
9,11,Spectrogram 1,1,3.081723377,3.511755499,0.0,19534.9,eb52c2ac06782575fb00,yongxing_2024-04-21-birdnet-06_44_14_02,10.755270833333332,0.430032122,True,audio/analysis_clips/yongxing_2024-04-21-birdnet-06_44_14_02.wav
10,12,Spectrogram 1,1,3.575644246,4.049782227,0.0,16744.2,ab0dac4b51679b89ece9,yongxing_2024-04-21-birdnet-06_44_14_02,10.755270833333332,0.4741379809999997,True,audio/analysis_clips/yongxing_2024-04-21-birdnet-06_44_14_02.wav
11,13,Spectrogram 1,1,4.12696748,4.45776142,0.0,14790.7,aad73a70a4924590e086,yongxing_2024-04-21-birdnet-06_44_14_02,10.755270833333332,0.3307939399999995,True,audio/analysis_clips/yongxing_2024-04-21-birdnet-06_44_14_02.wav
12,14,Spectrogram 1,1,4.597570781,4.78659589,1674.4,16651.2,9fdd9f954106c84fab2f,yongxing_2024-04-21-birdnet-06_44_14_02,10.755270833333332,0.1890251090000001,True,audio/analysis_clips/yongxing_2024-04-21-birdnet-06_44_14_02.wav
13,15,Spectrogram 1,1,5.118965039,5.279636382,1395.3,19348.8,63bda3b7b34c650db018,yongxing_2024-04-21-birdnet-06_44_14_02,10.755270833333332,0.1606713429999997,True,audio/analysis_clips/yongxing_2024-04-21-birdnet-06_44_14_02.wav
14,16,Spectrogram 1,1,5.389901028,5.793154594,186.0,12465.1,09a42f71826261cfb0db,yongxing_2024-04-21-birdnet-06_44_14_02,10.755270833333332,0.403253566,True,audio/analysis_clips/yongxing_2024-04-21-birdnet-06_44_14_02.wav
15,17,Spectrogram 1,1,5.919221099,6.097219743,558.1,19162.8,54ef01aeee8de61428d9,yongxing_2024-04-21-birdnet-06_44_14_02,10.755270833333332,0.1779986440000005,True,audio/analysis_clips/yongxing_2024-04-21-birdnet-06_44_14_02.wav
16,18,Spectrogram 1,1,6.174404995,6.451641821,1488.4,16372.1,46e3c65de55399f0c2e2,yongxing_2024-04-21-birdnet-06_44_14_02,10.755270833333332,0.2772368260000002,True,audio/analysis_clips/yongxing_2024-04-21-birdnet-06_44_14_02.wav
17,19,Spectrogram 1,1,6.779285343,7.088026354,0.0,14418.6,66be2294f98b4e87df89,yongxing_2024-04-21-birdnet-06_44_14_02,10.755270833333332,0.3087410110000004,True,audio/analysis_clips/yongxing_2024-04-21-birdnet-06_44_14_02.wav
18,20,Spectrogram 1,1,7.247122487,7.703933167,0.0,17953.5,1c0aaafb25958c6514dc,yongxing_2024-04-21-birdnet-06_44_14_02,10.755270833333332,0.4568106799999993,True,audio/analysis_clips/yongxing_2024-04-21-birdnet-06_44_14_02.wav
19,21,Spectrogram 1,1,7.823649069,8.06938171,0.0,17674.4,98f3e7937bb065038d6c,yongxing_2024-04-21-birdnet-06_44_14_02,10.755270833333332,0.245732641,True,audio/analysis_clips/yongxing_2024-04-21-birdnet-06_44_14_02.wav
20,22,Spectrogram 1,1,8.11191236,8.335592072,1209.3,16279.1,7ace9f4d8ce60afae6cb,yongxing_2024-04-21-birdnet-06_44_14_02,10.755270833333332,0.2236797120000009,True,audio/analysis_clips/yongxing_2024-04-21-birdnet-06_44_14_02.wav
21,23,Spectrogram 1,1,8.606528061,8.871163213,0.0,19720.9,05dc3762101e1092f32e,yongxing_2024-04-21-birdnet-06_44_14_02,10.755270833333332,0.2646351520000003,True,audio/analysis_clips/yongxing_2024-04-21-birdnet-06_44_14_02.wav
22,24,Spectrogram 1,1,9.009781626,9.320097847,837.2,14790.7,53b20143fb0bf36beb98,yongxing_2024-04-21-birdnet-06_44_14_02,10.755270833333332,0.310316220999999,True,audio/analysis_clips/yongxing_2024-04-21-birdnet-06_44_14_02.wav
23,25,Spectrogram 1,1,9.434300941,9.998225849,0.0,21023.3,486536118474f7b68ea6,yongxing_2024-04-21-birdnet-06_44_14_02,10.755270833333332,0.5639249080000006,True,audio/analysis_clips/yongxing_2024-04-21-birdnet-06_44_14_02.wav
24,26,Spectrogram 1,1,10.341621463,10.516469689,372.1,16000.0,5c3456947380169f100b,yongxing_2024-04-21-birdnet-06_44_14_02,10.755270833333332,0.1748482259999999,True,audio/analysis_clips/yongxing_2024-04-21-birdnet-06_44_14_02.wav
1,1,Waveform 1,1,0.288772231,0.571400373,1552.2,13850.7,289e97ded50f88120ec2,yongxing_2024-04-21-birdnet-09_00_45__bout_006,3.7079791666666666,0.282628142,True,audio/analysis_clips/yongxing_2024-04-21-birdnet-09_00_45__bout_006.wav
3,2,Waveform 1,1,1.277970726,1.800218379,597.0,16119.4,64a0d081e19e818f260d,yongxing_2024-04-21-birdnet-09_00_45__bout_006,3.7079791666666666,0.522247653,True,audio/analysis_clips/yongxing_2024-04-21-birdnet-09_00_45__bout_006.wav
5,3,Waveform 1,1,0.721930579,1.148944836,597.0,15044.8,ce0f8534f3624c27c7eb,yongxing_2024-04-21-birdnet-09_00_45__bout_006,3.7079791666666666,0.427014257,True,audio/analysis_clips/yongxing_2024-04-21-birdnet-09_00_45__bout_006.wav
7,4,Waveform 1,1,2.512932822,2.95837935,1074.6,15403.0,f780398c6aa3a950e833,yongxing_2024-04-21-birdnet-09_00_45__bout_006,3.7079791666666666,0.4454465280000002,True,audio/analysis_clips/yongxing_2024-04-21-birdnet-09_00_45__bout_006.wav
9,5,Waveform 1,1,2.085918565,2.512932822,835.8,15164.2,89b3ef1c4a200f5bd4e9,yongxing_2024-04-21-birdnet-09_00_45__bout_006,3.7079791666666666,0.4270142569999997,True,audio/analysis_clips/yongxing_2024-04-21-birdnet-09_00_45__bout_006.wav
11,6,Waveform 1,1,3.139630006,3.428402237,835.8,13731.3,ddf3c062addd024e3225,yongxing_2024-04-21-birdnet-09_00_45__bout_006,3.7079791666666666,0.2887722309999998,True,audio/analysis_clips/yongxing_2024-04-21-birdnet-09_00_45__bout_006.wav
1,1,Waveform 1,1,0.297955261,0.48836454,835.8,15641.8,929d5a56a1402212693d,yongxing_2024-04-21-birdnet-09_01_15__bout_004_01,2.1280208333333333,0.190409279,True,audio/analysis_clips/yongxing_2024-04-21-birdnet-09_01_15__bout_004_01.wav
3,2,Waveform 1,1,0.622356255,1.038435791,1432.8,16955.2,98fe6ffa917688507c23,yongxing_2024-04-21-birdnet-09_01_15__bout_004_01,2.1280208333333333,0.4160795359999999,True,audio/analysis_clips/yongxing_2024-04-21-birdnet-09_01_15__bout_004_01.wav
5,3,Waveform 1,1,1.301130075,1.801835957,716.4,14209.0,1eebcb5541396233b59e,yongxing_2024-04-21-birdnet-09_01_15__bout_004_01,2.1280208333333333,0.5007058819999999,True,audio/analysis_clips/yongxing_2024-04-21-birdnet-09_01_15__bout_004_01.wav
7,4,Waveform 1,1,1.90761889,2.122710853,358.2,15880.6,b8765738da25854f2e7a,yongxing_2024-04-21-birdnet-09_01_15__bout_004_01,2.1280208333333333,0.2150919630000001,True,audio/analysis_clips/yongxing_2024-04-21-birdnet-09_01_15__bout_004_01.wav
1,1,Spectrogram 1,1,0.057366327,0.475320992,465.1,17023.3,9c5f96e70b097abf0753,yongxing_2024-04-21-birdnet-09_02_15_01,6.594416666666667,0.417954665,True,audio/analysis_clips/yongxing_2024-04-21-birdnet-09_02_15_01.wav
2,2,Spectrogram 1,1,0.549077698,0.732103597,0.0,13674.4,a855a796d8d9369d5fcd,yongxing_2024-04-21-birdnet-09_02_15_01,6.594416666666667,0.1830258990000001,True,audio/analysis_clips/yongxing_2024-04-21-birdnet-09_02_15_01.wav
3,3,Spectrogram 1,1,0.792201654,1.155521722,0.0,14511.6,49508f7cde129f34757b,yongxing_2024-04-21-birdnet-09_02_15_01,6.594416666666667,0.363320068,True,audio/analysis_clips/yongxing_2024-04-21-birdnet-09_02_15_01.wav
4,4,Spectrogram 1,1,1.294839944,1.764697477,0.0,14790.7,f102c154ecb822f224ee,yongxing_2024-04-21-birdnet-09_02_15_01,6.594416666666667,0.4698575329999999,True,audio/analysis_clips/yongxing_2024-04-21-birdnet-09_02_15_01.wav
5,5,Spectrogram 1,1,1.830258993,2.067919489,372.1,14604.7,5afe6ec1288f9f18dbbd,yongxing_2024-04-21-birdnet-09_02_15_01,6.594416666666667,0.2376604959999999,True,audio/analysis_clips/yongxing_2024-04-21-birdnet-09_02_15_01.wav
6,6,Spectrogram 1,1,2.332897283,2.679826973,0.0,15348.8,56ad44700d3b50ad78f2,yongxing_2024-04-21-birdnet-09_02_15_01,6.594416666666667,0.34692969,True,audio/analysis_clips/yongxing_2024-04-21-birdnet-09_02_15_01.wav
7,7,Spectrogram 1,1,2.750851949,3.182465263,186.0,15162.8,62cd8a8ab604f52fad81,yongxing_2024-04-21-birdnet-09_02_15_01,6.594416666666667,0.4316133140000002,True,audio/analysis_clips/yongxing_2024-04-21-birdnet-09_02_15_01.wav
8,8,Spectrogram 1,1,3.349022736,3.556634204,93.0,16372.1,7d0c9acc91b968ddcd39,yongxing_2024-04-21-birdnet-09_02_15_01,6.594416666666667,0.207611468,True,audio/analysis_clips/yongxing_2024-04-21-birdnet-09_02_15_01.wav
9,9,Spectrogram 1,1,3.578488043,3.903563894,93.0,15162.8,cf1af37311fe665b7851,yongxing_2024-04-21-birdnet-09_02_15_01,6.594416666666667,0.3250758509999998,True,audio/analysis_clips/yongxing_2024-04-21-birdnet-09_02_15_01.wav
10,10,Spectrogram 1,1,3.944539841,4.214981095,0.0,14418.6,28234a6a9e1d0e6b3886,yongxing_2024-04-21-birdnet-09_02_15_01,6.594416666666667,0.2704412539999996,True,audio/analysis_clips/yongxing_2024-04-21-birdnet-09_02_15_01.wav
11,11,Spectrogram 1,1,4.504544458,4.938889503,0.0,17488.4,3ab4e90c21f6ca0d4426,yongxing_2024-04-21-birdnet-09_02_15_01,6.594416666666667,0.4343450450000006,True,audio/analysis_clips/yongxing_2024-04-21-birdnet-09_02_15_01.wav
12,12,Spectrogram 1,1,5.263887467,5.616280616,0.0,13767.4,eee796dee24f34379042,yongxing_2024-04-21-birdnet-09_02_15_01,6.594416666666667,0.352393149,True,audio/analysis_clips/yongxing_2024-04-21-birdnet-09_02_15_01.wav
13,13,Spectrogram 1,1,5.711891161,5.903112249,186.0,13674.4,759fd477d52d092427e0,yongxing_2024-04-21-birdnet-09_02_15_01,6.594416666666667,0.1912210880000007,True,audio/analysis_clips/yongxing_2024-04-21-birdnet-09_02_15_01.wav
14,14,Spectrogram 1,1,6.06428431,6.493165895,0.0,16093.0,fd09f5daa39aa466e70d,yongxing_2024-04-21-birdnet-09_02_15_01,6.594416666666667,0.428881585,True,audio/analysis_clips/yongxing_2024-04-21-birdnet-09_02_15_01.wav
1,1,Waveform 1,1,0.303853459,0.498631317,1552.2,15761.2,1cef679a0ddabda1a91c,yongxing_2024-04-21-birdnet-09_02_45__bout_006,3.1346458333333334,0.194777858,True,audio/analysis_clips/yongxing_2024-04-21-birdnet-09_02_45__bout_006.wav
3,2,Waveform 1,1,0.675229909,0.942724834,955.2,13970.1,37fc144dab1498ae08f1,yongxing_2024-04-21-birdnet-09_02_45__bout_006,3.1346458333333334,0.2674949249999999,True,audio/analysis_clips/yongxing_2024-04-21-birdnet-09_02_45__bout_006.wav
5,3,Waveform 1,1,1.056994511,1.256966446,238.8,14806.0,06ad20fc5e5eb9dff223,yongxing_2024-04-21-birdnet-09_02_45__bout_006,3.1346458333333334,0.199971935,True,audio/analysis_clips/yongxing_2024-04-21-birdnet-09_02_45__bout_006.wav
7,4,Waveform 1,1,1.428370961,1.807538525,1194.0,16119.4,bbaca049e895a397c2d3,yongxing_2024-04-21-birdnet-09_02_45__bout_006,3.1346458333333334,0.379167564,True,audio/analysis_clips/yongxing_2024-04-21-birdnet-09_02_45__bout_006.wav
9,5,Waveform 1,1,1.997122307,2.404857291,1313.4,15283.6,c7ec71adebb8e9ab4a18,yongxing_2024-04-21-birdnet-09_02_45__bout_006,3.1346458333333334,0.4077349839999999,True,audio/analysis_clips/yongxing_2024-04-21-birdnet-09_02_45__bout_006.wav
11,6,Waveform 1,1,2.537306234,2.81778635,835.8,13970.1,e6e8fd85a2991c414a04,yongxing_2024-04-21-birdnet-09_02_45__bout_006,3.1346458333333334,0.2804801160000001,True,audio/analysis_clips/yongxing_2024-04-21-birdnet-09_02_45__bout_006.wav
1,1,Spectrogram 1,1,2.712088598,2.871521282,328.9,9406.2,b4fc1b1fa0cf29709986,yongxing_2024-04-21-birdnet-09_59_45_01,4.183395833333333,0.159432684,True,audio/analysis_clips/yongxing_2024-04-21-birdnet-09_59_45_01.wav
2,2,Spectrogram 1,1,0.09184709,0.195824928,328.9,9077.3,ace5e643280513d906a0,yongxing_2024-04-21-birdnet-09_59_45_01,4.183395833333333,0.103977838,True,audio/analysis_clips/yongxing_2024-04-21-birdnet-09_59_45_01.wav
3,3,Spectrogram 1,1,0.329263152,0.50775844,328.9,9669.3,8b36dbb357bbc5d17308,yongxing_2024-04-21-birdnet-09_59_45_01,4.183395833333333,0.178495288,True,audio/analysis_clips/yongxing_2024-04-21-birdnet-09_59_45_01.wav
4,4,Spectrogram 1,1,0.863016052,1.084835439,394.7,10655.9,368932d4406f3f05b828,yongxing_2024-04-21-birdnet-09_59_45_01,4.183395833333333,0.2218193869999999,True,audio/analysis_clips/yongxing_2024-04-21-birdnet-09_59_45_01.wav
5,5,Spectrogram 1,1,1.226938484,1.556201636,263.1,13550.1,54aeeea61113adee8ce8,yongxing_2024-04-21-birdnet-09_59_45_01,4.183395833333333,0.329263152,True,audio/analysis_clips/yongxing_2024-04-21-birdnet-09_59_45_01.wav
6,6,Spectrogram 1,1,2.228591653,2.34123431,723.6,9537.7,b4bbed34eebb0b190ad0,yongxing_2024-04-21-birdnet-09_59_45_01,4.183395833333333,0.1126426569999998,True,audio/analysis_clips/yongxing_2024-04-21-birdnet-09_59_45_01.wav
7,7,Spectrogram 1,1,2.400155085,2.637571147,0.0,12037.3,dad4001d96147fe16357,yongxing_2024-04-21-birdnet-09_59_45_01,4.183395833333333,0.2374160619999998,True,audio/analysis_clips/yongxing_2024-04-21-birdnet-09_59_45_01.wav
8,8,Spectrogram 1,1,3.422603821,3.75013401,592.0,10721.7,d6eaf3847ae644bfa397,yongxing_2024-04-21-birdnet-09_59_45_01,4.183395833333333,0.3275301889999999,True,audio/analysis_clips/yongxing_2024-04-21-birdnet-09_59_45_01.wav
9,9,Spectrogram 1,1,3.887038162,4.062067522,986.7,9800.8,f9fab5e627278186121c,yongxing_2024-04-21-birdnet-09_59_45_01,4.183395833333333,0.1750293600000003,True,audio/analysis_clips/yongxing_2024-04-21-birdnet-09_59_45_01.wav
1,1,Spectrogram 1,1,0.077728029,0.205069693,674.7,18409.6,0a29113067fe4fca6903,yongxing_2024-04-21-birdnet-10_12_45_01,11.291791666666668,0.127341664,True,audio/analysis_clips/yongxing_2024-04-21-birdnet-10_12_45_01.wav
2,2,Spectrogram 1,1,0.291066661,0.463060597,578.3,13108.4,bc1d04bf6249e734b34d,yongxing_2024-04-21-birdnet-10_12_45_01,11.291791666666668,0.171993936,True,audio/analysis_clips/yongxing_2024-04-21-birdnet-10_12_45_01.wav
3,3,Spectrogram 1,1,0.52259696,0.754127258,674.7,21301.2,16aac24e3bb20d12db72,yongxing_2024-04-21-birdnet-10_12_45_01,11.291791666666668,0.231530298,True,audio/analysis_clips/yongxing_2024-04-21-birdnet-10_12_45_01.wav
4,4,Spectrogram 1,1,0.863277256,1.051809071,2698.8,15132.5,58f9126a168e22cbaa02,yongxing_2024-04-21-birdnet-10_12_45_01,11.291791666666668,0.188531815,True,audio/analysis_clips/yongxing_2024-04-21-birdnet-10_12_45_01.wav
5,5,Spectrogram 1,1,1.124575736,1.289954521,0.0,11373.5,e70df12e2d1f5e632977,yongxing_2024-04-21-birdnet-10_12_45_01,11.291791666666668,0.1653787850000001,True,audio/analysis_clips/yongxing_2024-04-21-birdnet-10_12_45_01.wav
6,6,Spectrogram 1,1,1.417296185,1.671979514,192.8,20722.9,ba8d67c68eb2d650729e,yongxing_2024-04-21-birdnet-10_12_45_01,11.291791666666668,0.2546833289999999,True,audio/analysis_clips/yongxing_2024-04-21-birdnet-10_12_45_01.wav
7,7,Spectrogram 1,1,1.87441884,2.145640047,192.8,21783.1,5f757fc188e2970407ff,yongxing_2024-04-21-birdnet-10_12_45_01,11.291791666666668,0.2712212070000002,True,audio/analysis_clips/yongxing_2024-04-21-birdnet-10_12_45_01.wav
8,8,Spectrogram 1,1,2.403630951,2.638468825,771.1,21686.7,16e1df3a4c8d20295cc9,yongxing_2024-04-21-birdnet-10_12_45_01,11.291791666666668,0.2348378740000001,True,audio/analysis_clips/yongxing_2024-04-21-birdnet-10_12_45_01.wav
9,9,Spectrogram 1,1,2.770771853,2.946073365,2795.2,17156.6,d7a66da17e7a13e0d73d,yongxing_2024-04-21-birdnet-10_12_45_01,11.291791666666668,0.1753015120000003,True,audio/analysis_clips/yongxing_2024-04-21-birdnet-10_12_45_01.wav
10,10,Spectrogram 1,1,3.11145215,3.37275063,0.0,19855.4,ecfa4037cf672fc7ff46,yongxing_2024-04-21-birdnet-10_12_45_01,11.291791666666668,0.2612984800000002,True,audio/analysis_clips/yongxing_2024-04-21-birdnet-10_12_45_01.wav
11,11,Spectrogram 1,1,3.471977901,3.652240776,2506.0,16481.9,d3febb5d100fb45ae166,yongxing_2024-04-21-birdnet-10_12_45_01,11.291791666666668,0.1802628750000003,True,audio/analysis_clips/yongxing_2024-04-21-birdnet-10_12_45_01.wav
12,12,Spectrogram 1,1,3.852349106,4.067341526,385.5,19566.3,98f4d787c11fc2e46b4c,yongxing_2024-04-21-birdnet-10_12_45_01,11.291791666666668,0.2149924199999997,True,audio/analysis_clips/yongxing_2024-04-21-birdnet-10_12_45_01.wav
13,13,Spectrogram 1,1,4.550247577,4.82477636,674.7,21108.4,9cbf1eb84d47fb8c70fd,yongxing_2024-04-21-birdnet-10_12_45_01,11.291791666666668,0.274528783,True,audio/analysis_clips/yongxing_2024-04-21-birdnet-10_12_45_01.wav
14,14,Spectrogram 1,1,4.874389995,5.267991503,0.0,19951.8,00c52c18aac60c2eaf01,yongxing_2024-04-21-birdnet-10_12_45_01,11.291791666666668,0.3936015080000006,True,audio/analysis_clips/yongxing_2024-04-21-birdnet-10_12_45_01.wav
15,15,Spectrogram 1,1,5.536107286,5.81725122,385.5,20915.7,dfff28f49fc1638abe3f,yongxing_2024-04-21-birdnet-10_12_45_01,11.291791666666668,0.2811439340000001,True,audio/analysis_clips/yongxing_2024-04-21-birdnet-10_12_45_01.wav
16,16,Spectrogram 1,1,6.035551216,6.195968637,1156.6,22072.3,153c32f889d0041d6e92,yongxing_2024-04-21-birdnet-10_12_45_01,11.291791666666668,0.160417421,True,audio/analysis_clips/yongxing_2024-04-21-birdnet-10_12_45_01.wav
17,17,Spectrogram 1,1,6.311733787,6.49365045,385.5,14843.4,973ebf6f8074d5bc9670,yongxing_2024-04-21-birdnet-10_12_45_01,11.291791666666668,0.1819166629999999,True,audio/analysis_clips/yongxing_2024-04-21-birdnet-10_12_45_01.wav
18,18,Spectrogram 1,1,6.634222417,6.898828473,0.0,21012.0,a767504e3f72424ff6e5,yongxing_2024-04-21-birdnet-10_12_45_01,11.291791666666668,0.2646060559999998,True,audio/analysis_clips/yongxing_2024-04-21-birdnet-10_12_45_01.wav
19,19,Spectrogram 1,1,6.958364835,7.136973923,1927.7,16481.9,7636c4cc9572b95e5d75,yongxing_2024-04-21-birdnet-10_12_45_01,11.291791666666668,0.1786090879999999,True,audio/analysis_clips/yongxing_2024-04-21-birdnet-10_12_45_01.wav
20,21,Spectrogram 1,1,7.333774677,7.598380732,0.0,16481.9,9c66d66b1b510df40088,yongxing_2024-04-21-birdnet-10_12_45_01,11.291791666666668,0.2646060549999998,True,audio/analysis_clips/yongxing_2024-04-21-birdnet-10_12_45_01.wav
21,22,Spectrogram 1,1,7.892754969,8.058133754,192.8,14265.1,6c1c846a550bd32effba,yongxing_2024-04-21-birdnet-10_12_45_01,11.291791666666668,0.1653787849999997,True,audio/analysis_clips/yongxing_2024-04-21-birdnet-10_12_45_01.wav
22,23,Spectrogram 1,1,8.12263148,8.311163294,1542.2,16771.1,74e98f2bf28e670bf31b,yongxing_2024-04-21-birdnet-10_12_45_01,11.291791666666668,0.1885318139999992,True,audio/analysis_clips/yongxing_2024-04-21-birdnet-10_12_45_01.wav
23,24,Spectrogram 1,1,8.458350413,8.711379954,0.0,20722.9,22ef660466efc6a44e4b,yongxing_2024-04-21-birdnet-10_12_45_01,11.291791666666668,0.2530295410000001,True,audio/analysis_clips/yongxing_2024-04-21-birdnet-10_12_45_01.wav
24,25,Spectrogram 1,1,9.808211783,10.05627996,771.1,20819.3,25bbb5d0cbd738c11f3f,yongxing_2024-04-21-birdnet-10_12_45_01,11.291791666666668,0.2480681769999986,True,audio/analysis_clips/yongxing_2024-04-21-birdnet-10_12_45_01.wav
25,26,Spectrogram 1,1,10.145584503,10.55572389,0.0,17060.2,c66f35d16194815508f3,yongxing_2024-04-21-birdnet-10_12_45_01,11.291791666666668,0.4101393869999992,True,audio/analysis_clips/yongxing_2024-04-21-birdnet-10_12_45_01.wav
26,27,Spectrogram 1,1,10.689680705,10.970824639,192.8,21108.4,6eb0528b948be29ba706,yongxing_2024-04-21-birdnet-10_12_45_01,11.291791666666668,0.2811439339999992,True,audio/analysis_clips/yongxing_2024-04-21-birdnet-10_12_45_01.wav
1,1,Spectrogram 1,1,0.239777742,0.432456284,558.1,21116.3,99d11c9c0923aa5dfcbb,yongxing_2024-04-21-birdnet-10_12_45_02,7.308770833333333,0.192678542,True,audio/analysis_clips/yongxing_2024-04-21-birdnet-10_12_45_02.wav
2,2,Spectrogram 1,1,0.710769735,0.884180423,372.1,14790.7,b71e3e590f92fc60427b,yongxing_2024-04-21-birdnet-10_12_45_02,7.308770833333333,0.173410688,True,audio/analysis_clips/yongxing_2024-04-21-birdnet-10_12_45_02.wav
3,3,Spectrogram 1,1,1.07257722,1.338045435,279.1,20372.1,37f9fccc9c7947cb32e1,yongxing_2024-04-21-birdnet-10_12_45_02,7.308770833333333,0.2654682149999998,True,audio/analysis_clips/yongxing_2024-04-21-birdnet-10_12_45_02.wav
4,4,Spectrogram 1,1,1.385144634,1.776924337,0.0,21209.3,b62bcc50c62b6742be52,yongxing_2024-04-21-birdnet-10_12_45_02,7.308770833333333,0.3917797030000001,True,audio/analysis_clips/yongxing_2024-04-21-birdnet-10_12_45_02.wav
5,5,Spectrogram 1,1,1.883967972,2.151577059,651.2,21395.3,d60a43b2b00261a89d44,yongxing_2024-04-21-birdnet-10_12_45_02,7.308770833333333,0.2676090870000001,True,audio/analysis_clips/yongxing_2024-04-21-birdnet-10_12_45_02.wav
6,6,Spectrogram 1,1,2.254338948,2.504821054,0.0,15814.0,c1844da5d341b4222ed5,yongxing_2024-04-21-birdnet-10_12_45_02,7.308770833333333,0.2504821060000002,True,audio/analysis_clips/yongxing_2024-04-21-birdnet-10_12_45_02.wav
7,7,Spectrogram 1,1,2.695358724,2.89874163,372.1,16372.1,97f5e8e7ef150d854566,yongxing_2024-04-21-birdnet-10_12_45_02,7.308770833333333,0.2033829059999998,True,audio/analysis_clips/yongxing_2024-04-21-birdnet-10_12_45_02.wav
8,8,Spectrogram 1,1,2.975813047,3.181336826,2790.7,16744.2,fdf178f7d4434f1e2352,yongxing_2024-04-21-birdnet-10_12_45_02,7.308770833333333,0.2055237789999999,True,audio/analysis_clips/yongxing_2024-04-21-birdnet-10_12_45_02.wav
9,9,Spectrogram 1,1,3.416832822,3.663033182,558.1,19534.9,1e8cf103794fb42628c2,yongxing_2024-04-21-birdnet-10_12_45_02,7.308770833333333,0.24620036,True,audio/analysis_clips/yongxing_2024-04-21-birdnet-10_12_45_02.wav
10,10,Spectrogram 1,1,3.759372453,4.009854559,0.0,21767.4,e7dbb14a46097a14557f,yongxing_2024-04-21-birdnet-10_12_45_02,7.308770833333333,0.2504821059999997,True,audio/analysis_clips/yongxing_2024-04-21-birdnet-10_12_45_02.wav
11,11,Spectrogram 1,1,4.136166048,4.358816808,744.2,21209.3,9211cb64a03cfe7d31fd,yongxing_2024-04-21-birdnet-10_12_45_02,7.308770833333333,0.2226507600000005,True,audio/analysis_clips/yongxing_2024-04-21-birdnet-10_12_45_02.wav
12,12,Spectrogram 1,1,4.459437825,4.864062764,372.1,15814.0,69075151df58e476fca0,yongxing_2024-04-21-birdnet-10_12_45_02,7.308770833333333,0.4046249389999996,True,audio/analysis_clips/yongxing_2024-04-21-birdnet-10_12_45_02.wav
13,13,Spectrogram 1,1,4.994847004,5.256033473,279.1,20186.0,d2f07a2cf119a6e33027,yongxing_2024-04-21-birdnet-10_12_45_02,7.308770833333333,0.2611864689999992,True,audio/analysis_clips/yongxing_2024-04-21-birdnet-10_12_45_02.wav
14,14,Spectrogram 1,1,5.360936235,5.572882632,465.1,21395.3,3896d6b586dc673d1374,yongxing_2024-04-21-birdnet-10_12_45_02,7.308770833333333,0.2119463970000001,True,audio/analysis_clips/yongxing_2024-04-21-birdnet-10_12_45_02.wav
15,15,Spectrogram 1,1,5.697053248,5.958239717,93.0,19348.8,caeaffcbfd9a1e61be5a,yongxing_2024-04-21-birdnet-10_12_45_02,7.308770833333333,0.2611864690000001,True,audio/analysis_clips/yongxing_2024-04-21-birdnet-10_12_45_02.wav
16,16,Spectrogram 1,1,6.090973824,6.343596802,93.0,21023.3,69c9dcff12f65366edc4,yongxing_2024-04-21-birdnet-10_12_45_02,7.308770833333333,0.2526229780000006,True,audio/analysis_clips/yongxing_2024-04-21-birdnet-10_12_45_02.wav
17,17,Spectrogram 1,1,6.472049164,6.716108651,93.0,20186.0,ad14224b43bed78786a6,yongxing_2024-04-21-birdnet-10_12_45_02,7.308770833333333,0.2440594869999994,True,audio/analysis_clips/yongxing_2024-04-21-birdnet-10_12_45_02.wav
18,18,Spectrogram 1,1,6.82529316,7.007267339,3814.0,16372.1,8939709ef0915936225b,yongxing_2024-04-21-birdnet-10_12_45_02,7.308770833333333,0.181974179,True,audio/analysis_clips/yongxing_2024-04-21-birdnet-10_12_45_02.wav
1,1,Spectrogram 1,1,0.385239333,0.551106268,657.8,12892.4,bc6097bf602d2158e8ac,yongxing_2024-04-21-birdnet-11_13_16_01,8.610833333333334,0.1658669349999999,True,audio/analysis_clips/yongxing_2024-04-21-birdnet-11_13_16_01.wav
2,2,Spectrogram 1,1,0.866788499,1.061191681,328.9,14207.9,89b0838316c0df98a7b1,yongxing_2024-04-21-birdnet-11_13_16_01,8.610833333333334,0.1944031819999999,True,audio/analysis_clips/yongxing_2024-04-21-birdnet-11_13_16_01.wav
3,3,Spectrogram 1,1,1.398276098,1.576627641,592.0,13484.4,8db3f1ff7e872db00f0c,yongxing_2024-04-21-birdnet-11_13_16_01,8.610833333333334,0.178351543,True,audio/analysis_clips/yongxing_2024-04-21-birdnet-11_13_16_01.wav
4,5,Spectrogram 1,1,0.556456814,0.642065555,657.8,12892.4,d295ed6d6a0772417c82,yongxing_2024-04-21-birdnet-11_13_16_01,8.610833333333334,0.0856087409999999,True,audio/analysis_clips/yongxing_2024-04-21-birdnet-11_13_16_01.wav
5,6,Spectrogram 1,1,1.080810351,1.196738854,526.2,13287.0,0df00b494dd5c1028c47,yongxing_2024-04-21-birdnet-11_13_16_01,8.610833333333334,0.1159285029999999,True,audio/analysis_clips/yongxing_2024-04-21-birdnet-11_13_16_01.wav
6,8,Spectrogram 1,1,1.578803061,1.660452866,855.1,12695.0,0dc6d1c5ed6fd6703b01,yongxing_2024-04-21-birdnet-11_13_16_01,8.610833333333334,0.081649805,True,audio/analysis_clips/yongxing_2024-04-21-birdnet-11_13_16_01.wav
7,9,Spectrogram 1,1,1.770495711,1.929398829,1118.2,14273.7,2591f01a289a0abb1f9b,yongxing_2024-04-21-birdnet-11_13_16_01,8.610833333333334,0.158903118,True,audio/analysis_clips/yongxing_2024-04-21-birdnet-11_13_16_01.wav
8,10,Spectrogram 1,1,1.967232905,2.127397158,3815.1,15983.9,58709def81ccf94b2f73,yongxing_2024-04-21-birdnet-11_13_16_01,8.610833333333334,0.160164253,True,audio/analysis_clips/yongxing_2024-04-21-birdnet-11_13_16_01.wav
9,11,Spectrogram 1,1,2.12991943,2.211893261,328.9,12629.3,c96c58bc99584f8c13fb,yongxing_2024-04-21-birdnet-11_13_16_01,8.610833333333334,0.081973831,True,audio/analysis_clips/yongxing_2024-04-21-birdnet-11_13_16_01.wav
10,12,Spectrogram 1,1,2.282516869,2.538527447,1578.7,14668.4,eb62cb34235ef8f06c30,yongxing_2024-04-21-birdnet-11_13_16_01,8.610833333333334,0.2560105779999997,True,audio/analysis_clips/yongxing_2024-04-21-birdnet-11_13_16_01.wav
11,13,Spectrogram 1,1,2.556183349,2.682296935,460.4,10787.5,86f4ec50c8431d9eb0f5,yongxing_2024-04-21-birdnet-11_13_16_01,8.610833333333334,0.1261135860000002,True,audio/analysis_clips/yongxing_2024-04-21-birdnet-11_13_16_01.wav
12,14,Spectrogram 1,1,2.884078672,3.14008925,920.9,12300.4,60e34f82fe0ff34204c9,yongxing_2024-04-21-birdnet-11_13_16_01,8.610833333333334,0.2560105780000001,True,audio/analysis_clips/yongxing_2024-04-21-birdnet-11_13_16_01.wav
13,15,Spectrogram 1,1,3.253591473,3.415016862,1184.0,14010.6,0c90d5cad45c762e8e96,yongxing_2024-04-21-birdnet-11_13_16_01,8.610833333333334,0.1614253889999997,True,audio/analysis_clips/yongxing_2024-04-21-birdnet-11_13_16_01.wav
14,16,Spectrogram 1,1,3.444022987,3.601664969,3946.6,15457.7,fd5c3cf098c07ca1bab9,yongxing_2024-04-21-birdnet-11_13_16_01,8.610833333333334,0.1576419820000003,True,audio/analysis_clips/yongxing_2024-04-21-birdnet-11_13_16_01.wav
15,17,Spectrogram 1,1,3.606709512,3.69246675,460.4,12958.1,057411e504fef0ed27bc,yongxing_2024-04-21-birdnet-11_13_16_01,8.610833333333334,0.0857572379999997,True,audio/analysis_clips/yongxing_2024-04-21-birdnet-11_13_16_01.wav
16,18,Spectrogram 1,1,3.850098842,4.150249175,592.0,13221.3,ba8370c652cf6157f694,yongxing_2024-04-21-birdnet-11_13_16_01,8.610833333333334,0.3001503329999999,True,audio/analysis_clips/yongxing_2024-04-21-birdnet-11_13_16_01.wav
17,19,Spectrogram 1,1,4.483189041,4.681187371,1184.0,14734.1,9a233f0b662f779537ce,yongxing_2024-04-21-birdnet-11_13_16_01,8.610833333333334,0.1979983299999999,True,audio/analysis_clips/yongxing_2024-04-21-birdnet-11_13_16_01.wav
18,20,Spectrogram 1,1,4.851440711,5.089795388,986.7,13944.8,72b67147363085f69981,yongxing_2024-04-21-birdnet-11_13_16_01,8.610833333333334,0.2383546769999993,True,audio/analysis_clips/yongxing_2024-04-21-birdnet-11_13_16_01.wav
19,21,Spectrogram 1,1,5.31427757,5.503447948,2170.7,13615.9,6ba4e39175c549769b31,yongxing_2024-04-21-birdnet-11_13_16_01,8.610833333333334,0.189170378,True,audio/analysis_clips/yongxing_2024-04-21-birdnet-11_13_16_01.wav
20,22,Spectrogram 1,1,5.526148394,5.649739708,328.9,13155.5,e6395da569c927621c8b,yongxing_2024-04-21-birdnet-11_13_16_01,8.610833333333334,0.1235913140000004,True,audio/analysis_clips/yongxing_2024-04-21-birdnet-11_13_16_01.wav
21,23,Spectrogram 1,1,5.947367769,6.135277012,789.3,15194.6,bab4b356199c374a38ff,yongxing_2024-04-21-birdnet-11_13_16_01,8.610833333333334,0.187909243,True,audio/analysis_clips/yongxing_2024-04-21-birdnet-11_13_16_01.wav
22,24,Spectrogram 1,1,6.276524228,6.441733026,263.1,14076.4,022f16037eb9b2cf9d29,yongxing_2024-04-21-birdnet-11_13_16_01,8.610833333333334,0.1652087979999992,True,audio/analysis_clips/yongxing_2024-04-21-birdnet-11_13_16_01.wav
23,25,Spectrogram 1,1,6.676304295,6.803679016,789.3,10655.9,766a05bf2d4fa5b51b5f,yongxing_2024-04-21-birdnet-11_13_16_01,8.610833333333334,0.1273747209999998,True,audio/analysis_clips/yongxing_2024-04-21-birdnet-11_13_16_01.wav
24,26,Spectrogram 1,1,6.442994161,6.511095498,460.4,9537.7,b6f8d9b3f46fddc9f1eb,yongxing_2024-04-21-birdnet-11_13_16_01,8.610833333333334,0.0681013370000007,True,audio/analysis_clips/yongxing_2024-04-21-birdnet-11_13_16_01.wav
25,27,Spectrogram 1,1,6.888175118,7.068577237,1644.4,12958.1,c0f5be9ad0aa3713e1a0,yongxing_2024-04-21-birdnet-11_13_16_01,8.610833333333334,0.180402119,True,audio/analysis_clips/yongxing_2024-04-21-birdnet-11_13_16_01.wav
26,29,Spectrogram 1,1,7.087494275,7.200996502,460.4,10392.8,e9e646baebe7459c2f05,yongxing_2024-04-21-birdnet-11_13_16_01,8.610833333333334,0.1135022269999996,True,audio/analysis_clips/yongxing_2024-04-21-birdnet-11_13_16_01.wav
27,30,Spectrogram 1,1,7.337199174,7.609604519,789.3,14865.7,27a6d2c466b75b14ace6,yongxing_2024-04-21-birdnet-11_13_16_01,8.610833333333334,0.2724053450000001,True,audio/analysis_clips/yongxing_2024-04-21-birdnet-11_13_16_01.wav
28,31,Spectrogram 1,1,7.6335661,7.800036033,3880.9,14931.5,15a81d46be314aae86cb,yongxing_2024-04-21-birdnet-11_13_16_01,8.610833333333334,0.1664699329999992,True,audio/analysis_clips/yongxing_2024-04-21-birdnet-11_13_16_01.wav
29,32,Spectrogram 1,1,7.803819441,7.870659641,1381.3,11511.0,60b224c6224e285981c7,yongxing_2024-04-21-birdnet-11_13_16_01,8.610833333333334,0.0668401999999996,True,audio/analysis_clips/yongxing_2024-04-21-birdnet-11_13_16_01.wav
30,33,Spectrogram 1,1,7.981639597,8.201077236,1118.2,14734.1,9279bdc7ff8b168a5de7,yongxing_2024-04-21-birdnet-11_13_16_01,8.610833333333334,0.2194376389999996,True,audio/analysis_clips/yongxing_2024-04-21-birdnet-11_13_16_01.wav
1,1,Spectrogram 1,1,0.0,0.392892247,1302.3,16558.1,5b2452db32fbc9509f0f,yongxing_2024-04-21-birdnet-11_13_46_01,17.196166666666667,0.392892247,True,audio/analysis_clips/yongxing_2024-04-21-birdnet-11_13_46_01.wav
2,2,Spectrogram 1,1,0.737932233,1.080453679,1116.3,15814.0,843a9c777277133863fc,yongxing_2024-04-21-birdnet-11_13_46_01,17.196166666666667,0.3425214459999999,True,audio/analysis_clips/yongxing_2024-04-21-birdnet-11_13_46_01.wav
3,3,Spectrogram 1,1,1.18371382,1.448160525,1116.3,14790.7,65188362c3879b78b23e,yongxing_2024-04-21-birdnet-11_13_46_01,17.196166666666667,0.2644467050000001,True,audio/analysis_clips/yongxing_2024-04-21-birdnet-11_13_46_01.wav
4,4,Spectrogram 1,1,1.596754387,1.898979193,744.2,16372.1,e329d05c4be85d6ca22c,yongxing_2024-04-21-birdnet-11_13_46_01,17.196166666666667,0.3022248059999999,True,audio/analysis_clips/yongxing_2024-04-21-birdnet-11_13_46_01.wav
5,5,Spectrogram 1,1,2.289352899,2.566392304,1302.3,14883.7,67b72624e54711540ba2,yongxing_2024-04-21-birdnet-11_13_46_01,17.196166666666667,0.277039405,True,audio/analysis_clips/yongxing_2024-04-21-birdnet-11_13_46_01.wav
6,6,Spectrogram 1,1,2.977023383,3.294359428,1209.3,14046.5,47325568547b6e3a800c,yongxing_2024-04-21-birdnet-11_13_46_01,17.196166666666667,0.3173360449999998,True,audio/analysis_clips/yongxing_2024-04-21-birdnet-11_13_46_01.wav
7,7,Spectrogram 1,1,3.40517519,3.687251675,1674.4,14232.6,655c43a8d92907850292,yongxing_2024-04-21-birdnet-11_13_46_01,17.196166666666667,0.2820764850000001,True,audio/analysis_clips/yongxing_2024-04-21-birdnet-11_13_46_01.wav
8,8,Spectrogram 1,1,4.097773702,4.374813107,558.1,14790.7,6ab335dc58083bf90120,yongxing_2024-04-21-birdnet-11_13_46_01,17.196166666666667,0.277039405,True,audio/analysis_clips/yongxing_2024-04-21-birdnet-11_13_46_01.wav
9,9,Spectrogram 1,1,3.883697798,4.054958521,1953.5,9302.3,87462995dbb9cadc9ea9,yongxing_2024-04-21-birdnet-11_13_46_01,17.196166666666667,0.1712607229999996,True,audio/analysis_clips/yongxing_2024-04-21-birdnet-11_13_46_01.wav
10,10,Spectrogram 1,1,4.53599967,4.727408713,1209.3,14790.7,521f9a4f5338f4605a5c,yongxing_2024-04-21-birdnet-11_13_46_01,17.196166666666667,0.1914090430000001,True,audio/analysis_clips/yongxing_2024-04-21-birdnet-11_13_46_01.wav
11,11,Spectrogram 1,1,4.938966076,5.268894822,1116.3,13488.4,9232e16f7500b6ab2ad4,yongxing_2024-04-21-birdnet-11_13_46_01,17.196166666666667,0.3299287460000002,True,audio/analysis_clips/yongxing_2024-04-21-birdnet-11_13_46_01.wav
12,12,Spectrogram 1,1,5.309191463,5.669342689,837.2,14139.5,7b9dcfca365c9ae9ab91,yongxing_2024-04-21-birdnet-11_13_46_01,17.196166666666667,0.3601512259999992,True,audio/analysis_clips/yongxing_2024-04-21-birdnet-11_13_46_01.wav
13,13,Spectrogram 1,1,6.195717558,6.628906446,1023.3,14790.7,1e79370c4cb519d69c77,yongxing_2024-04-21-birdnet-11_13_46_01,17.196166666666667,0.4331888880000001,True,audio/analysis_clips/yongxing_2024-04-21-birdnet-11_13_46_01.wav
14,14,Spectrogram 1,1,5.812899472,6.157939457,1209.3,14511.6,88fcd1d49dca1817b7e9,yongxing_2024-04-21-birdnet-11_13_46_01,17.196166666666667,0.3450399850000005,True,audio/analysis_clips/yongxing_2024-04-21-birdnet-11_13_46_01.wav
15,15,Spectrogram 1,1,6.724610967,7.026835772,1302.3,14511.6,a12a26a09004e1236fde,yongxing_2024-04-21-birdnet-11_13_46_01,17.196166666666667,0.3022248049999998,True,audio/analysis_clips/yongxing_2024-04-21-birdnet-11_13_46_01.wav
16,16,Spectrogram 1,1,7.132614456,7.618692684,1488.4,14604.7,713c6032c495dd463e47,yongxing_2024-04-21-birdnet-11_13_46_01,17.196166666666667,0.4860782280000002,True,audio/analysis_clips/yongxing_2024-04-21-birdnet-11_13_46_01.wav
17,17,Spectrogram 1,1,7.706841586,7.98388099,1209.3,14976.7,da804efd64046ca277b0,yongxing_2024-04-21-birdnet-11_13_46_01,17.196166666666667,0.2770394039999999,True,audio/analysis_clips/yongxing_2024-04-21-birdnet-11_13_46_01.wav
18,18,Spectrogram 1,1,8.036770331,8.406995718,1023.3,15069.8,be1eb2b51016fbef02d3,yongxing_2024-04-21-birdnet-11_13_46_01,17.196166666666667,0.3702253869999996,True,audio/analysis_clips/yongxing_2024-04-21-birdnet-11_13_46_01.wav
19,19,Spectrogram 1,1,8.792332344,9.13485379,1209.3,14604.7,2ea63aa816e520e9a93b,yongxing_2024-04-21-birdnet-11_13_46_01,17.196166666666667,0.3425214459999992,True,audio/analysis_clips/yongxing_2024-04-21-birdnet-11_13_46_01.wav
20,20,Spectrogram 1,1,8.490107539,8.744480083,1581.4,14604.7,606b335cafe184a44b7e,yongxing_2024-04-21-birdnet-11_13_46_01,17.196166666666667,0.2543725439999988,True,audio/analysis_clips/yongxing_2024-04-21-birdnet-11_13_46_01.wav
21,21,Spectrogram 1,1,9.283884551,9.576035196,1302.3,15814.0,13e99996f96b5d6767a6,yongxing_2024-04-21-birdnet-11_13_46_01,17.196166666666667,0.2921506449999995,True,audio/analysis_clips/yongxing_2024-04-21-birdnet-11_13_46_01.wav
22,22,Spectrogram 1,1,9.671739718,10.067150505,744.2,14511.6,657ebe809015f818869f,yongxing_2024-04-21-birdnet-11_13_46_01,17.196166666666667,0.3954107870000012,True,audio/analysis_clips/yongxing_2024-04-21-birdnet-11_13_46_01.wav
23,23,Spectrogram 1,1,10.175268887,10.626087555,1116.3,17302.3,2b507bf0298ff0f32742,yongxing_2024-04-21-birdnet-11_13_46_01,17.196166666666667,0.4508186680000001,True,audio/analysis_clips/yongxing_2024-04-21-birdnet-11_13_46_01.wav
24,24,Spectrogram 1,1,10.752014557,10.92327528,1209.3,13023.3,4677c55f4f4f241a38da,yongxing_2024-04-21-birdnet-11_13_46_01,17.196166666666667,0.1712607229999996,True,audio/analysis_clips/yongxing_2024-04-21-birdnet-11_13_46_01.wav
25,25,Spectrogram 1,1,10.993794401,11.268315266,1488.4,13209.3,60db7b60e6d09d9c7ca7,yongxing_2024-04-21-birdnet-11_13_46_01,17.196166666666667,0.2745208649999995,True,audio/analysis_clips/yongxing_2024-04-21-birdnet-11_13_46_01.wav
26,26,Spectrogram 1,1,11.331278767,11.802245755,1116.3,15348.8,c2558bc1920f765d3d22,yongxing_2024-04-21-birdnet-11_13_46_01,17.196166666666667,0.4709669879999989,True,audio/analysis_clips/yongxing_2024-04-21-birdnet-11_13_46_01.wav
27,27,Spectrogram 1,1,11.897950277,12.124618881,1116.3,14418.6,cbc333b64d9afc64f33d,yongxing_2024-04-21-birdnet-11_13_46_01,17.196166666666667,0.2266686040000003,True,audio/analysis_clips/yongxing_2024-04-21-birdnet-11_13_46_01.wav
28,28,Spectrogram 1,1,12.174989682,12.472177407,1395.3,12930.2,4f7a9485a8e397ce294a,yongxing_2024-04-21-birdnet-11_13_46_01,17.196166666666667,0.2971877250000005,True,audio/analysis_clips/yongxing_2024-04-21-birdnet-11_13_46_01.wav
29,29,Spectrogram 1,1,12.64595667,12.842402793,1488.4,14604.7,2d2d7fad22f8ce380023,yongxing_2024-04-21-birdnet-11_13_46_01,17.196166666666667,0.1964461229999994,True,audio/analysis_clips/yongxing_2024-04-21-birdnet-11_13_46_01.wav
30,30,Spectrogram 1,1,13.552631087,13.827151952,1116.3,13953.5,f90fdccd8b8ccbfe3306,yongxing_2024-04-21-birdnet-11_13_46_01,17.196166666666667,0.2745208649999995,True,audio/analysis_clips/yongxing_2024-04-21-birdnet-11_13_46_01.wav
31,31,Spectrogram 1,1,13.882559833,14.084043036,1023.3,13767.4,fd33abdb2718ac375b2c,yongxing_2024-04-21-birdnet-11_13_46_01,17.196166666666667,0.2014832030000004,True,audio/analysis_clips/yongxing_2024-04-21-birdnet-11_13_46_01.wav
32,32,Spectrogram 1,1,14.157080697,14.519750464,1395.3,12930.2,a329018806a51a0a960e,yongxing_2024-04-21-birdnet-11_13_46_01,17.196166666666667,0.3626697669999998,True,audio/analysis_clips/yongxing_2024-04-21-birdnet-11_13_46_01.wav
33,33,Spectrogram 1,1,14.597825205,14.816938189,1581.4,14790.7,26dd323cdf1201bfc549,yongxing_2024-04-21-birdnet-11_13_46_01,17.196166666666667,0.2191129840000005,True,audio/analysis_clips/yongxing_2024-04-21-birdnet-11_13_46_01.wav
34,34,Spectrogram 1,1,14.863213443,14.976547745,930.2,8093.0,a9d38ca5301b77960560,yongxing_2024-04-21-birdnet-11_13_46_01,17.196166666666667,0.1133343020000001,True,audio/analysis_clips/yongxing_2024-04-21-birdnet-11_13_46_01.wav
35,35,Spectrogram 1,1,15.495366994,15.790036179,1395.3,14418.6,15c039e2d59e815f59da,yongxing_2024-04-21-birdnet-11_13_46_01,17.196166666666667,0.294669185,True,audio/analysis_clips/yongxing_2024-04-21-birdnet-11_13_46_01.wav
36,36,Spectrogram 1,1,15.923518801,16.172854265,1395.3,13302.3,a04f79ffa552448059f7,yongxing_2024-04-21-birdnet-11_13_46_01,17.196166666666667,0.2493354640000014,True,audio/analysis_clips/yongxing_2024-04-21-birdnet-11_13_46_01.wav
37,37,Spectrogram 1,1,16.276114407,16.623672933,1209.3,14790.7,a7189ff366f0316e2908,yongxing_2024-04-21-birdnet-11_13_46_01,17.196166666666667,0.3475585260000002,True,audio/analysis_clips/yongxing_2024-04-21-birdnet-11_13_46_01.wav
38,38,Spectrogram 1,1,16.752118475,16.938490438,1116.3,13674.4,3ef37a3054702bc85509,yongxing_2024-04-21-birdnet-11_13_46_01,17.196166666666667,0.1863719629999991,True,audio/analysis_clips/yongxing_2024-04-21-birdnet-11_13_46_01.wav
39,39,Spectrogram 1,1,0.478522608,0.737932233,1395.3,14604.7,165aa7083105287b9acd,yongxing_2024-04-21-birdnet-11_13_46_01,17.196166666666667,0.259409625,True,audio/analysis_clips/yongxing_2024-04-21-birdnet-11_13_46_01.wav
1,1,Spectrogram 1,1,0.271824576,0.455847408,1315.5,14339.5,661e370d2f41bd8fbf7e,yongxing_2024-04-21-birdnet-11_20_16_01,23.22779166666667,0.184022832,True,audio/analysis_clips/yongxing_2024-04-21-birdnet-11_20_16_01.wav
2,2,Spectrogram 1,1,0.700008421,0.864787035,855.1,16575.9,f865679a24659cc6553b,yongxing_2024-04-21-birdnet-11_20_16_01,23.22779166666667,0.1647786139999999,True,audio/analysis_clips/yongxing_2024-04-21-birdnet-11_20_16_01.wav
3,3,Spectrogram 1,1,1.119772921,1.270118372,855.1,15128.8,ba164ae345f38c113352,yongxing_2024-04-21-birdnet-11_20_16_01,23.22779166666667,0.1503454509999999,True,audio/analysis_clips/yongxing_2024-04-21-birdnet-11_20_16_01.wav
4,4,Spectrogram 1,1,1.43999024,1.714220343,526.2,13747.5,899c795ccad71e86cac3,yongxing_2024-04-21-birdnet-11_20_16_01,23.22779166666667,0.274230103,True,audio/analysis_clips/yongxing_2024-04-21-birdnet-11_20_16_01.wav
5,5,Spectrogram 1,1,2.000478083,2.197731315,1578.7,14865.7,70502ac156e5868ab653,yongxing_2024-04-21-birdnet-11_20_16_01,23.22779166666667,0.197253232,True,audio/analysis_clips/yongxing_2024-04-21-birdnet-11_20_16_01.wav
6,6,Spectrogram 1,1,2.455122727,2.598251597,855.1,16378.6,544d3c99108e10de5c7d,yongxing_2024-04-21-birdnet-11_20_16_01,23.22779166666667,0.1431288699999999,True,audio/analysis_clips/yongxing_2024-04-21-birdnet-11_20_16_01.wav
7,7,Spectrogram 1,1,2.698321073,2.792136635,855.1,12497.7,e32af77665266535430f,yongxing_2024-04-21-birdnet-11_20_16_01,23.22779166666667,0.093815562,True,audio/analysis_clips/yongxing_2024-04-21-birdnet-11_20_16_01.wav
8,8,Spectrogram 1,1,2.798150453,2.954509722,4209.8,15918.1,3c3867e19440958f00a1,yongxing_2024-04-21-birdnet-11_20_16_01,23.22779166666667,0.1563592690000002,True,audio/analysis_clips/yongxing_2024-04-21-birdnet-11_20_16_01.wav
9,9,Spectrogram 1,1,2.961726304,3.055541866,526.2,13944.8,92fb5b203a1ae6c20878,yongxing_2024-04-21-birdnet-11_20_16_01,23.22779166666667,0.093815562,True,audio/analysis_clips/yongxing_2024-04-21-birdnet-11_20_16_01.wav
10,10,Spectrogram 1,1,3.330210256,3.52505796,1447.1,13747.5,7787ad293bd7cb922758,yongxing_2024-04-21-birdnet-11_20_16_01,23.22779166666667,0.1948477039999998,True,audio/analysis_clips/yongxing_2024-04-21-birdnet-11_20_16_01.wav
11,11,Spectrogram 1,1,3.830559917,3.983310896,1052.4,15655.0,ebfce053105d6bf48bfd,yongxing_2024-04-21-birdnet-11_20_16_01,23.22779166666667,0.1527509789999999,True,audio/analysis_clips/yongxing_2024-04-21-birdnet-11_20_16_01.wav
12,12,Spectrogram 1,1,4.125237002,4.371803542,394.7,14010.6,214ee5889ae78b1f8a5f,yongxing_2024-04-21-birdnet-11_20_16_01,23.22779166666667,0.2465665399999999,True,audio/analysis_clips/yongxing_2024-04-21-birdnet-11_20_16_01.wav
13,13,Spectrogram 1,1,4.569056774,4.737443679,986.7,16181.2,8a250276d3a7e1835699,yongxing_2024-04-21-birdnet-11_20_16_01,23.22779166666667,0.1683869050000002,True,audio/analysis_clips/yongxing_2024-04-21-birdnet-11_20_16_01.wav
14,14,Spectrogram 1,1,4.98761851,5.158410943,1512.9,14010.6,1379c82ef4a8f6cdb3c6,yongxing_2024-04-21-birdnet-11_20_16_01,23.22779166666667,0.1707924329999999,True,audio/analysis_clips/yongxing_2024-04-21-birdnet-11_20_16_01.wav
15,15,Spectrogram 1,1,5.379719447,5.546903589,1381.3,15786.6,878f8058929ac632cb59,yongxing_2024-04-21-birdnet-11_20_16_01,23.22779166666667,0.1671841419999999,True,audio/analysis_clips/yongxing_2024-04-21-birdnet-11_20_16_01.wav
16,16,Spectrogram 1,1,5.560133988,5.728520894,3946.6,15457.7,428cc1ebe45efd75b0e6,yongxing_2024-04-21-birdnet-11_20_16_01,23.22779166666667,0.1683869060000002,True,audio/analysis_clips/yongxing_2024-04-21-birdnet-11_20_16_01.wav
17,17,Spectrogram 1,1,5.734534712,5.797078419,1644.4,13155.5,ddf8ae69b977ad96facd,yongxing_2024-04-21-birdnet-11_20_16_01,23.22779166666667,0.0625437069999996,True,audio/analysis_clips/yongxing_2024-04-21-birdnet-11_20_16_01.wav
18,18,Spectrogram 1,1,5.88247463,6.058078117,1710.2,12958.1,6579aa86a7e8ff58d1b2,yongxing_2024-04-21-birdnet-11_20_16_01,23.22779166666667,0.175603487,True,audio/analysis_clips/yongxing_2024-04-21-birdnet-11_20_16_01.wav
19,19,Spectrogram 1,1,6.091755498,6.249317531,328.9,10787.5,2decad4e39edf29d9c2f,yongxing_2024-04-21-birdnet-11_20_16_01,23.22779166666667,0.1575620329999996,True,audio/analysis_clips/yongxing_2024-04-21-birdnet-11_20_16_01.wav
20,20,Spectrogram 1,1,6.519939343,6.661865449,986.7,16641.7,acc650a242f7a9f4d17f,yongxing_2024-04-21-birdnet-11_20_16_01,23.22779166666667,0.1419261060000005,True,audio/analysis_clips/yongxing_2024-04-21-birdnet-11_20_16_01.wav
21,21,Spectrogram 1,1,6.893998825,7.074413367,1644.4,15720.8,d97ef57727ab2e0cc9bf,yongxing_2024-04-21-birdnet-11_20_16_01,23.22779166666667,0.1804145420000003,True,audio/analysis_clips/yongxing_2024-04-21-birdnet-11_20_16_01.wav
22,22,Spectrogram 1,1,7.66857859,7.834559968,1493.9,16432.8,8696f34793867ccb484f,yongxing_2024-04-21-birdnet-11_20_16_01,23.22779166666667,0.1659813779999996,True,audio/analysis_clips/yongxing_2024-04-21-birdnet-11_20_16_01.wav
23,23,Spectrogram 1,1,7.859818004,8.025799382,3943.9,15536.4,d15e83afd26ef893fc30,yongxing_2024-04-21-birdnet-11_20_16_01,23.22779166666667,0.1659813780000005,True,audio/analysis_clips/yongxing_2024-04-21-birdnet-11_20_16_01.wav
24,24,Spectrogram 1,1,8.027002146,8.107587308,358.5,12907.2,2af598c3cd4860ada247,yongxing_2024-04-21-birdnet-11_20_16_01,23.22779166666667,0.0805851620000002,True,audio/analysis_clips/yongxing_2024-04-21-birdnet-11_20_16_01.wav
25,25,Spectrogram 1,1,8.280785262,8.49006613,1463.0,14556.6,a454879bcafe91adc65d,yongxing_2024-04-21-birdnet-11_20_16_01,23.22779166666667,0.2092808680000004,True,audio/analysis_clips/yongxing_2024-04-21-birdnet-11_20_16_01.wav
26,26,Spectrogram 1,1,8.740240961,8.876153248,1097.2,16458.5,2c8a76976bd0df60673a,yongxing_2024-04-21-birdnet-11_20_16_01,23.22779166666667,0.135912287,True,audio/analysis_clips/yongxing_2024-04-21-birdnet-11_20_16_01.wav
27,27,Spectrogram 1,1,9.472365928,9.658794288,1828.7,15068.7,b1efe9339cfc87ada1d8,yongxing_2024-04-21-birdnet-11_20_16_01,23.22779166666667,0.1864283599999989,True,audio/analysis_clips/yongxing_2024-04-21-birdnet-11_20_16_01.wav
28,28,Spectrogram 1,1,9.675632978,9.792301048,512.0,12435.3,f1cf368f84fa373fb4d0,yongxing_2024-04-21-birdnet-11_20_16_01,23.22779166666667,0.1166680700000011,True,audio/analysis_clips/yongxing_2024-04-21-birdnet-11_20_16_01.wav
29,29,Spectrogram 1,1,9.97271559,10.159143949,1097.2,15653.9,d23cf2a3b5970281e035,yongxing_2024-04-21-birdnet-11_20_16_01,23.22779166666667,0.1864283590000006,True,audio/analysis_clips/yongxing_2024-04-21-birdnet-11_20_16_01.wav
30,30,Spectrogram 1,1,10.936129241,11.156234982,776.8,16612.0,a520aad5c9229f3a85ef,yongxing_2024-04-21-birdnet-11_20_16_01,23.22779166666667,0.2201057410000011,True,audio/analysis_clips/yongxing_2024-04-21-birdnet-11_20_16_01.wav
31,31,Spectrogram 1,1,11.290944506,11.46534523,2151.2,15536.4,502b460bacfae83f0487,yongxing_2024-04-21-birdnet-11_20_16_01,23.22779166666667,0.1744007239999998,True,audio/analysis_clips/yongxing_2024-04-21-birdnet-11_20_16_01.wav
32,32,Spectrogram 1,1,11.491806029,11.646962535,239.0,13206.0,48c7c877b8001b5a6640,yongxing_2024-04-21-birdnet-11_20_16_01,23.22779166666667,0.1551565060000008,True,audio/analysis_clips/yongxing_2024-04-21-birdnet-11_20_16_01.wav
33,33,Spectrogram 1,1,11.739575326,11.894731832,1097.2,15873.3,ad0f97b322d25223ede7,yongxing_2024-04-21-birdnet-11_20_16_01,23.22779166666667,0.155156505999999,True,audio/analysis_clips/yongxing_2024-04-21-birdnet-11_20_16_01.wav
34,34,Spectrogram 1,1,11.910367759,12.067929792,4681.5,16239.1,f050df2f6a4206fd925e,yongxing_2024-04-21-birdnet-11_20_16_01,23.22779166666667,0.1575620329999996,True,audio/analysis_clips/yongxing_2024-04-21-birdnet-11_20_16_01.wav
35,35,Spectrogram 1,1,12.070335319,12.161745354,585.2,13605.7,5170dd705f0389482eab,yongxing_2024-04-21-birdnet-11_20_16_01,23.22779166666667,0.0914100350000008,True,audio/analysis_clips/yongxing_2024-04-21-birdnet-11_20_16_01.wav
36,37,Spectrogram 1,1,12.269994078,12.49370811,1243.5,15068.7,3f3d5c4bab1409baa00f,yongxing_2024-04-21-birdnet-11_20_16_01,23.22779166666667,0.2237140320000001,True,audio/analysis_clips/yongxing_2024-04-21-birdnet-11_20_16_01.wav
37,38,Spectrogram 1,1,12.78357414,12.965191445,1254.9,15476.7,fa17268f7cbaac783a4a,yongxing_2024-04-21-birdnet-11_20_16_01,23.22779166666667,0.1816173049999996,True,audio/analysis_clips/yongxing_2024-04-21-birdnet-11_20_16_01.wav
38,39,Spectrogram 1,1,13.075845697,13.234610494,358.5,11353.5,f87366df0c51917fbe2e,yongxing_2024-04-21-birdnet-11_20_16_01,23.22779166666667,0.1587647969999999,True,audio/analysis_clips/yongxing_2024-04-21-birdnet-11_20_16_01.wav
39,40,Spectrogram 1,1,13.311587365,13.564167723,1493.9,13265.7,f2f1dfa0f043c64ec60e,yongxing_2024-04-21-birdnet-11_20_16_01,23.22779166666667,0.2525803580000012,True,audio/analysis_clips/yongxing_2024-04-21-birdnet-11_20_16_01.wav
40,41,Spectrogram 1,1,14.096991996,14.260567847,1243.5,16385.4,81bc0e6337d7e76ebc60,yongxing_2024-04-21-birdnet-11_20_16_01,23.22779166666667,0.1635758510000009,True,audio/analysis_clips/yongxing_2024-04-21-birdnet-11_20_16_01.wav
41,42,Spectrogram 1,1,14.311083918,14.459023842,3218.6,15946.5,1bd81405f360669acde0,yongxing_2024-04-21-birdnet-11_20_16_01,23.22779166666667,0.147939924000001,True,audio/analysis_clips/yongxing_2024-04-21-birdnet-11_20_16_01.wav
42,43,Spectrogram 1,1,14.466240424,14.546825586,219.4,14776.1,b0a8e4fc76b05107aef8,yongxing_2024-04-21-birdnet-11_20_16_01,23.22779166666667,0.0805851620000002,True,audio/analysis_clips/yongxing_2024-04-21-birdnet-11_20_16_01.wav
43,44,Spectrogram 1,1,14.652668783,14.84150267,1828.7,14849.2,c83b6d98ec8dc99e38fb,yongxing_2024-04-21-birdnet-11_20_16_01,23.22779166666667,0.1888338870000012,True,audio/analysis_clips/yongxing_2024-04-21-birdnet-11_20_16_01.wav
44,45,Spectrogram 1,1,15.229995316,15.416423676,1314.6,16612.0,e42a26abc5559017930a,yongxing_2024-04-21-birdnet-11_20_16_01,23.22779166666667,0.1864283600000007,True,audio/analysis_clips/yongxing_2024-04-21-birdnet-11_20_16_01.wav
45,46,Spectrogram 1,1,15.712303524,15.839796466,537.8,9381.6,6643fc875fd15e0ae577,yongxing_2024-04-21-birdnet-11_20_16_01,23.22779166666667,0.1274929419999999,True,audio/analysis_clips/yongxing_2024-04-21-birdnet-11_20_16_01.wav
46,47,Spectrogram 1,1,15.967289409,16.282413475,2270.7,12548.7,020bd33ff0f6f070ec25,yongxing_2024-04-21-birdnet-11_20_16_01,23.22779166666667,0.3151240659999992,True,audio/analysis_clips/yongxing_2024-04-21-birdnet-11_20_16_01.wav
47,48,Spectrogram 1,1,17.024518616,17.201324867,1243.5,14776.1,d117e4d21106ba30527c,yongxing_2024-04-21-birdnet-11_20_16_01,23.22779166666667,0.1768062509999985,True,audio/analysis_clips/yongxing_2024-04-21-birdnet-11_20_16_01.wav
48,49,Spectrogram 1,1,17.422633371,17.65236122,836.6,16492.5,2d379dae2638b95e4a2e,yongxing_2024-04-21-birdnet-11_20_16_01,23.22779166666667,0.2297278489999996,True,audio/analysis_clips/yongxing_2024-04-21-birdnet-11_20_16_01.wav
49,51,Spectrogram 1,1,17.791881799,17.96868805,2211.0,14042.5,f2294bee73b2bcb17441,yongxing_2024-04-21-birdnet-11_20_16_01,23.22779166666667,0.1768062510000021,True,audio/analysis_clips/yongxing_2024-04-21-birdnet-11_20_16_01.wav
50,52,Spectrogram 1,1,18.162332991,18.341544769,1434.1,15237.7,e644b7d946a598f0b347,yongxing_2024-04-21-birdnet-11_20_16_01,23.22779166666667,0.1792117779999991,True,audio/analysis_clips/yongxing_2024-04-21-birdnet-11_20_16_01.wav
51,53,Spectrogram 1,1,18.34876135,18.512337201,4302.4,15954.7,f15488bdcd4553f6ea9b,yongxing_2024-04-21-birdnet-11_20_16_01,23.22779166666667,0.1635758510000009,True,audio/analysis_clips/yongxing_2024-04-21-birdnet-11_20_16_01.wav
52,54,Spectrogram 1,1,18.514742729,18.603747236,418.3,10875.5,50304b823d9875f3937c,yongxing_2024-04-21-birdnet-11_20_16_01,23.22779166666667,0.0890045069999985,True,audio/analysis_clips/yongxing_2024-04-21-birdnet-11_20_16_01.wav
53,55,Spectrogram 1,1,18.935709986,19.123341109,1389.8,14849.2,085cbe7cef60b95efd99,yongxing_2024-04-21-birdnet-11_20_16_01,23.22779166666667,0.1876311229999991,True,audio/analysis_clips/yongxing_2024-04-21-birdnet-11_20_16_01.wav
54,56,Spectrogram 1,1,19.262861688,19.444478993,804.6,14556.6,5ad57c867f56483731d9,yongxing_2024-04-21-birdnet-11_20_16_01,23.22779166666667,0.1816173049999996,True,audio/analysis_clips/yongxing_2024-04-21-birdnet-11_20_16_01.wav
55,57,Spectrogram 1,1,19.844999275,20.078335415,717.1,16851.1,a0d36b8fba4bb49b745a,yongxing_2024-04-21-birdnet-11_20_16_01,23.22779166666667,0.2333361400000022,True,audio/analysis_clips/yongxing_2024-04-21-birdnet-11_20_16_01.wav
56,58,Spectrogram 1,1,20.298441156,20.492086097,2390.2,13504.7,3b28c2ce3025fa2f75c6,yongxing_2024-04-21-birdnet-11_20_16_01,23.22779166666667,0.1936449410000023,True,audio/analysis_clips/yongxing_2024-04-21-birdnet-11_20_16_01.wav
57,59,Spectrogram 1,1,20.689339329,20.803601872,358.5,11174.3,2cd568a60f918a06d75b,yongxing_2024-04-21-birdnet-11_20_16_01,23.22779166666667,0.1142625430000023,True,audio/analysis_clips/yongxing_2024-04-21-birdnet-11_20_16_01.wav
58,60,Spectrogram 1,1,20.999652334,21.186080694,731.5,16897.4,c8ff33f56e0d7a831ab3,yongxing_2024-04-21-birdnet-11_20_16_01,23.22779166666667,0.1864283600000007,True,audio/analysis_clips/yongxing_2024-04-21-birdnet-11_20_16_01.wav
59,61,Spectrogram 1,1,21.199311094,21.367697999,4096.3,15653.9,e8affd6405d39b4bcd30,yongxing_2024-04-21-birdnet-11_20_16_01,23.22779166666667,0.1683869050000019,True,audio/analysis_clips/yongxing_2024-04-21-birdnet-11_20_16_01.wav
60,62,Spectrogram 1,1,21.367697999,21.459108033,731.5,13313.1,f91b74ec95bd2d8555c5,yongxing_2024-04-21-birdnet-11_20_16_01,23.22779166666667,0.091410033999999,True,audio/analysis_clips/yongxing_2024-04-21-birdnet-11_20_16_01.wav
61,65,Spectrogram 1,1,21.580325465,21.692182481,73.1,13240.0,935f579f4cfe86fb0d70,yongxing_2024-04-21-birdnet-11_20_16_01,23.22779166666667,0.1118570159999983,True,audio/analysis_clips/yongxing_2024-04-21-birdnet-11_20_16_01.wav
62,66,Spectrogram 1,1,21.799228442,21.995278911,2091.4,14998.6,1b30f820fbaf6716afab,yongxing_2024-04-21-birdnet-11_20_16_01,23.22779166666667,0.1960504689999993,True,audio/analysis_clips/yongxing_2024-04-21-birdnet-11_20_16_01.wav
63,67,Spectrogram 1,1,22.026550764,22.071053018,717.1,9979.2,85d6bef6af89c2dfd212,yongxing_2024-04-21-birdnet-11_20_16_01,23.22779166666667,0.044502254000001,True,audio/analysis_clips/yongxing_2024-04-21-birdnet-11_20_16_01.wav
64,68,Spectrogram 1,1,22.129988435,22.170882398,956.1,9501.1,b0b9d7c3c6e439c4fa1a,yongxing_2024-04-21-birdnet-11_20_16_01,23.22779166666667,0.0408939629999984,True,audio/analysis_clips/yongxing_2024-04-21-birdnet-11_20_16_01.wav
65,69,Spectrogram 1,1,22.259886905,22.418651701,1493.9,16671.8,a1e378bdec5465ac07e4,yongxing_2024-04-21-birdnet-11_20_16_01,23.22779166666667,0.1587647960000033,True,audio/analysis_clips/yongxing_2024-04-21-birdnet-11_20_16_01.wav
66,70,Spectrogram 1,1,22.591849661,22.689273514,657.3,15416.9,d9f8f3247660160a3778,yongxing_2024-04-21-birdnet-11_20_16_01,23.22779166666667,0.0974238529999986,True,audio/analysis_clips/yongxing_2024-04-21-birdnet-11_20_16_01.wav
67,71,Spectrogram 1,1,22.430679337,22.584633079,4541.4,15357.2,e9f609e5e712b17f8de1,yongxing_2024-04-21-birdnet-11_20_16_01,23.22779166666667,0.1539537419999987,True,audio/analysis_clips/yongxing_2024-04-21-birdnet-11_20_16_01.wav
68,72,Spectrogram 1,1,22.789102893,22.975531253,1971.9,14699.9,a12ff852e26b66ebdefa,yongxing_2024-04-21-birdnet-11_20_16_01,23.22779166666667,0.1864283600000007,True,audio/analysis_clips/yongxing_2024-04-21-birdnet-11_20_16_01.wav
1,1,Spectrogram 1,1,0.056975844,0.666828397,930.2,16093.0,25e5920214fff8a9ee15,yongxing_2024-04-21-birdnet-11_20_46_01,10.188145833333332,0.609852553,True,audio/analysis_clips/yongxing_2024-04-21-birdnet-11_20_46_01.wav
2,2,Spectrogram 1,1,0.715363375,0.915833937,1767.4,14697.7,7d8e63a816176245cedc,yongxing_2024-04-21-birdnet-11_20_46_01,10.188145833333332,0.200470562,True,audio/analysis_clips/yongxing_2024-04-21-birdnet-11_20_46_01.wav
3,3,Spectrogram 1,1,1.027675409,1.18172121,744.2,8744.2,32960a96b9ec4385b33c,yongxing_2024-04-21-birdnet-11_20_46_01,10.188145833333332,0.1540458010000001,True,audio/analysis_clips/yongxing_2024-04-21-birdnet-11_20_46_01.wav
4,4,Spectrogram 1,1,1.261909435,1.443388049,1674.4,11534.9,09505b2c1df2cbdc52aa,yongxing_2024-04-21-birdnet-11_20_46_01,10.188145833333332,0.1814786139999999,True,audio/analysis_clips/yongxing_2024-04-21-birdnet-11_20_46_01.wav
5,5,Spectrogram 1,1,1.462379997,1.94139913,1116.3,15348.8,9fa12c0af5632f6196e2,yongxing_2024-04-21-birdnet-11_20_46_01,10.188145833333332,0.479019133,True,audio/analysis_clips/yongxing_2024-04-21-birdnet-11_20_46_01.wav
6,6,Spectrogram 1,1,2.019477139,2.194625104,1674.4,15069.8,bc9639df3c6b380b5888,yongxing_2024-04-21-birdnet-11_20_46_01,10.188145833333332,0.1751479649999998,True,audio/analysis_clips/yongxing_2024-04-21-birdnet-11_20_46_01.wav
7,7,Spectrogram 1,1,2.70430491,3.065151922,1302.3,15441.9,3a0282d91add54fc5437,yongxing_2024-04-21-birdnet-11_20_46_01,10.188145833333332,0.3608470120000002,True,audio/analysis_clips/yongxing_2024-04-21-birdnet-11_20_46_01.wav
8,8,Spectrogram 1,1,3.210756857,3.742531401,1023.3,15348.8,a33d1656d7ee35eeb5e9,yongxing_2024-04-21-birdnet-11_20_46_01,10.188145833333332,0.5317745440000001,True,audio/analysis_clips/yongxing_2024-04-21-birdnet-11_20_46_01.wav
9,9,Spectrogram 1,1,3.837491141,4.04007192,2139.5,13023.3,80ea349087c1eac76b08,yongxing_2024-04-21-birdnet-11_20_46_01,10.188145833333332,0.2025807789999998,True,audio/analysis_clips/yongxing_2024-04-21-birdnet-11_20_46_01.wav
10,10,Spectrogram 1,1,4.177235989,4.487437807,1302.3,15348.8,804c456ed43405c9fbac,yongxing_2024-04-21-birdnet-11_20_46_01,10.188145833333332,0.3102018180000003,True,audio/analysis_clips/yongxing_2024-04-21-birdnet-11_20_46_01.wav
11,11,Spectrogram 1,1,4.538083001,4.704790101,837.2,9953.5,5d609f142a56f9c3153a,yongxing_2024-04-21-birdnet-11_20_46_01,10.188145833333332,0.1667071,True,audio/analysis_clips/yongxing_2024-04-21-birdnet-11_20_46_01.wav
12,12,Spectrogram 1,1,4.774427243,5.036094079,1581.4,14604.7,5a643b7052f261ba7d1b,yongxing_2024-04-21-birdnet-11_20_46_01,10.188145833333332,0.2616668359999998,True,audio/analysis_clips/yongxing_2024-04-21-birdnet-11_20_46_01.wav
13,13,Spectrogram 1,1,5.050865594,5.422263689,1023.3,15255.8,c3a1cfcb49d03d41a7bd,yongxing_2024-04-21-birdnet-11_20_46_01,10.188145833333332,0.371398095,True,audio/analysis_clips/yongxing_2024-04-21-birdnet-11_20_46_01.wav
14,14,Spectrogram 1,1,5.506672346,5.791551567,1023.3,14325.6,78c90e457004d5dd5b31,yongxing_2024-04-21-birdnet-11_20_46_01,10.188145833333332,0.2848792209999997,True,audio/analysis_clips/yongxing_2024-04-21-birdnet-11_20_46_01.wav
15,15,Spectrogram 1,1,6.013124293,6.217815289,1860.5,14139.5,48cb75e2277906707509,yongxing_2024-04-21-birdnet-11_20_46_01,10.188145833333332,0.204690996,True,audio/analysis_clips/yongxing_2024-04-21-birdnet-11_20_46_01.wav
16,16,Spectrogram 1,1,6.433057366,6.660960742,930.2,15069.8,a209003db7f8e8613277,yongxing_2024-04-21-birdnet-11_20_46_01,10.188145833333332,0.2279033760000004,True,audio/analysis_clips/yongxing_2024-04-21-birdnet-11_20_46_01.wav
17,17,Spectrogram 1,1,6.800235028,6.952170612,1488.4,11348.8,77e60cd111a1e340c733,yongxing_2024-04-21-birdnet-11_20_46_01,10.188145833333332,0.1519355839999994,True,audio/analysis_clips/yongxing_2024-04-21-birdnet-11_20_46_01.wav
18,18,Spectrogram 1,1,7.051350785,7.581015113,1209.3,15069.8,0d39365945924efe1ad2,yongxing_2024-04-21-birdnet-11_20_46_01,10.188145833333332,0.529664328,True,audio/analysis_clips/yongxing_2024-04-21-birdnet-11_20_46_01.wav
19,19,Spectrogram 1,1,7.688636151,7.886996497,2883.7,12465.1,16310829b5c435c4252d,yongxing_2024-04-21-birdnet-11_20_46_01,10.188145833333332,0.1983603460000003,True,audio/analysis_clips/yongxing_2024-04-21-birdnet-11_20_46_01.wav
20,20,Spectrogram 1,1,8.534832946,8.699429829,1395.3,15534.9,5b7ff6aefd5ee3831191,yongxing_2024-04-21-birdnet-11_20_46_01,10.188145833333332,0.1645968829999997,True,audio/analysis_clips/yongxing_2024-04-21-birdnet-11_20_46_01.wav
21,21,Spectrogram 1,1,8.994644976,9.465223244,930.2,15907.0,622c1449bc7f5f83f3fd,yongxing_2024-04-21-birdnet-11_20_46_01,10.188145833333332,0.4705782680000006,True,audio/analysis_clips/yongxing_2024-04-21-birdnet-11_20_46_01.wav
22,22,Spectrogram 1,1,8.745639436,8.903905669,1581.4,11348.8,b6e229c81881eb70743b,yongxing_2024-04-21-birdnet-11_20_46_01,10.188145833333332,0.1582662330000008,True,audio/analysis_clips/yongxing_2024-04-21-birdnet-11_20_46_01.wav
23,23,Spectrogram 1,1,9.501096923,9.640371209,1488.4,9488.4,c3038d4bcaa8146b37ad,yongxing_2024-04-21-birdnet-11_20_46_01,10.188145833333332,0.1392742859999991,True,audio/analysis_clips/yongxing_2024-04-21-birdnet-11_20_46_01.wav
24,24,Spectrogram 1,1,9.733220732,9.925250429,1674.4,14139.5,6c17e9b1fb4112b20205,yongxing_2024-04-21-birdnet-11_20_46_01,10.188145833333332,0.1920296970000006,True,audio/analysis_clips/yongxing_2024-04-21-birdnet-11_20_46_01.wav
1,1,Spectrogram 1,1,0.232144224,0.431124987,651.2,14139.5,77620b0cd7ea648615a5,yongxing_2024-04-21-birdnet-11_37_46_01,17.790375,0.198980763,True,audio/analysis_clips/yongxing_2024-04-21-birdnet-11_37_46_01.wav
2,2,Spectrogram 1,1,0.598784704,0.777498908,651.2,13767.4,ef50ff9e56f1fbcd45ae,yongxing_2024-04-21-birdnet-11_37_46_01,17.790375,0.178714204,True,audio/analysis_clips/yongxing_2024-04-21-birdnet-11_37_46_01.wav
3,3,Spectrogram 1,1,0.934104139,1.241787356,1116.3,14976.7,5b7f9f0162b76c36891f,yongxing_2024-04-21-birdnet-11_37_46_01,17.790375,0.3076832169999999,True,audio/analysis_clips/yongxing_2024-04-21-birdnet-11_37_46_01.wav
4,4,Spectrogram 1,1,1.304429448,1.608427836,651.2,14790.7,2cd4164a986ecc965ab1,yongxing_2024-04-21-birdnet-11_37_46_01,17.790375,0.3039983879999999,True,audio/analysis_clips/yongxing_2024-04-21-birdnet-11_37_46_01.wav
5,5,Spectrogram 1,1,1.870050692,2.056134554,465.1,13023.3,015ae90bd845c330077c,yongxing_2024-04-21-birdnet-11_37_46_01,17.790375,0.1860838619999998,True,audio/analysis_clips/yongxing_2024-04-21-birdnet-11_37_46_01.wav
6,6,Spectrogram 1,1,2.829948633,3.025244567,1581.4,17767.4,cfab602c85c67cad71e4,yongxing_2024-04-21-birdnet-11_37_46_01,17.790375,0.1952959340000002,True,audio/analysis_clips/yongxing_2024-04-21-birdnet-11_37_46_01.wav
7,7,Spectrogram 1,1,3.237122232,3.447157482,651.2,13860.5,82cc0bb4d309abeb05bc,yongxing_2024-04-21-birdnet-11_37_46_01,17.790375,0.2100352500000002,True,audio/analysis_clips/yongxing_2024-04-21-birdnet-11_37_46_01.wav
8,8,Spectrogram 1,1,4.156487055,4.340728502,1488.4,13302.3,847775f54573ea5b5dd2,yongxing_2024-04-21-birdnet-11_37_46_01,17.790375,0.1842414469999997,True,audio/analysis_clips/yongxing_2024-04-21-birdnet-11_37_46_01.wav
9,9,Spectrogram 1,1,4.773695907,4.959779769,2139.5,14976.7,18f692b365c98d7bee84,yongxing_2024-04-21-birdnet-11_37_46_01,17.790375,0.1860838620000002,True,audio/analysis_clips/yongxing_2024-04-21-birdnet-11_37_46_01.wav
10,10,Spectrogram 1,1,5.453546848,5.670951756,744.2,14418.6,bc482659c9b6fcb6de5c,yongxing_2024-04-21-birdnet-11_37_46_01,17.790375,0.2174049079999997,True,audio/analysis_clips/yongxing_2024-04-21-birdnet-11_37_46_01.wav
11,11,Spectrogram 1,1,5.84966596,6.030222578,651.2,13860.5,bd4737e9dffdffa691f8,yongxing_2024-04-21-birdnet-11_37_46_01,17.790375,0.1805566179999997,True,audio/analysis_clips/yongxing_2024-04-21-birdnet-11_37_46_01.wav
12,12,Spectrogram 1,1,6.232888171,6.415287204,1395.3,13302.3,66548df564883af5d1ba,yongxing_2024-04-21-birdnet-11_37_46_01,17.790375,0.1823990330000002,True,audio/analysis_clips/yongxing_2024-04-21-birdnet-11_37_46_01.wav
13,13,Spectrogram 1,1,6.442923421,6.564522776,930.2,8465.1,9b7a0dba7b6b40c6c922,yongxing_2024-04-21-birdnet-11_37_46_01,17.790375,0.1215993549999998,True,audio/analysis_clips/yongxing_2024-04-21-birdnet-11_37_46_01.wav
14,14,Spectrogram 1,1,6.654801085,6.901684625,2511.6,14883.7,1ef53b8663475232a60c,yongxing_2024-04-21-birdnet-11_37_46_01,17.790375,0.2468835399999998,True,audio/analysis_clips/yongxing_2024-04-21-birdnet-11_37_46_01.wav
15,15,Spectrogram 1,1,7.251743375,7.378869974,465.1,14418.6,f626811322bb95f33a84,yongxing_2024-04-21-birdnet-11_37_46_01,17.790375,0.1271265989999994,True,audio/analysis_clips/yongxing_2024-04-21-birdnet-11_37_46_01.wav
16,16,Spectrogram 1,1,7.843158425,8.032927115,1674.4,14232.6,0e4e6a912c0752becd0f,yongxing_2024-04-21-birdnet-11_37_46_01,17.790375,0.1897686899999993,True,audio/analysis_clips/yongxing_2024-04-21-birdnet-11_37_46_01.wav
17,17,Spectrogram 1,1,8.265071339,8.410622083,3069.8,13302.3,297ab055df1b2ce4bc79,yongxing_2024-04-21-birdnet-11_37_46_01,17.790375,0.1455507439999994,True,audio/analysis_clips/yongxing_2024-04-21-birdnet-11_37_46_01.wav
18,18,Spectrogram 1,1,8.651978379,8.803056366,837.2,14418.6,07706400b12fa987aa00,yongxing_2024-04-21-birdnet-11_37_46_01,17.790375,0.1510779869999989,True,audio/analysis_clips/yongxing_2024-04-21-birdnet-11_37_46_01.wav
19,19,Spectrogram 1,1,9.179435536,9.369204227,1023.3,12930.2,96b14bac1fe766c20a1e,yongxing_2024-04-21-birdnet-11_37_46_01,17.790375,0.1897686910000011,True,audio/analysis_clips/yongxing_2024-04-21-birdnet-11_37_46_01.wav
20,20,Spectrogram 1,1,9.851916819,10.036158267,1488.4,13395.3,52fa9de3e98efda82c4b,yongxing_2024-04-21-birdnet-11_37_46_01,17.790375,0.1842414479999998,True,audio/analysis_clips/yongxing_2024-04-21-birdnet-11_37_46_01.wav
21,21,Spectrogram 1,1,10.561246392,10.754699912,1023.3,14883.7,5a3c7610f3f177946dfa,yongxing_2024-04-21-birdnet-11_37_46_01,17.790375,0.1934535200000002,True,audio/analysis_clips/yongxing_2024-04-21-birdnet-11_37_46_01.wav
22,22,Spectrogram 1,1,10.946311017,11.143449366,651.2,15348.8,d43a9d15aa718e590ba8,yongxing_2024-04-21-birdnet-11_37_46_01,17.790375,0.1971383490000011,True,audio/analysis_clips/yongxing_2024-04-21-birdnet-11_37_46_01.wav
23,23,Spectrogram 1,1,11.382963248,11.563519866,2883.7,14418.6,0fc3713c4f5d5b63d241,yongxing_2024-04-21-birdnet-11_37_46_01,17.790375,0.1805566180000006,True,audio/analysis_clips/yongxing_2024-04-21-birdnet-11_37_46_01.wav
24,24,Spectrogram 1,1,12.042547633,12.252582883,930.2,15348.8,d7bf4dca081c988c9c7d,yongxing_2024-04-21-birdnet-11_37_46_01,17.790375,0.2100352500000006,True,audio/analysis_clips/yongxing_2024-04-21-birdnet-11_37_46_01.wav
25,25,Spectrogram 1,1,12.707659258,13.002445574,744.2,15627.9,7ac2d72e341674ac788a,yongxing_2024-04-21-birdnet-11_37_46_01,17.790375,0.2947863159999997,True,audio/analysis_clips/yongxing_2024-04-21-birdnet-11_37_46_01.wav
26,26,Spectrogram 1,1,13.07061491,13.21063841,558.1,13581.4,81c8866ea66a916fd371,yongxing_2024-04-21-birdnet-11_37_46_01,17.790375,0.1400234999999998,True,audio/analysis_clips/yongxing_2024-04-21-birdnet-11_37_46_01.wav
27,27,Spectrogram 1,1,13.404091929,13.603072693,1023.3,14232.6,12e648c3a94faf7b43eb,yongxing_2024-04-21-birdnet-11_37_46_01,17.790375,0.1989807639999998,True,audio/analysis_clips/yongxing_2024-04-21-birdnet-11_37_46_01.wav
28,28,Spectrogram 1,1,13.945761785,14.133688061,2418.6,12930.2,d6cfad46c3c337eb2526,yongxing_2024-04-21-birdnet-11_37_46_01,17.790375,0.1879262760000006,True,audio/analysis_clips/yongxing_2024-04-21-birdnet-11_37_46_01.wav
29,31,Spectrogram 1,1,14.848544878,15.040155983,930.2,15255.8,9e970358cec15c97a073,yongxing_2024-04-21-birdnet-11_37_46_01,17.790375,0.1916111049999997,True,audio/analysis_clips/yongxing_2024-04-21-birdnet-11_37_46_01.wav
30,32,Spectrogram 1,1,15.19123397,15.571561227,0.0,15162.8,a2ac5bcbc95900fce054,yongxing_2024-04-21-birdnet-11_37_46_01,17.790375,0.3803272569999993,True,audio/analysis_clips/yongxing_2024-04-21-birdnet-11_37_46_01.wav
31,34,Spectrogram 1,1,15.879244445,16.151921787,1488.4,14697.7,67ba1b3b78f0cdb2a9de,yongxing_2024-04-21-birdnet-11_37_46_01,17.790375,0.2726773419999997,True,audio/analysis_clips/yongxing_2024-04-21-birdnet-11_37_46_01.wav
32,35,Spectrogram 1,1,16.393278083,16.570149873,651.2,14604.7,96dc0cd2999a39bd3526,yongxing_2024-04-21-birdnet-11_37_46_01,17.790375,0.1768717899999998,True,audio/analysis_clips/yongxing_2024-04-21-birdnet-11_37_46_01.wav
33,36,Spectrogram 1,1,16.866778603,17.15788009,0.0,15441.9,0bab3d166ea424492ef4,yongxing_2024-04-21-birdnet-11_37_46_01,17.790375,0.2911014869999988,True,audio/analysis_clips/yongxing_2024-04-21-birdnet-11_37_46_01.wav
1,1,Waveform 1,1,0.372223281,0.842274475,672.9,12635.5,6d88f692c8e87b50fc1e,yongxing_2024-04-21-birdnet-11_39_16__bout_005,2.8799791666666668,0.4700511939999999,True,audio/analysis_clips/yongxing_2024-04-21-birdnet-11_39_16__bout_005.wav
3,2,Waveform 1,1,0.973507042,1.252674503,972.0,12112.1,0b46b9f16b3a01ef110e,yongxing_2024-04-21-birdnet-11_39_16__bout_005,2.8799791666666668,0.2791674609999999,True,audio/analysis_clips/yongxing_2024-04-21-birdnet-11_39_16__bout_005.wav
5,3,Waveform 1,1,1.25506055,1.601037317,822.4,13831.8,374138d374a9a9c4b045,yongxing_2024-04-21-birdnet-11_39_16__bout_005,2.8799791666666668,0.345976767,True,audio/analysis_clips/yongxing_2024-04-21-birdnet-11_39_16__bout_005.wav
7,4,Waveform 1,1,1.763288491,2.209479218,1121.5,13682.2,79085c42aae6361c3cdf,yongxing_2024-04-21-birdnet-11_39_16__bout_005,2.8799791666666668,0.4461907269999998,True,audio/analysis_clips/yongxing_2024-04-21-birdnet-11_39_16__bout_005.wav
9,5,Waveform 1,1,2.290604805,2.572158313,1046.7,10616.8,2313bae88defa56fc553,yongxing_2024-04-21-birdnet-11_39_16__bout_005,2.8799791666666668,0.281553508,True,audio/analysis_clips/yongxing_2024-04-21-birdnet-11_39_16__bout_005.wav
1,1,Waveform 1,1,0.300915493,0.54209041,1346.5,13148.5,5b621e7d4f96a6e7c5a6,yongxing_2024-04-21-birdnet-12_45_17__bout_004,2.6706458333333334,0.241174917,True,audio/analysis_clips/yongxing_2024-04-21-birdnet-12_45_17__bout_004.wav
3,2,Waveform 1,1,0.606256214,0.955849213,950.5,13940.6,1d19d42859a55cc8ecd6,yongxing_2024-04-21-birdnet-12_45_17__bout_004,2.6706458333333334,0.349592999,True,audio/analysis_clips/yongxing_2024-04-21-birdnet-12_45_17__bout_004.wav
5,3,Waveform 1,1,1.639546914,1.995777755,1029.7,14415.8,84b9dc3a5011a084cd34,yongxing_2024-04-21-birdnet-12_45_17__bout_004,2.6706458333333334,0.3562308409999999,True,audio/analysis_clips/yongxing_2024-04-21-birdnet-12_45_17__bout_004.wav
7,4,Waveform 1,1,1.203661972,1.6373343,1346.5,14019.8,9c15b03a61da730c5f48,yongxing_2024-04-21-birdnet-12_45_17__bout_004,2.6706458333333334,0.4336723280000001,True,audio/analysis_clips/yongxing_2024-04-21-birdnet-12_45_17__bout_004.wav
9,5,Waveform 1,1,2.110833679,2.382985191,871.3,12831.7,3a00d1bbea1e3940302c,yongxing_2024-04-21-birdnet-12_45_17__bout_004,2.6706458333333334,0.2721515119999997,True,audio/analysis_clips/yongxing_2024-04-21-birdnet-12_45_17__bout_004.wav
1,1,Waveform 1,1,0.106439519,0.339787697,1432.8,14209.0,b15e668cecad00e0b9c3,yongxing_2024-04-21-birdnet-12_45_17__bout_004_01,2.470645833333333,0.233348178,True,audio/analysis_clips/yongxing_2024-04-21-birdnet-12_45_17__bout_004_01.wav
3,2,Waveform 1,1,0.401195112,0.777827258,358.2,15761.2,e021a204fb98ebc09c1d,yongxing_2024-04-21-birdnet-12_45_17__bout_004_01,2.470645833333333,0.3766321459999999,True,audio/analysis_clips/yongxing_2024-04-21-birdnet-12_45_17__bout_004_01.wav
5,3,Waveform 1,1,1.434886599,1.797190348,1552.2,15283.6,9f10c119f7b10cc9fe32,yongxing_2024-04-21-birdnet-12_45_17__bout_004_01,2.470645833333333,0.362303749,True,audio/analysis_clips/yongxing_2024-04-21-birdnet-12_45_17__bout_004_01.wav
7,4,Waveform 1,1,1.011175435,1.432839685,1194.0,15164.2,ca016033e10617bbd05e,yongxing_2024-04-21-birdnet-12_45_17__bout_004_01,2.470645833333333,0.4216642500000001,True,audio/analysis_clips/yongxing_2024-04-21-birdnet-12_45_17__bout_004_01.wav
9,5,Waveform 1,1,1.920005178,2.188150891,597.0,14686.6,4c5b02ebec6ee3bc700b,yongxing_2024-04-21-birdnet-12_45_17__bout_004_01,2.470645833333333,0.2681457129999998,True,audio/analysis_clips/yongxing_2024-04-21-birdnet-12_45_17__bout_004_01.wav
1,1,Spectrogram 1,1,0.232923519,0.540856307,511.6,11023.3,6018757ac655b7685b53,yongxing_2024-04-21-birdnet-12_45_47_01,9.530145833333334,0.307932788,True,audio/analysis_clips/yongxing_2024-04-21-birdnet-12_45_47_01.wav
2,2,Spectrogram 1,1,0.736275192,1.17053938,279.1,11069.8,a138110e717643be3611,yongxing_2024-04-21-birdnet-12_45_47_01,9.530145833333334,0.4342641879999999,True,audio/analysis_clips/yongxing_2024-04-21-birdnet-12_45_47_01.wav
3,3,Spectrogram 1,1,1.290948995,1.628490705,279.1,10883.7,9198015f5c7e367ef235,yongxing_2024-04-21-birdnet-12_45_47_01,9.530145833333334,0.33754171,True,audio/analysis_clips/yongxing_2024-04-21-birdnet-12_45_47_01.wav
4,4,Spectrogram 1,1,1.717317471,2.017354546,744.2,11209.3,c8978202a62883cf812e,yongxing_2024-04-21-birdnet-12_45_47_01,9.530145833333334,0.3000370749999999,True,audio/analysis_clips/yongxing_2024-04-21-birdnet-12_45_47_01.wav
5,5,Spectrogram 1,1,2.11426369,2.538658238,511.6,11069.8,62d09a5e5eef31e4997d,yongxing_2024-04-21-birdnet-12_45_47_01,9.530145833333334,0.424394548,True,audio/analysis_clips/yongxing_2024-04-21-birdnet-12_45_47_01.wav
6,6,Spectrogram 1,1,2.710389985,2.976870282,651.2,10279.1,0efeb56efc16f8fcc298,yongxing_2024-04-21-birdnet-12_45_47_01,9.530145833333334,0.2664802970000002,True,audio/analysis_clips/yongxing_2024-04-21-birdnet-12_45_47_01.wav
7,7,Spectrogram 1,1,3.055827407,3.424951967,697.7,10000.0,1efb400cea586dcfb409,yongxing_2024-04-21-birdnet-12_45_47_01,9.530145833333334,0.3691245599999999,True,audio/analysis_clips/yongxing_2024-04-21-birdnet-12_45_47_01.wav
8,8,Spectrogram 1,1,3.801972239,3.999365052,1162.8,11255.8,0fdc033a65e8837e4b18,yongxing_2024-04-21-birdnet-12_45_47_01,9.530145833333334,0.197392813,True,audio/analysis_clips/yongxing_2024-04-21-birdnet-12_45_47_01.wav
9,9,Spectrogram 1,1,4.317354146,4.690426562,232.6,11814.0,762c5c922a73d7acdc3b,yongxing_2024-04-21-birdnet-12_45_47_01,9.530145833333334,0.3730724160000003,True,audio/analysis_clips/yongxing_2024-04-21-birdnet-12_45_47_01.wav
10,10,Spectrogram 1,1,4.795044753,5.091133972,1767.4,10511.6,a686dfe64f2ce6b96abf,yongxing_2024-04-21-birdnet-12_45_47_01,9.530145833333334,0.2960892189999997,True,audio/analysis_clips/yongxing_2024-04-21-birdnet-12_45_47_01.wav
11,11,Spectrogram 1,1,5.24115251,5.553033154,372.1,11209.3,f34c137cbbb9fbebdf38,yongxing_2024-04-21-birdnet-12_45_47_01,9.530145833333334,0.3118806440000004,True,audio/analysis_clips/yongxing_2024-04-21-birdnet-12_45_47_01.wav
12,12,Spectrogram 1,1,5.667520985,5.977427701,1860.5,11116.3,82a664b3b14322860ea8,yongxing_2024-04-21-birdnet-12_45_47_01,9.530145833333334,0.3099067159999995,True,audio/analysis_clips/yongxing_2024-04-21-birdnet-12_45_47_01.wav
13,13,Spectrogram 1,1,6.709419212,6.926551306,883.7,11395.3,3fbbb330e1b9933f7e6d,yongxing_2024-04-21-birdnet-12_45_47_01,9.530145833333334,0.2171320940000001,True,audio/analysis_clips/yongxing_2024-04-21-birdnet-12_45_47_01.wav
14,14,Spectrogram 1,1,7.844427885,8.057612123,1255.8,11255.8,8f6658f303190936b003,yongxing_2024-04-21-birdnet-12_45_47_01,9.530145833333334,0.2131842380000002,True,audio/analysis_clips/yongxing_2024-04-21-birdnet-12_45_47_01.wav
15,16,Spectrogram 1,1,8.44189862,8.799179611,465.1,11860.5,ca4134461052fb692ecc,yongxing_2024-04-21-birdnet-12_45_47_01,9.530145833333334,0.3572809909999996,True,audio/analysis_clips/yongxing_2024-04-21-birdnet-12_45_47_01.wav
16,17,Spectrogram 1,1,8.872214952,9.128825608,418.6,10976.7,d1b16ef4d27f4a87e9ef,yongxing_2024-04-21-birdnet-12_45_47_01,9.530145833333334,0.2566106559999994,True,audio/analysis_clips/yongxing_2024-04-21-birdnet-12_45_47_01.wav
1,1,Spectrogram 1,1,0.158337729,0.659740537,197.3,9011.5,beb29d95318ddbe0b479,yongxing_2024-04-23-birdnet-16_36_13_01,22.522979166666666,0.501402808,True,audio/analysis_clips/yongxing_2024-04-23-birdnet-16_36_13_01.wav
2,2,Spectrogram 1,1,1.49761102,1.784598153,0.0,10590.2,e8529009cf18e0c30fa0,yongxing_2024-04-23-birdnet-16_36_13_01,22.522979166666666,0.286987133,True,audio/analysis_clips/yongxing_2024-04-23-birdnet-16_36_13_01.wav
3,3,Spectrogram 1,1,1.850572207,2.055091774,197.3,10261.3,2b15f55c4273e9859c24,yongxing_2024-04-23-birdnet-16_36_13_01,22.522979166666666,0.2045195670000001,True,audio/analysis_clips/yongxing_2024-04-23-birdnet-16_36_13_01.wav
4,5,Spectrogram 1,1,2.0880788,2.629066041,328.9,9603.5,33655950a97b3fafe4c3,yongxing_2024-04-23-birdnet-16_36_13_01,22.522979166666666,0.5409872410000003,True,audio/analysis_clips/yongxing_2024-04-23-birdnet-16_36_13_01.wav
5,8,Spectrogram 1,1,2.945741499,3.483430037,460.4,9274.6,41baf3251521177279b2,yongxing_2024-04-23-birdnet-16_36_13_01,22.522979166666666,0.5376885380000003,True,audio/analysis_clips/yongxing_2024-04-23-birdnet-16_36_13_01.wav
6,9,Spectrogram 1,1,4.331196627,4.895274787,263.1,8551.1,61cca306fa6c34df62a2,yongxing_2024-04-23-birdnet-16_36_13_01,22.522979166666666,0.5640781600000002,True,audio/analysis_clips/yongxing_2024-04-23-birdnet-16_36_13_01.wav
7,10,Spectrogram 1,1,5.347197055,5.838703755,0.0,9274.6,1f67deea068e4132a5b4,yongxing_2024-04-23-birdnet-16_36_13_01,22.522979166666666,0.4915067000000004,True,audio/analysis_clips/yongxing_2024-04-23-birdnet-16_36_13_01.wav
8,11,Spectrogram 1,1,6.571015751,7.191171856,197.3,10721.7,6600f405198e50c477f3,yongxing_2024-04-23-birdnet-16_36_13_01,22.522979166666666,0.6201561050000004,True,audio/analysis_clips/yongxing_2024-04-23-birdnet-16_36_13_01.wav
9,12,Spectrogram 1,1,7.270340721,7.718964286,0.0,9669.3,fe1e09c0bbfff2ca4701,yongxing_2024-04-23-birdnet-16_36_13_01,22.522979166666666,0.4486235650000001,True,audio/analysis_clips/yongxing_2024-04-23-birdnet-16_36_13_01.wav
10,13,Spectrogram 1,1,5.914573917,6.413054638,65.8,10261.3,c921356c78f68672dfe5,yongxing_2024-04-23-birdnet-16_36_13_01,22.522979166666666,0.4984807209999999,True,audio/analysis_clips/yongxing_2024-04-23-birdnet-16_36_13_01.wav
11,15,Spectrogram 1,1,0.811480861,0.940130266,394.7,10063.9,8568aaf5b885ca8fec38,yongxing_2024-04-23-birdnet-16_36_13_01,22.522979166666666,0.128649405,True,audio/analysis_clips/yongxing_2024-04-23-birdnet-16_36_13_01.wav
12,16,Spectrogram 1,1,3.544611848,4.201053683,0.0,10590.2,2d07ae8d8d24b80dcdc3,yongxing_2024-04-23-birdnet-16_36_13_01,22.522979166666666,0.6564418349999994,True,audio/analysis_clips/yongxing_2024-04-23-birdnet-16_36_13_01.wav
13,17,Spectrogram 1,1,7.786743503,8.326302196,65.8,9998.2,a805f7f750b013be0ffa,yongxing_2024-04-23-birdnet-16_36_13_01,22.522979166666666,0.539558693,True,audio/analysis_clips/yongxing_2024-04-23-birdnet-16_36_13_01.wav
14,19,Spectrogram 1,1,8.741146433,9.226055727,0.0,9735.1,98c6f2e5ec9eec549fe3,yongxing_2024-04-23-birdnet-16_36_13_01,22.522979166666666,0.4849092939999995,True,audio/analysis_clips/yongxing_2024-04-23-birdnet-16_36_13_01.wav
15,20,Spectrogram 1,1,9.301925889,9.846211832,263.1,10063.9,a11c5b1628e0b6fe8f32,yongxing_2024-04-23-birdnet-16_36_13_01,22.522979166666666,0.5442859430000002,True,audio/analysis_clips/yongxing_2024-04-23-birdnet-16_36_13_01.wav
16,21,Spectrogram 1,1,9.898991075,10.496056262,65.8,10524.4,ed6ab2496f08e5fd03a9,yongxing_2024-04-23-birdnet-16_36_13_01,22.522979166666666,0.5970651870000001,True,audio/analysis_clips/yongxing_2024-04-23-birdnet-16_36_13_01.wav
17,22,Spectrogram 1,1,10.644497883,11.112913664,0.0,9866.6,974203fd9116f7881136,yongxing_2024-04-23-birdnet-16_36_13_01,22.522979166666666,0.4684157810000009,True,audio/analysis_clips/yongxing_2024-04-23-birdnet-16_36_13_01.wav
18,25,Spectrogram 1,1,11.182122072,11.683524881,0.0,10392.8,e5e045f6c21107218dae,yongxing_2024-04-23-birdnet-16_36_13_01,22.522979166666666,0.501402809,True,audio/analysis_clips/yongxing_2024-04-23-birdnet-16_36_13_01.wav
19,26,Spectrogram 1,1,11.838563907,12.260797851,65.8,10327.0,5d2a15d3e99528bc9cf8,yongxing_2024-04-23-birdnet-16_36_13_01,22.522979166666666,0.4222339440000002,True,audio/analysis_clips/yongxing_2024-04-23-birdnet-16_36_13_01.wav
20,27,Spectrogram 1,1,12.28388877,12.692927903,0.0,9603.5,5848e85f2e46e976c261,yongxing_2024-04-23-birdnet-16_36_13_01,22.522979166666666,0.4090391329999985,True,audio/analysis_clips/yongxing_2024-04-23-birdnet-16_36_13_01.wav
21,28,Spectrogram 1,1,12.732512335,12.979915037,0.0,10129.7,b53e725c3a13457600c9,yongxing_2024-04-23-birdnet-16_36_13_01,22.522979166666666,0.2474027020000004,True,audio/analysis_clips/yongxing_2024-04-23-birdnet-16_36_13_01.wav
22,30,Spectrogram 1,1,13.055785198,13.669343898,263.1,8682.6,9cb19dd6d162ddb7fe10,yongxing_2024-04-23-birdnet-16_36_13_01,22.522979166666666,0.6135586999999987,True,audio/analysis_clips/yongxing_2024-04-23-birdnet-16_36_13_01.wav
23,31,Spectrogram 1,1,13.728733848,14.355487358,0.0,10327.0,e51d32f06a5ad7a39327,yongxing_2024-04-23-birdnet-16_36_13_01,22.522979166666666,0.6267535100000003,True,audio/analysis_clips/yongxing_2024-04-23-birdnet-16_36_13_01.wav
24,32,Spectrogram 1,1,14.507227682,14.926162923,0.0,9800.8,62bfbc1614d27408d5fe,yongxing_2024-04-23-birdnet-16_36_13_01,22.522979166666666,0.4189352409999998,True,audio/analysis_clips/yongxing_2024-04-23-birdnet-16_36_13_01.wav
25,33,Spectrogram 1,1,15.22964357,15.434163137,0.0,7038.2,8a15839556d98714444e,yongxing_2024-04-23-birdnet-16_36_13_01,22.522979166666666,0.2045195670000001,True,audio/analysis_clips/yongxing_2024-04-23-birdnet-16_36_13_01.wav
26,34,Spectrogram 1,1,15.820111351,16.423773943,0.0,9866.6,9866154de210eb911849,yongxing_2024-04-23-birdnet-16_36_13_01,22.522979166666666,0.6036625920000009,True,audio/analysis_clips/yongxing_2024-04-23-birdnet-16_36_13_01.wav
27,35,Spectrogram 1,1,16.875565772,17.406656904,0.0,10129.7,6a488251d2f5b520343a,yongxing_2024-04-23-birdnet-16_36_13_01,22.522979166666666,0.5310911319999967,True,audio/analysis_clips/yongxing_2024-04-23-birdnet-16_36_13_01.wav
28,36,Spectrogram 1,1,16.486318855,16.71392934,197.3,10327.0,21da08ad53661251290d,yongxing_2024-04-23-birdnet-16_36_13_01,22.522979166666666,0.2276104849999995,True,audio/analysis_clips/yongxing_2024-04-23-birdnet-16_36_13_01.wav
29,37,Spectrogram 1,1,17.485825769,17.713436254,394.7,9866.6,3ec8c02acbc894e2db62,yongxing_2024-04-23-birdnet-16_36_13_01,22.522979166666666,0.2276104849999995,True,audio/analysis_clips/yongxing_2024-04-23-birdnet-16_36_13_01.wav
30,38,Spectrogram 1,1,18.214839062,18.729436681,263.1,9800.8,a4e6786689e84d0389d4,yongxing_2024-04-23-birdnet-16_36_13_01,22.522979166666666,0.5145976189999999,True,audio/analysis_clips/yongxing_2024-04-23-birdnet-16_36_13_01.wav
31,39,Spectrogram 1,1,19.936761865,20.428268565,0.0,10590.2,9a6e1dccba917d3a7301,yongxing_2024-04-23-birdnet-16_36_13_01,22.522979166666666,0.4915066999999986,True,audio/analysis_clips/yongxing_2024-04-23-birdnet-16_36_13_01.wav
32,40,Spectrogram 1,1,19.669566947,19.897177432,328.9,9866.6,e244eb690caa61ab5a2f,yongxing_2024-04-23-birdnet-16_36_13_01,22.522979166666666,0.2276104849999995,True,audio/analysis_clips/yongxing_2024-04-23-birdnet-16_36_13_01.wav
33,41,Spectrogram 1,1,18.920761437,19.465047381,0.0,8945.7,48400d7eea66f1d99d13,yongxing_2024-04-23-birdnet-16_36_13_01,22.522979166666666,0.5442859440000021,True,audio/analysis_clips/yongxing_2024-04-23-birdnet-16_36_13_01.wav
34,42,Spectrogram 1,1,20.517333537,20.899983049,526.2,10129.7,475d022696e76fe85694,yongxing_2024-04-23-birdnet-16_36_13_01,22.522979166666666,0.3826495120000004,True,audio/analysis_clips/yongxing_2024-04-23-birdnet-16_36_13_01.wav
35,43,Spectrogram 1,1,21.665762033,22.305710354,0.0,8814.2,41b54e8e681bbf4c0592,yongxing_2024-04-23-birdnet-16_36_13_01,22.522979166666666,0.6399483209999985,True,audio/analysis_clips/yongxing_2024-04-23-birdnet-16_36_13_01.wav
1,1,Spectrogram 1,1,0.153519356,0.537317745,1115.0,12637.2,dffdac8cb3838c195199,yongxing_2024-05-03-birdnet-16_38_54_01,4.226645833333333,0.3837983889999999,True,audio/analysis_clips/yongxing_2024-05-03-birdnet-16_38_54_01.wav
2,2,Spectrogram 1,1,0.700741575,0.985495219,531.0,7805.3,cde97301a8768e8811bc,yongxing_2024-05-03-birdnet-16_38_54_01,4.226645833333333,0.284753644,True,audio/analysis_clips/yongxing_2024-05-03-birdnet-16_38_54_01.wav
3,3,Spectrogram 1,1,1.208107394,1.407707746,902.7,11415.9,69975b6f5e4f81b22283,yongxing_2024-05-03-birdnet-16_38_54_01,4.226645833333333,0.199600352,True,audio/analysis_clips/yongxing_2024-05-03-birdnet-16_38_54_01.wav
4,4,Spectrogram 1,1,1.644142777,2.045028169,1061.9,9079.6,7395ef8e36c03462813a,yongxing_2024-05-03-birdnet-16_38_54_01,4.226645833333333,0.4008853919999999,True,audio/analysis_clips/yongxing_2024-05-03-birdnet-16_38_54_01.wav
5,5,Spectrogram 1,1,2.213650065,2.377695423,1115.0,8814.2,0a890b6fc6a77bfee447,yongxing_2024-05-03-birdnet-16_38_54_01,4.226645833333333,0.164045358,True,audio/analysis_clips/yongxing_2024-05-03-birdnet-16_38_54_01.wav
6,6,Spectrogram 1,1,2.780397887,2.955485915,1327.4,10354.0,dddcf49efe36f2127fea,yongxing_2024-05-03-birdnet-16_38_54_01,4.226645833333333,0.1750880280000002,True,audio/analysis_clips/yongxing_2024-05-03-birdnet-16_38_54_01.wav
7,7,Spectrogram 1,1,3.246132042,3.519269366,1805.3,9982.3,c5355e6e8daa907b6a26,yongxing_2024-05-03-birdnet-16_38_54_01,4.226645833333333,0.2731373239999999,True,audio/analysis_clips/yongxing_2024-05-03-birdnet-16_38_54_01.wav
8,8,Spectrogram 1,1,3.667860802,4.012041293,849.6,10938.1,56cfddaab92c6b3f286f,yongxing_2024-05-03-birdnet-16_38_54_01,4.226645833333333,0.3441804910000003,True,audio/analysis_clips/yongxing_2024-05-03-birdnet-16_38_54_01.wav
1,1,Spectrogram 1,1,0.172452663,0.520493493,592.0,9998.2,70e6acae1a6ca0902ddf,yongxing_2024-05-03-birdnet-16_38_54_02,7.569125,0.34804083,True,audio/analysis_clips/yongxing_2024-05-03-birdnet-16_38_54_02.wav
2,2,Spectrogram 1,1,0.680404144,0.97200592,0.0,10129.7,a6e484a7d3a93c01933c,yongxing_2024-05-03-birdnet-16_38_54_02,7.569125,0.2916017759999999,True,audio/analysis_clips/yongxing_2024-05-03-birdnet-16_38_54_02.wav
3,3,Spectrogram 1,1,1.131916572,1.379621306,394.7,10721.7,da047faed3ca8dd6c0ea,yongxing_2024-05-03-birdnet-16_38_54_02,7.569125,0.247704734,True,audio/analysis_clips/yongxing_2024-05-03-birdnet-16_38_54_02.wav
4,4,Spectrogram 1,1,1.740204148,2.107057995,0.0,10261.3,e937104289036289cbfa,yongxing_2024-05-03-birdnet-16_38_54_02,7.569125,0.366853847,True,audio/analysis_clips/yongxing_2024-05-03-birdnet-16_38_54_02.wav
5,5,Spectrogram 1,1,2.627551488,3.003811844,328.9,9932.4,8c7f5e00458a84cd9941,yongxing_2024-05-03-birdnet-16_38_54_02,7.569125,0.3762603559999999,True,audio/analysis_clips/yongxing_2024-05-03-birdnet-16_38_54_02.wav
6,6,Spectrogram 1,1,3.113554448,3.461595278,131.6,10655.9,906dffc49fd0b768d2f0,yongxing_2024-05-03-birdnet-16_38_54_02,7.569125,0.3480408299999999,True,audio/analysis_clips/yongxing_2024-05-03-birdnet-16_38_54_02.wav
7,7,Spectrogram 1,1,3.701595641,4.021416944,723.6,8156.4,dc128a92e63e09ab94c6,yongxing_2024-05-03-birdnet-16_38_54_02,7.569125,0.3198213030000003,True,audio/analysis_clips/yongxing_2024-05-03-birdnet-16_38_54_02.wav
8,8,Spectrogram 1,1,4.203276116,4.444709845,723.6,9406.2,508fd0873b63eb09044f,yongxing_2024-05-03-birdnet-16_38_54_02,7.569125,0.2414337290000006,True,audio/analysis_clips/yongxing_2024-05-03-birdnet-16_38_54_02.wav
9,9,Spectrogram 1,1,4.673601562,5.06240393,394.7,10458.6,3477925e537ece2cd503,yongxing_2024-05-03-birdnet-16_38_54_02,7.569125,0.3888023680000003,True,audio/analysis_clips/yongxing_2024-05-03-birdnet-16_38_54_02.wav
10,10,Spectrogram 1,1,5.328921682,5.611116949,592.0,9208.8,6b8849bd94a66015d531,yongxing_2024-05-03-birdnet-16_38_54_02,7.569125,0.2821952670000005,True,audio/analysis_clips/yongxing_2024-05-03-birdnet-16_38_54_02.wav
11,11,Spectrogram 1,1,5.78043411,5.959157779,1249.8,9077.3,3a5f8406b6cc53371d69,yongxing_2024-05-03-birdnet-16_38_54_02,7.569125,0.178723669,True,audio/analysis_clips/yongxing_2024-05-03-birdnet-16_38_54_02.wav
12,12,Spectrogram 1,1,6.184913993,6.495328786,0.0,8945.7,ca829daaaab11d5bebb2,yongxing_2024-05-03-birdnet-16_38_54_02,7.569125,0.3104147929999996,True,audio/analysis_clips/yongxing_2024-05-03-birdnet-16_38_54_02.wav
13,13,Spectrogram 1,1,6.711678491,7.044041806,197.3,9471.9,4f85d0ddd2f3ad331cb9,yongxing_2024-05-03-birdnet-16_38_54_02,7.569125,0.3323633150000002,True,audio/analysis_clips/yongxing_2024-05-03-birdnet-16_38_54_02.wav
14,14,Spectrogram 1,1,7.266662517,7.476741216,1052.4,8879.9,e345647f2f7eff02ea74,yongxing_2024-05-03-birdnet-16_38_54_02,7.569125,0.2100786989999994,True,audio/analysis_clips/yongxing_2024-05-03-birdnet-16_38_54_02.wav
1,1,Spectrogram 1,1,2.38918641,2.839683198,744.2,14697.7,bf5c26d27cdb3df807e7,yongxing_2024-05-04-birdnet-19_44_09,30.0,0.4504967879999997,True,audio/analysis_clips/yongxing_2024-05-04-birdnet-19_44_09.wav
2,2,Spectrogram 1,1,0.363504304,0.577878638,1209.3,10604.7,aaa882aba34d47cf3881,yongxing_2024-05-04-birdnet-19_44_09,30.0,0.2143743339999999,True,audio/analysis_clips/yongxing_2024-05-04-birdnet-19_44_09.wav
3,3,Spectrogram 1,1,0.829535464,1.019054802,1116.3,10604.7,0130c52e7df1d8325133,yongxing_2024-05-04-birdnet-19_44_09,30.0,0.1895193380000001,True,audio/analysis_clips/yongxing_2024-05-04-birdnet-19_44_09.wav
4,4,Spectrogram 1,1,1.118474783,1.323528493,930.2,10418.6,3146b6fbd7ccebd19adc,yongxing_2024-05-04-birdnet-19_44_09,30.0,0.20505371,True,audio/analysis_clips/yongxing_2024-05-04-birdnet-19_44_09.wav
5,5,Spectrogram 1,1,1.789559652,1.97907899,1209.3,14046.5,7f58beeb51929437db95,yongxing_2024-05-04-birdnet-19_44_09,30.0,0.1895193380000002,True,audio/analysis_clips/yongxing_2024-05-04-birdnet-19_44_09.wav
6,6,Spectrogram 1,1,2.268018309,2.392293285,1488.4,13302.3,1c26ecc46ff7408a3b77,yongxing_2024-05-04-birdnet-19_44_09,30.0,0.1242749760000001,True,audio/analysis_clips/yongxing_2024-05-04-birdnet-19_44_09.wav
7,7,Spectrogram 1,1,3.231149372,3.476592449,1302.3,14139.5,50ba5877d713e68760e5,yongxing_2024-05-04-birdnet-19_44_09,30.0,0.245443077,True,audio/analysis_clips/yongxing_2024-05-04-birdnet-19_44_09.wav
8,8,Spectrogram 1,1,3.698956029,3.894689116,1023.3,13209.3,8f7a70d02ab690d11456,yongxing_2024-05-04-birdnet-19_44_09,30.0,0.1957330869999998,True,audio/analysis_clips/yongxing_2024-05-04-birdnet-19_44_09.wav
9,9,Spectrogram 1,1,4.239552174,4.67451459,1302.3,14604.7,7187ccc5ea8e0c06f9d4,yongxing_2024-05-04-birdnet-19_44_09,30.0,0.4349624160000003,True,audio/analysis_clips/yongxing_2024-05-04-birdnet-19_44_09.wav
10,10,Spectrogram 1,1,5.36734758,5.743279382,1302.3,15069.8,0660ab9b1cf5b3a109ac,yongxing_2024-05-04-birdnet-19_44_09,30.0,0.3759318020000002,True,audio/analysis_clips/yongxing_2024-05-04-birdnet-19_44_09.wav
11,11,Spectrogram 1,1,8.19460328,8.567428208,279.1,15441.9,5ba793a84c2cbed99191,yongxing_2024-05-04-birdnet-19_44_09,30.0,0.372824928,True,audio/analysis_clips/yongxing_2024-05-04-birdnet-19_44_09.wav
12,12,Spectrogram 1,1,8.58296258,8.769375043,1116.3,12372.1,26d8453d1cd614659b37,yongxing_2024-05-04-birdnet-19_44_09,30.0,0.1864124629999999,True,audio/analysis_clips/yongxing_2024-05-04-birdnet-19_44_09.wav
13,13,Spectrogram 1,1,7.060594126,7.256327213,1395.3,13116.3,f78e0f2fafcac5a31878,yongxing_2024-05-04-birdnet-19_44_09,30.0,0.1957330869999998,True,audio/analysis_clips/yongxing_2024-05-04-birdnet-19_44_09.wav
14,14,Spectrogram 1,1,13.942320918,14.383497082,1116.3,15627.9,0bbca37fafd8b2e96a4b,yongxing_2024-05-04-birdnet-19_44_09,30.0,0.4411761639999998,True,audio/analysis_clips/yongxing_2024-05-04-birdnet-19_44_09.wav
15,15,Spectrogram 1,1,14.470489565,14.793604502,930.2,14976.7,542d95541addd67958cd,yongxing_2024-05-04-birdnet-19_44_09,30.0,0.3231149370000015,True,audio/analysis_clips/yongxing_2024-05-04-birdnet-19_44_09.wav
16,16,Spectrogram 1,1,12.615685551,12.876663,1488.4,14325.6,fc855eac675c4176ccfe,yongxing_2024-05-04-birdnet-19_44_09,30.0,0.2609774490000003,True,audio/analysis_clips/yongxing_2024-05-04-birdnet-19_44_09.wav
17,17,Spectrogram 1,1,19.1121599,19.562656688,1581.4,16186.0,bb1b4cd264188e2709cb,yongxing_2024-05-04-birdnet-19_44_09,30.0,0.4504967879999988,True,audio/analysis_clips/yongxing_2024-05-04-birdnet-19_44_09.wav
18,18,Spectrogram 1,1,20.789872074,21.203086369,930.2,15441.9,b35a6e529ad09cee2f35,yongxing_2024-05-04-birdnet-19_44_09,30.0,0.4132142949999995,True,audio/analysis_clips/yongxing_2024-05-04-birdnet-19_44_09.wav
19,19,Spectrogram 1,1,15.977323635,16.409179176,1395.3,14046.5,70f4990b8459dc28142d,yongxing_2024-05-04-birdnet-19_44_09,30.0,0.4318555409999991,True,audio/analysis_clips/yongxing_2024-05-04-birdnet-19_44_09.wav
20,20,Spectrogram 1,1,15.567216215,15.837514287,744.2,14232.6,f3e1723cb80ed45d23d8,yongxing_2024-05-04-birdnet-19_44_09,30.0,0.2702980719999992,True,audio/analysis_clips/yongxing_2024-05-04-birdnet-19_44_09.wav
21,22,Spectrogram 1,1,20.100145958,20.286558422,1302.3,12372.1,ae65dea469cfaecaa715,yongxing_2024-05-04-birdnet-19_44_09,30.0,0.186412464,True,audio/analysis_clips/yongxing_2024-05-04-birdnet-19_44_09.wav
22,23,Spectrogram 1,1,20.370444031,20.674917722,1116.3,14976.7,697897f24f23655b7d86,yongxing_2024-05-04-birdnet-19_44_09,30.0,0.3044736909999983,True,audio/analysis_clips/yongxing_2024-05-04-birdnet-19_44_09.wav
23,24,Spectrogram 1,1,25.00279376,25.524748659,1581.4,15720.9,182e5125c66cab4b134f,yongxing_2024-05-04-birdnet-19_44_09,30.0,0.5219548990000007,True,audio/analysis_clips/yongxing_2024-05-04-birdnet-19_44_09.wav
24,25,Spectrogram 1,1,24.210540789,24.676571949,930.2,15907.0,fabd9320936bdcde1e63,yongxing_2024-05-04-birdnet-19_44_09,30.0,0.46603116,True,audio/analysis_clips/yongxing_2024-05-04-birdnet-19_44_09.wav
25,26,Spectrogram 1,1,23.443142814,23.74450963,1860.5,15162.8,10d342e692d329a069f5,yongxing_2024-05-04-birdnet-19_44_09,30.0,0.301366815999998,True,audio/analysis_clips/yongxing_2024-05-04-birdnet-19_44_09.wav
26,27,Spectrogram 1,1,4.731769705,4.896434048,1488.4,13767.4,7b41c8ba77ef7ce5bdcd,yongxing_2024-05-04-birdnet-19_44_09,30.0,0.1646643430000001,True,audio/analysis_clips/yongxing_2024-05-04-birdnet-19_44_09.wav
27,28,Spectrogram 1,1,4.001654222,4.175639188,1209.3,10697.7,b25a1666e31f96c7e2f5,yongxing_2024-05-04-birdnet-19_44_09,30.0,0.1739849659999999,True,audio/analysis_clips/yongxing_2024-05-04-birdnet-19_44_09.wav
28,29,Spectrogram 1,1,5.011388401,5.340717087,1395.3,10511.6,3e78249a403089ad89c1,yongxing_2024-05-04-birdnet-19_44_09,30.0,0.3293286860000002,True,audio/analysis_clips/yongxing_2024-05-04-birdnet-19_44_09.wav
29,30,Spectrogram 1,1,5.778786376,5.999374458,930.2,12837.2,5dee3e10242a1a5ea3e7,yongxing_2024-05-04-birdnet-19_44_09,30.0,0.2205880819999999,True,audio/analysis_clips/yongxing_2024-05-04-birdnet-19_44_09.wav
30,31,Spectrogram 1,1,6.223069415,6.397054381,1860.5,8558.1,ca3bfe4735e1683aac80,yongxing_2024-05-04-birdnet-19_44_09,30.0,0.1739849659999999,True,audio/analysis_clips/yongxing_2024-05-04-birdnet-19_44_09.wav
31,32,Spectrogram 1,1,6.555504975,6.751238062,1581.4,12930.2,7f311423561aaa6c3a24,yongxing_2024-05-04-birdnet-19_44_09,30.0,0.1957330869999998,True,audio/analysis_clips/yongxing_2024-05-04-birdnet-19_44_09.wav
32,33,Spectrogram 1,1,6.81337555,6.971826144,2790.7,8093.0,80bebbe8ceddb76a1d5f,yongxing_2024-05-04-birdnet-19_44_09,30.0,0.1584505939999996,True,audio/analysis_clips/yongxing_2024-05-04-birdnet-19_44_09.wav
33,34,Spectrogram 1,1,7.888354096,8.140010922,1302.3,10604.7,37316617228495d4fc54,yongxing_2024-05-04-birdnet-19_44_09,30.0,0.2516568260000005,True,audio/analysis_clips/yongxing_2024-05-04-birdnet-19_44_09.wav
34,35,Spectrogram 1,1,7.667766014,7.832430357,1302.3,11534.9,123cb2cc61a7aa242153,yongxing_2024-05-04-birdnet-19_44_09,30.0,0.1646643430000001,True,audio/analysis_clips/yongxing_2024-05-04-birdnet-19_44_09.wav
35,36,Spectrogram 1,1,8.829737038,9.12799698,1395.3,15348.8,ccf67caa4f1c90425de2,yongxing_2024-05-04-birdnet-19_44_09,30.0,0.2982599420000014,True,audio/analysis_clips/yongxing_2024-05-04-birdnet-19_44_09.wav
36,37,Spectrogram 1,1,9.252271956,9.413829425,1302.3,13395.3,212a29535c4d9a3fc65e,yongxing_2024-05-04-birdnet-19_44_09,30.0,0.1615574689999999,True,audio/analysis_clips/yongxing_2024-05-04-birdnet-19_44_09.wav
37,38,Spectrogram 1,1,9.656609588,9.870983921,1302.3,12186.0,fb2d619cf52e8e85ff83,yongxing_2024-05-04-birdnet-19_44_09,30.0,0.2143743330000003,True,audio/analysis_clips/yongxing_2024-05-04-birdnet-19_44_09.wav
38,39,Spectrogram 1,1,9.914480163,10.113320124,1581.4,8372.1,8fa1d6b7e94a32304836,yongxing_2024-05-04-birdnet-19_44_09,30.0,0.1988399609999991,True,audio/analysis_clips/yongxing_2024-05-04-birdnet-19_44_09.wav
39,40,Spectrogram 1,1,13.565057578,13.776325037,1023.3,13581.4,417f641753cfbb719a72,yongxing_2024-05-04-birdnet-19_44_09,30.0,0.2112674590000001,True,audio/analysis_clips/yongxing_2024-05-04-birdnet-19_44_09.wav
40,41,Spectrogram 1,1,12.275704704,12.465224042,930.2,9674.4,dc78cd9d688d5ccd67c4,yongxing_2024-05-04-birdnet-19_44_09,30.0,0.1895193379999984,True,audio/analysis_clips/yongxing_2024-05-04-birdnet-19_44_09.wav
41,42,Spectrogram 1,1,11.952589767,12.129681607,1674.4,8465.1,461d278db5b55070833d,yongxing_2024-05-04-birdnet-19_44_09,30.0,0.177091840000001,True,audio/analysis_clips/yongxing_2024-05-04-birdnet-19_44_09.wav
42,43,Spectrogram 1,1,13.018247684,13.167377655,2232.6,8000.0,874250cb02303c59bda4,yongxing_2024-05-04-birdnet-19_44_09,30.0,0.1491299709999989,True,audio/analysis_clips/yongxing_2024-05-04-birdnet-19_44_09.wav
43,44,Spectrogram 1,1,15.015967926,15.211701013,1488.4,13116.3,1e5d10a09796e3ac2f37,yongxing_2024-05-04-birdnet-19_44_09,30.0,0.1957330870000007,True,audio/analysis_clips/yongxing_2024-05-04-birdnet-19_44_09.wav
44,45,Spectrogram 1,1,15.276945375,15.53481595,930.2,10976.7,1862a33f12a414c48a21,yongxing_2024-05-04-birdnet-19_44_09,30.0,0.2578705750000001,True,audio/analysis_clips/yongxing_2024-05-04-birdnet-19_44_09.wav
45,46,Spectrogram 1,1,17.992353597,18.253331047,1302.3,13767.4,682b6972259e6d5b19c4,yongxing_2024-05-04-birdnet-19_44_09,30.0,0.2609774499999986,True,audio/analysis_clips/yongxing_2024-05-04-birdnet-19_44_09.wav
46,47,Spectrogram 1,1,18.318575409,18.582659733,837.2,10511.6,71af2d1e725eb6cef4a5,yongxing_2024-05-04-birdnet-19_44_09,30.0,0.2640843239999988,True,audio/analysis_clips/yongxing_2024-05-04-birdnet-19_44_09.wav
47,48,Spectrogram 1,1,18.793927192,18.992767153,1209.3,10976.7,464d7ad4f72c0db0ee9e,yongxing_2024-05-04-birdnet-19_44_09,30.0,0.1988399609999973,True,audio/analysis_clips/yongxing_2024-05-04-birdnet-19_44_09.wav
48,49,Spectrogram 1,1,19.750844506,20.027356327,1302.3,14139.5,3f7f4977e529bd155165,yongxing_2024-05-04-birdnet-19_44_09,30.0,0.2765118209999997,True,audio/analysis_clips/yongxing_2024-05-04-birdnet-19_44_09.wav
49,50,Spectrogram 1,1,22.578100211,22.773833298,1767.4,14604.7,ded345fc7f46879b0319,yongxing_2024-05-04-birdnet-19_44_09,30.0,0.1957330870000007,True,audio/analysis_clips/yongxing_2024-05-04-birdnet-19_44_09.wav
1,1,Waveform 1,1,0.168145091,0.404793738,1411.8,13647.1,f11d1278ccf6aa3fa633,yongxing_2024-05-04-birdnet-19_44_39_01,3.758375,0.236648647,True,audio/analysis_clips/yongxing_2024-05-04-birdnet-19_44_39_01.wav
3,2,Waveform 1,1,0.498207677,0.837611658,1098.0,14823.5,49f47ef95df2063633b4,yongxing_2024-05-04-birdnet-19_44_39_01,3.758375,0.339403981,True,audio/analysis_clips/yongxing_2024-05-04-birdnet-19_44_39_01.wav
5,3,Waveform 1,1,1.292226163,1.743726871,1176.5,15058.8,323be6656a126a2cd056,yongxing_2024-05-04-birdnet-19_44_39_01,3.758375,0.451500708,True,audio/analysis_clips/yongxing_2024-05-04-birdnet-19_44_39_01.wav
7,4,Waveform 1,1,0.903001415,1.248632992,1411.8,15843.1,60358cf73ea7397175b9,yongxing_2024-05-04-birdnet-19_44_39_01,3.758375,0.3456315770000001,True,audio/analysis_clips/yongxing_2024-05-04-birdnet-19_44_39_01.wav
9,5,Waveform 1,1,1.886961578,2.101813639,862.7,14431.4,19e41bf79478d8034964,yongxing_2024-05-04-birdnet-19_44_39_01,3.758375,0.2148520609999999,True,audio/analysis_clips/yongxing_2024-05-04-birdnet-19_44_39_01.wav
11,6,Waveform 1,1,2.338462286,2.603135115,1176.5,13490.2,3758bf729f13f47d398b,yongxing_2024-05-04-birdnet-19_44_39_01,3.758375,0.2646728290000002,True,audio/analysis_clips/yongxing_2024-05-04-birdnet-19_44_39_01.wav
13,7,Waveform 1,1,2.7806216,3.095115196,1333.3,15137.3,14b3e46ea729a975190d,yongxing_2024-05-04-birdnet-19_44_39_01,3.758375,0.3144935960000001,True,audio/analysis_clips/yongxing_2024-05-04-birdnet-19_44_39_01.wav
15,8,Waveform 1,1,3.41272259,3.640029843,1254.9,14431.4,406fd6a75f4fd9f27742,yongxing_2024-05-04-birdnet-19_44_39_01,3.758375,0.2273072530000002,True,audio/analysis_clips/yongxing_2024-05-04-birdnet-19_44_39_01.wav
1,1,Spectrogram 1,1,0.078979871,0.504256097,1249.8,10195.5,5a70e640f0ab5aaf2140,yongxing_2024-07-18-birdnet-12_02_49,20.7408125,0.425276226,True,audio/analysis_clips/yongxing_2024-07-18-birdnet-12_02_49.wav
2,2,Spectrogram 1,1,0.650065089,0.999399132,986.7,9998.2,2c75a93ca3797df7948b,yongxing_2024-07-18-birdnet-12_02_49,20.7408125,0.3493340429999999,True,audio/analysis_clips/yongxing_2024-07-18-birdnet-12_02_49.wav
3,3,Spectrogram 1,1,1.066228253,1.385185423,920.9,8945.7,6a823559ba4988746fc8,yongxing_2024-07-18-birdnet-12_02_49,20.7408125,0.31895717,True,audio/analysis_clips/yongxing_2024-07-18-birdnet-12_02_49.wav
4,5,Spectrogram 1,1,2.275227811,2.472677488,1578.7,9603.5,1f3ba51c9028578a95a7,yongxing_2024-07-18-birdnet-12_02_49,20.7408125,0.1974496769999998,True,audio/analysis_clips/yongxing_2024-07-18-birdnet-12_02_49.wav
5,7,Spectrogram 1,1,2.645825665,2.967820523,1381.3,9537.7,3b89d0c8047fe0e71e8a,yongxing_2024-07-18-birdnet-12_02_49,20.7408125,0.321994858,True,audio/analysis_clips/yongxing_2024-07-18-birdnet-12_02_49.wav
6,8,Spectrogram 1,1,3.678639358,3.873051347,1841.8,9340.4,b3a9589d9ddae7a9d74f,yongxing_2024-07-18-birdnet-12_02_49,20.7408125,0.1944119890000002,True,audio/analysis_clips/yongxing_2024-07-18-birdnet-12_02_49.wav
7,9,Spectrogram 1,1,4.471475751,4.778282172,1315.5,9932.4,1947b16d62cbe11b6def,yongxing_2024-07-18-birdnet-12_02_49,20.7408125,0.3068064210000001,True,audio/analysis_clips/yongxing_2024-07-18-birdnet-12_02_49.wav
8,10,Spectrogram 1,1,5.419234199,5.795907428,1381.3,10129.7,1af36529b45384a9694f,yongxing_2024-07-18-birdnet-12_02_49,20.7408125,0.3766732289999996,True,audio/analysis_clips/yongxing_2024-07-18-birdnet-12_02_49.wav
9,11,Spectrogram 1,1,6.351804209,7.02313311,1118.2,8879.9,9cff0db6ba5433898220,yongxing_2024-07-18-birdnet-12_02_49,20.7408125,0.6713289009999999,True,audio/analysis_clips/yongxing_2024-07-18-birdnet-12_02_49.wav
10,12,Spectrogram 1,1,7.524351521,8.071135241,1052.4,9208.8,0eb831cf132f52cbd9e5,yongxing_2024-07-18-birdnet-12_02_49,20.7408125,0.5467837200000005,True,audio/analysis_clips/yongxing_2024-07-18-birdnet-12_02_49.wav
11,13,Spectrogram 1,1,8.496411467,8.81233095,789.3,9208.8,1f5d2c1421a44ae04b55,yongxing_2024-07-18-birdnet-12_02_49,20.7408125,0.315919483,True,audio/analysis_clips/yongxing_2024-07-18-birdnet-12_02_49.wav
12,14,Spectrogram 1,1,8.882197758,9.267984049,920.9,9735.1,b55bb956ee2167745294,yongxing_2024-07-18-birdnet-12_02_49,20.7408125,0.3857862910000005,True,audio/analysis_clips/yongxing_2024-07-18-birdnet-12_02_49.wav
13,15,Spectrogram 1,1,10.082084254,10.407116798,1315.5,9340.4,58de1704e644a6c5c85a,yongxing_2024-07-18-birdnet-12_02_49,20.7408125,0.3250325440000008,True,audio/analysis_clips/yongxing_2024-07-18-birdnet-12_02_49.wav
14,16,Spectrogram 1,1,11.181727068,11.746736911,1184.0,9077.3,85c33f60704650d61730,yongxing_2024-07-18-birdnet-12_02_49,20.7408125,0.5650098429999986,True,audio/analysis_clips/yongxing_2024-07-18-birdnet-12_02_49.wav
15,17,Spectrogram 1,1,11.895583591,12.448442685,1052.4,10655.9,749256a5e7491b0dd022,yongxing_2024-07-18-birdnet-12_02_49,20.7408125,0.5528590940000004,True,audio/analysis_clips/yongxing_2024-07-18-birdnet-12_02_49.wav
16,20,Spectrogram 1,1,12.882831975,13.247354455,986.7,9603.5,c339628a548787445461,yongxing_2024-07-18-birdnet-12_02_49,20.7408125,0.3645224799999997,True,audio/analysis_clips/yongxing_2024-07-18-birdnet-12_02_49.wav
17,21,Spectrogram 1,1,13.356711199,13.563273937,1118.2,8024.8,023d5dbdaed476f680b3,yongxing_2024-07-18-birdnet-12_02_49,20.7408125,0.2065627380000005,True,audio/analysis_clips/yongxing_2024-07-18-birdnet-12_02_49.wav
18,22,Spectrogram 1,1,13.630103059,14.176886778,1249.8,9669.3,7d58c4f62352a7f2dfe2,yongxing_2024-07-18-birdnet-12_02_49,20.7408125,0.5467837190000004,True,audio/analysis_clips/yongxing_2024-07-18-birdnet-12_02_49.wav
19,23,Spectrogram 1,1,14.644690627,14.984911608,920.9,9274.6,89af621cdb332d61ac0f,yongxing_2024-07-18-birdnet-12_02_49,20.7408125,0.3402209810000016,True,audio/analysis_clips/yongxing_2024-07-18-birdnet-12_02_49.wav
20,24,Spectrogram 1,1,15.082548101,15.632369508,394.7,11379.5,90c25f7cbbeb58df63c6,yongxing_2024-07-18-birdnet-12_02_49,20.7408125,0.5498214069999996,True,audio/analysis_clips/yongxing_2024-07-18-birdnet-12_02_49.wav
21,25,Spectrogram 1,1,15.996891988,16.397866715,1381.3,10327.0,ae93536dad35fa6f2f1b,yongxing_2024-07-18-birdnet-12_02_49,20.7408125,0.4009747269999995,True,audio/analysis_clips/yongxing_2024-07-18-birdnet-12_02_49.wav
22,26,Spectrogram 1,1,16.504185772,16.756313821,1447.1,9011.5,987d428d267b96941afa,yongxing_2024-07-18-birdnet-12_02_49,20.7408125,0.2521280489999995,True,audio/analysis_clips/yongxing_2024-07-18-birdnet-12_02_49.wav
23,27,Spectrogram 1,1,16.908198187,17.230193044,1512.9,9340.4,95c90d10fe05535370f0,yongxing_2024-07-18-birdnet-12_02_49,20.7408125,0.3219948569999999,True,audio/analysis_clips/yongxing_2024-07-18-birdnet-12_02_49.wav
24,28,Spectrogram 1,1,17.652431583,17.858994322,1381.3,7893.3,4b60d103167099d78017,yongxing_2024-07-18-birdnet-12_02_49,20.7408125,0.2065627390000024,True,audio/analysis_clips/yongxing_2024-07-18-birdnet-12_02_49.wav
26,32,Spectrogram 1,1,17.977464128,18.171876117,1907.5,9998.2,30cc5171f38c1626eb38,yongxing_2024-07-18-birdnet-12_02_49,20.7408125,0.1944119889999989,True,audio/analysis_clips/yongxing_2024-07-18-birdnet-12_02_49.wav
27,33,Spectrogram 1,1,18.299458985,18.633604591,986.7,9471.9,742eff3e5a0a1a1bda23,yongxing_2024-07-18-birdnet-12_02_49,20.7408125,0.3341456059999999,True,audio/analysis_clips/yongxing_2024-07-18-birdnet-12_02_49.wav
28,34,Spectrogram 1,1,19.177350623,19.362649551,1447.1,7432.8,705297a55e145f54e003,yongxing_2024-07-18-birdnet-12_02_49,20.7408125,0.1852989280000017,True,audio/analysis_clips/yongxing_2024-07-18-birdnet-12_02_49.wav
29,35,Spectrogram 1,1,19.438591736,19.985375455,1447.1,10655.9,ffd5f3708e37380aaf99,yongxing_2024-07-18-birdnet-12_02_49,20.7408125,0.5467837190000004,True,audio/analysis_clips/yongxing_2024-07-18-birdnet-12_02_49.wav
30,36,Spectrogram 1,1,20.182825132,20.671892792,789.3,9998.2,23fd57adeda8e553177a,yongxing_2024-07-18-birdnet-12_02_49,20.7408125,0.4890676599999999,True,audio/analysis_clips/yongxing_2024-07-18-birdnet-12_02_49.wav
1,1,Spectrogram 1,1,11.393956797,11.750583998,1209.3,13767.4,8db49a530fc42c7613f3,yongxing_2024-07-18-birdnet-16_11_23_01,14.468895833333333,0.3566272010000002,True,audio/analysis_clips/yongxing_2024-07-18-birdnet-16_11_23_01.wav
2,2,Spectrogram 1,1,11.963361571,12.176139145,1395.3,12372.1,749d63b43d77de9b0620,yongxing_2024-07-18-birdnet-16_11_23_01,14.468895833333333,0.2127775740000004,True,audio/analysis_clips/yongxing_2024-07-18-birdnet-16_11_23_01.wav
3,3,Spectrogram 1,1,12.296013834,12.508791408,1488.4,14139.5,ee764d3b57828743f421,yongxing_2024-07-18-birdnet-16_11_23_01,14.468895833333333,0.2127775740000004,True,audio/analysis_clips/yongxing_2024-07-18-birdnet-16_11_23_01.wav
4,4,Spectrogram 1,1,12.835449936,13.021255705,1674.4,13302.3,637cdea81c9590d5a283,yongxing_2024-07-18-birdnet-16_11_23_01,14.468895833333333,0.1858057689999999,True,audio/analysis_clips/yongxing_2024-07-18-birdnet-16_11_23_01.wav
5,5,Spectrogram 1,1,13.204064606,13.63261662,465.1,12558.1,c620f30448e4a87ab786,yongxing_2024-07-18-birdnet-16_11_23_01,14.468895833333333,0.428552014000001,True,audio/analysis_clips/yongxing_2024-07-18-birdnet-16_11_23_01.wav
6,6,Spectrogram 1,1,13.072202448,13.195074004,930.2,12465.1,368f987cac9469f027b2,yongxing_2024-07-18-birdnet-16_11_23_01,14.468895833333333,0.1228715559999997,True,audio/analysis_clips/yongxing_2024-07-18-birdnet-16_11_23_01.wav
7,7,Spectrogram 1,1,13.893344069,14.097131041,1116.3,10139.5,4dab8b6b36efe4102880,yongxing_2024-07-18-birdnet-16_11_23_01,14.468895833333333,0.2037869720000014,True,audio/analysis_clips/yongxing_2024-07-18-birdnet-16_11_23_01.wav
8,8,Spectrogram 1,1,14.118109112,14.33688042,1302.3,12372.1,2c03abfaff83ba34a2a6,yongxing_2024-07-18-birdnet-16_11_23_01,14.468895833333333,0.2187713079999991,True,audio/analysis_clips/yongxing_2024-07-18-birdnet-16_11_23_01.wav
9,9,Spectrogram 1,1,7.54597927,7.731785039,1953.5,8651.2,d71c54fefb59d951b615,yongxing_2024-07-18-birdnet-16_11_23_01,14.468895833333333,0.1858057689999999,True,audio/analysis_clips/yongxing_2024-07-18-birdnet-16_11_23_01.wav
10,10,Spectrogram 1,1,8.031471762,8.202293194,1209.3,10511.6,23e3e9bb4e006187884a,yongxing_2024-07-18-birdnet-16_11_23_01,14.468895833333333,0.1708214319999985,True,audio/analysis_clips/yongxing_2024-07-18-birdnet-16_11_23_01.wav
11,11,Spectrogram 1,1,8.454030042,8.681791952,1581.4,12372.1,d340e8a24d7c1c276684,yongxing_2024-07-18-birdnet-16_11_23_01,14.468895833333333,0.2277619099999999,True,audio/analysis_clips/yongxing_2024-07-18-birdnet-16_11_23_01.wav
12,12,Spectrogram 1,1,8.906556994,9.09535963,1023.3,8558.1,00d4e55e0551d91bae66,yongxing_2024-07-18-birdnet-16_11_23_01,14.468895833333333,0.1888026360000001,True,audio/analysis_clips/yongxing_2024-07-18-birdnet-16_11_23_01.wav
13,13,Spectrogram 1,1,9.368074548,9.604827059,1395.3,10325.6,fd926c237ab7cd224b5a,yongxing_2024-07-18-birdnet-16_11_23_01,14.468895833333333,0.2367525110000006,True,audio/analysis_clips/yongxing_2024-07-18-birdnet-16_11_23_01.wav
14,14,Spectrogram 1,1,9.628801997,9.838582703,1488.4,9581.4,efffd1dd156630018ba0,yongxing_2024-07-18-birdnet-16_11_23_01,14.468895833333333,0.2097807060000001,True,audio/analysis_clips/yongxing_2024-07-18-birdnet-16_11_23_01.wav
15,15,Spectrogram 1,1,9.985429198,10.168238099,1581.4,9581.4,9008e7020d3d25452bad,yongxing_2024-07-18-birdnet-16_11_23_01,14.468895833333333,0.1828089009999995,True,audio/analysis_clips/yongxing_2024-07-18-birdnet-16_11_23_01.wav
16,16,Spectrogram 1,1,10.321078328,10.57880891,1395.3,13395.3,04be75e82a3a7ea68d85,yongxing_2024-07-18-birdnet-16_11_23_01,14.468895833333333,0.2577305819999989,True,audio/analysis_clips/yongxing_2024-07-18-birdnet-16_11_23_01.wav
17,17,Spectrogram 1,1,10.817500395,11.003306164,1116.3,12093.0,5a998cc98c0a688e5039,yongxing_2024-07-18-birdnet-16_11_23_01,14.468895833333333,0.1858057689999999,True,audio/analysis_clips/yongxing_2024-07-18-birdnet-16_11_23_01.wav
18,18,Spectrogram 1,1,11.150152658,11.29999602,1581.4,10325.6,fabfcbbd8b88857e7c7e,yongxing_2024-07-18-birdnet-16_11_23_01,14.468895833333333,0.1498433620000003,True,audio/analysis_clips/yongxing_2024-07-18-birdnet-16_11_23_01.wav
1,1,Spectrogram 1,1,0.086832022,0.349498887,1116.3,11069.8,7efda0d433c2d2997882,yongxing_2024-07-18-birdnet-16_11_23_01_01,5.240333333333333,0.2626668649999999,True,audio/analysis_clips/yongxing_2024-07-18-birdnet-16_11_23_01_01.wav
2,2,Spectrogram 1,1,0.390744097,0.581774544,1023.3,12744.2,0707a7a65903a7458740,yongxing_2024-07-18-birdnet-16_11_23_01_01,5.240333333333333,0.1910304469999999,True,audio/analysis_clips/yongxing_2024-07-18-birdnet-16_11_23_01_01.wav
3,3,Spectrogram 1,1,0.768463391,0.948639835,837.2,10604.7,886a3329491ca4972023,yongxing_2024-07-18-birdnet-16_11_23_01_01,5.240333333333333,0.180176444,True,audio/analysis_clips/yongxing_2024-07-18-birdnet-16_11_23_01_01.wav
4,4,Spectrogram 1,1,1.08974187,1.304651124,1116.3,13395.3,f5574ef6f465151233f9,yongxing_2024-07-18-birdnet-16_11_23_01_01,5.240333333333333,0.2149092540000001,True,audio/analysis_clips/yongxing_2024-07-18-birdnet-16_11_23_01_01.wav
5,5,Spectrogram 1,1,1.597709196,1.784398043,930.2,12651.2,dba978f6cc78e18143ed,yongxing_2024-07-18-birdnet-16_11_23_01_01,5.240333333333333,0.1866888469999998,True,audio/analysis_clips/yongxing_2024-07-18-birdnet-16_11_23_01_01.wav
6,6,Spectrogram 1,1,1.921158477,2.034040105,1674.4,8744.2,021e691f8b98b0097138,yongxing_2024-07-18-birdnet-16_11_23_01_01,5.240333333333333,0.1128816279999997,True,audio/analysis_clips/yongxing_2024-07-18-birdnet-16_11_23_01_01.wav
7,7,Spectrogram 1,1,2.168629738,2.511616223,930.2,11907.0,d1eec3a3ca7a841b41dd,yongxing_2024-07-18-birdnet-16_11_23_01_01,5.240333333333333,0.3429864849999999,True,audio/analysis_clips/yongxing_2024-07-18-birdnet-16_11_23_01_01.wav
8,8,Spectrogram 1,1,2.735208679,2.94360553,1674.4,10511.6,ce77800e761ea476672a,yongxing_2024-07-18-birdnet-16_11_23_01_01,5.240333333333333,0.2083968510000002,True,audio/analysis_clips/yongxing_2024-07-18-birdnet-16_11_23_01_01.wav
9,9,Spectrogram 1,1,3.058657959,3.254030007,1767.4,14232.6,142f310e97b28f68554e,yongxing_2024-07-18-birdnet-16_11_23_01_01,5.240333333333333,0.1953720479999998,True,audio/analysis_clips/yongxing_2024-07-18-birdnet-16_11_23_01_01.wav
10,10,Spectrogram 1,1,3.612212096,3.807584145,1674.4,11534.9,b5bfc4e297ce5e96ce24,yongxing_2024-07-18-birdnet-16_11_23_01_01,5.240333333333333,0.1953720489999999,True,audio/analysis_clips/yongxing_2024-07-18-birdnet-16_11_23_01_01.wav
11,11,Spectrogram 1,1,3.981248188,4.395871091,1116.3,12558.1,57cb88886763f2a5cd03,yongxing_2024-07-18-birdnet-16_11_23_01_01,5.240333333333333,0.4146229030000001,True,audio/analysis_clips/yongxing_2024-07-18-birdnet-16_11_23_01_01.wav
12,12,Spectrogram 1,1,4.671562759,4.873447209,1302.3,9023.3,9f4527334d44799492a4,yongxing_2024-07-18-birdnet-16_11_23_01_01,5.240333333333333,0.2018844499999996,True,audio/analysis_clips/yongxing_2024-07-18-birdnet-16_11_23_01_01.wav
13,13,Spectrogram 1,1,4.882130411,5.092698063,1674.4,11348.8,31d5d47532d391bca092,yongxing_2024-07-18-birdnet-16_11_23_01_01,5.240333333333333,0.2105676519999999,True,audio/analysis_clips/yongxing_2024-07-18-birdnet-16_11_23_01_01.wav
14,15,Spectrogram 1,1,4.610780344,5.084014861,0.0,14790.7,14ede6598c95a1140f65,yongxing_2024-07-18-birdnet-16_11_23_01_01,5.240333333333333,0.4732345169999998,True,audio/analysis_clips/yongxing_2024-07-18-birdnet-16_11_23_01_01.wav
1,1,Spectrogram 1,1,0.112144452,0.302302437,651.2,11627.9,b54d01b66fd849dc4440,yongxing_2024-07-18-birdnet-16_11_53_01,5.885166666666667,0.1901579849999999,True,audio/analysis_clips/yongxing_2024-07-18-birdnet-16_11_53_01.wav
2,2,Spectrogram 1,1,0.341309203,0.538780957,1395.3,14046.5,815234414b9351a5de95,yongxing_2024-07-18-birdnet-16_11_53_01,5.885166666666667,0.1974717539999999,True,audio/analysis_clips/yongxing_2024-07-18-birdnet-16_11_53_01.wav
3,3,Spectrogram 1,1,0.733814787,0.992234614,1116.3,12093.0,46350b808d48f080acb5,yongxing_2024-07-18-birdnet-16_11_53_01,5.885166666666667,0.258419827,True,audio/analysis_clips/yongxing_2024-07-18-birdnet-16_11_53_01.wav
4,4,Spectrogram 1,1,1.077561913,1.413995271,1023.3,13395.3,61fe0efe7851d853ec6a,yongxing_2024-07-18-birdnet-16_11_53_01,5.885166666666667,0.336433358,True,audio/analysis_clips/yongxing_2024-07-18-birdnet-16_11_53_01.wav
5,5,Spectrogram 1,1,1.482257111,1.750428628,744.2,12093.0,fb96e524166a09a235c3,yongxing_2024-07-18-birdnet-16_11_53_01,5.885166666666667,0.2681715170000001,True,audio/analysis_clips/yongxing_2024-07-18-birdnet-16_11_53_01.wav
6,6,Spectrogram 1,1,1.928396998,2.186816824,1116.3,11255.8,63f5713acaedbfca6eb8,yongxing_2024-07-18-birdnet-16_11_53_01,5.885166666666667,0.2584198260000001,True,audio/analysis_clips/yongxing_2024-07-18-birdnet-16_11_53_01.wav
7,7,Spectrogram 1,1,2.257516587,2.498870952,1302.3,12093.0,51d0df3f614c94d4ce8b,yongxing_2024-07-18-birdnet-16_11_53_01,5.885166666666667,0.2413543649999998,True,audio/analysis_clips/yongxing_2024-07-18-birdnet-16_11_53_01.wav
8,8,Spectrogram 1,1,2.693904783,3.220496126,1023.3,10325.6,c9fc53cd7560b1da07ab,yongxing_2024-07-18-birdnet-16_11_53_01,5.885166666666667,0.5265913430000002,True,audio/analysis_clips/yongxing_2024-07-18-birdnet-16_11_53_01.wav
9,9,Spectrogram 1,1,3.337516425,3.63006717,1395.3,11255.8,37b8aa8640c6c97b235f,yongxing_2024-07-18-birdnet-16_11_53_01,5.885166666666667,0.2925507449999998,True,audio/analysis_clips/yongxing_2024-07-18-birdnet-16_11_53_01.wav
10,10,Spectrogram 1,1,3.737335777,4.085958749,1116.3,12837.2,9b3537622943758c36db,yongxing_2024-07-18-birdnet-16_11_53_01,5.885166666666667,0.3486229719999993,True,audio/analysis_clips/yongxing_2024-07-18-birdnet-16_11_53_01.wav
11,11,Spectrogram 1,1,4.280992579,4.758825464,1209.3,10046.5,f95a012cf3b16344d00a,yongxing_2024-07-18-birdnet-16_11_53_01,5.885166666666667,0.4778328849999997,True,audio/analysis_clips/yongxing_2024-07-18-birdnet-16_11_53_01.wav
12,12,Spectrogram 1,1,4.946545526,5.204965351,1488.4,13488.4,524e0dce7ea66a784b02,yongxing_2024-07-18-birdnet-16_11_53_01,5.885166666666667,0.2584198249999998,True,audio/analysis_clips/yongxing_2024-07-18-birdnet-16_11_53_01.wav
13,13,Spectrogram 1,1,5.399999182,5.575529629,1488.4,12093.0,7b314300cc927fe63cf6,yongxing_2024-07-18-birdnet-16_11_53_01,5.885166666666667,0.1755304469999998,True,audio/analysis_clips/yongxing_2024-07-18-birdnet-16_11_53_01.wav
